requirement_id,id_number,summary,text,context,verification,actor,conformance,conditional,source
REQ-001,1,USCoreCareplanStatus SearchParameter shall not be used for search,"""It SHALL NOT be used as a search parameter for search.""","The USCoreCareplanStatus SearchParameter is defined only to document Server and Client expectations and uses conformance expectation extensions, but must not be used as an actual search parameter",Test,Servers and Clients,SHALL NOT,False,SearchParameter-us-core-careplan-status.md
REQ-002,2,Servers and Clients should use standard FHIR SearchParameter for care plan status,"""Servers and Clients SHOULD use the standard FHIR SearchParameter.""","When implementing search functionality for care plan status, the standard FHIR SearchParameter should be used instead of the US Core specific one",Test,Servers and Clients,SHOULD,False,SearchParameter-us-core-careplan-status.md
REQ-003,3,USCorePatientFamily SearchParameter shall not be used for search,"""It SHALL NOT be used as a search parameter for search.""","The USCorePatientFamily SearchParameter is defined only to document Server and Client expectations and uses conformance expectation extensions, but must not be used as an actual search parameter",Test,Servers and Clients,SHALL NOT,False,SearchParameter-us-core-patient-family.md
REQ-004,4,Servers and Clients should use standard FHIR SearchParameter for patient family name,"""Servers and Clients SHOULD use the standard FHIR SearchParameter.""","When implementing search functionality for patient family name, the standard FHIR SearchParameter should be used instead of the US Core specific one",Test,Servers and Clients,SHOULD,False,SearchParameter-us-core-patient-family.md
REQ-005,5,DiagnosticReport status search parameter shall support multiple OR values,"""multipleOr : True (Conformance Expectation = SHALL)""",The USCoreDiagnosticreportStatus search parameter must support multiple OR values when searching for DiagnosticReport resources by status.,Test,FHIR implementations supporting USCoreDiagnosticreportStatus,SHALL,False,SearchParameter-us-core-diagnosticreport-status.md
REQ-006,6,MedicationDispense type search parameter shall support multiple OR values,"""multipleOr : True (Conformance Expectation = SHALL)""",The USCoreMedicationdispenseType search parameter must support multiple OR values when searching for MedicationDispense resources by type.,Test,FHIR implementations supporting USCoreMedicationdispenseType,SHALL,False,SearchParameter-us-core-medicationdispense-type.md
REQ-007,7,DocumentReference status search SHALL support multiple OR values,"""multipleOr : True (Conformance Expectation = SHALL)""",US Core DocumentReference status SearchParameter conformance expectations for supporting multiple OR search values,Test,Servers implementing US Core DocumentReference SearchParameter,SHALL,False,SearchParameter us-core-documentreference-status
REQ-008,8,DocumentReference status search MAY support multiple AND values,"""multipleAnd : True ( Conformance Expectation = MAY)""",US Core DocumentReference status SearchParameter conformance expectations for supporting multiple AND search values,Test,Servers implementing US Core DocumentReference SearchParameter,MAY,False,SearchParameter us-core-documentreference-status
REQ-009,9,RelatedPerson patient search MAY support multiple OR values,"""multipleOr : True (Conformance Expectation = MAY)""",US Core RelatedPerson patient SearchParameter conformance expectations for supporting multiple OR search values,Test,Servers implementing US Core RelatedPerson SearchParameter,MAY,False,SearchParameter us-core-relatedperson-patient
REQ-010,10,RelatedPerson patient search MAY support multiple AND values,"""multipleAnd : True ( Conformance Expectation = MAY)""",US Core RelatedPerson patient SearchParameter conformance expectations for supporting multiple AND search values,Test,Servers implementing US Core RelatedPerson SearchParameter,MAY,False,SearchParameter us-core-relatedperson-patient
REQ-011,11,Encounter type search MAY support multiple OR values,"""multipleOr : True (Conformance Expectation = MAY)""",US Core Encounter type SearchParameter conformance expectations for supporting multiple OR search values,Test,Servers implementing US Core Encounter SearchParameter,MAY,False,SearchParameter us-core-encounter-type
REQ-012,12,Encounter type search MAY support multiple AND values,"""multipleAnd : True ( Conformance Expectation = MAY)""",US Core Encounter type SearchParameter conformance expectations for supporting multiple AND search values,Test,Servers implementing US Core Encounter SearchParameter,MAY,False,SearchParameter us-core-encounter-type
REQ-013,13,Condition clinical status search MAY support multiple OR values,"""multipleOr : True (Conformance Expectation = MAY)""",US Core Condition clinical status SearchParameter conformance expectations for supporting multiple OR search values,Test,Servers implementing US Core Condition SearchParameter,MAY,False,SearchParameter us-core-condition-clinical-status
REQ-014,14,Condition clinical status search MAY support multiple AND values,"""multipleAnd : True ( Conformance Expectation = MAY)""",US Core Condition clinical status SearchParameter conformance expectations for supporting multiple AND search values,Test,Servers implementing US Core Condition SearchParameter,MAY,False,SearchParameter us-core-condition-clinical-status
REQ-015,15,MedicationRequest status search shall support multiple OR values,"""multipleOr : True (Conformance Expectation = SHALL)""","For the USCoreMedicationrequestStatus SearchParameter, when implementing the corresponding standard FHIR SearchParameter, multiple OR values must be supported for status searches",Test,FHIR Servers implementing MedicationRequest status search,SHALL,False,Section 14.71 SearchParameter: USCoreMedicationrequestStatus
REQ-016,16,MedicationDispense status search shall support multiple OR values,"""multipleOr : True (Conformance Expectation = SHALL)""","For the USCoreMedicationdispenseStatus SearchParameter, when implementing the corresponding standard FHIR SearchParameter, multiple OR values must be supported for status searches",Test,FHIR Servers implementing MedicationDispense status search,SHALL,False,Section 14.65 SearchParameter: USCoreMedicationdispenseStatus
REQ-017,17,US Core Condition Code SearchParameter SHALL NOT be used for search,"""It SHALL NOT be used as a search parameter for search.""","The USCoreConditionCode SearchParameter is defined only to document Server and Client expectations and uses conformance expectation extensions, but is not intended for actual search operations",Test,Servers and Clients,SHALL NOT,False,Section 14.18 SearchParameter: USCoreConditionCode
REQ-018,18,Servers and Clients SHOULD use standard FHIR SearchParameter instead of US Core Condition Code,"""Servers and Clients SHOULD use the standard FHIR SearchParameter.""","When searching for condition codes, implementations should use the standard FHIR SearchParameter rather than the US Core specific one",Test,Servers and Clients,SHOULD,False,Section 14.18 SearchParameter: USCoreConditionCode
REQ-019,19,US Core Procedure Code SearchParameter SHALL NOT be used for search,"""It SHALL NOT be used as a search parameter for search.""","The USCoreProcedureCode SearchParameter is defined only to document Server and Client expectations and uses conformance expectation extensions, but is not intended for actual search operations",Test,Servers and Clients,SHALL NOT,False,Section 14.92 SearchParameter: USCoreProcedureCode
REQ-020,20,Servers and Clients SHOULD use standard FHIR SearchParameter instead of US Core Procedure Code,"""Servers and Clients SHOULD use the standard FHIR SearchParameter.""","When searching for procedure codes, implementations should use the standard FHIR SearchParameter rather than the US Core specific one",Test,Servers and Clients,SHOULD,False,Section 14.92 SearchParameter: USCoreProcedureCode
REQ-021,21,US Core Observation Code SearchParameter SHALL NOT be used for search,"""It SHALL NOT be used as a search parameter for search.""","The USCoreObservationCode SearchParameter is defined only to document Server and Client expectations and uses conformance expectation extensions, but is not intended for actual search operations",Test,Servers and Clients,SHALL NOT,False,Section 14.73 SearchParameter: USCoreObservationCode
REQ-022,22,Servers and Clients SHOULD use standard FHIR SearchParameter instead of US Core Observation Code,"""Servers and Clients SHOULD use the standard FHIR SearchParameter.""","When searching for observation codes, implementations should use the standard FHIR SearchParameter rather than the US Core specific one",Test,Servers and Clients,SHOULD,False,Section 14.73 SearchParameter: USCoreObservationCode
REQ-023,23,US Core ServiceRequest Code SearchParameter SHALL NOT be used for search,"""It SHALL NOT be used as a search parameter for search.""","The USCoreServicerequestCode SearchParameter is defined only to document Server and Client expectations and uses conformance expectation extensions, but is not intended for actual search operations",Test,Servers and Clients,SHALL NOT,False,Section 14.107 SearchParameter: USCoreServicerequestCode
REQ-024,24,Servers and Clients SHOULD use standard FHIR SearchParameter instead of US Core ServiceRequest Code,"""Servers and Clients SHOULD use the standard FHIR SearchParameter.""","When searching for service request codes, implementations should use the standard FHIR SearchParameter rather than the US Core specific one",Test,Servers and Clients,SHOULD,False,Section 14.107 SearchParameter: USCoreServicerequestCode
REQ-025,25,Servers and Clients SHOULD use standard FHIR SearchParameter for PractitionerRole practitioner search,"""Servers and Clients SHOULD use the standard FHIR SearchParameter.""","Instead of using the USCorePractitionerrolePractitioner SearchParameter for search operations, implementations should use the standard FHIR SearchParameter that this US Core parameter is derived from.",Test,Servers and Clients,SHOULD,False,SearchParameter-us-core-practitionerrole-practitioner.md
REQ-026,26,US Core Condition asserted-date search SHALL support gt comparator,"""comparator : gt ( Conformance Expectation = SHALL)""","The USCoreConditionAssertedDate SearchParameter returns conditions with an assertedDate extension matching the specified date, and must support greater than comparison operations.",Test,FHIR Server,SHALL,False,SearchParameter-us-core-condition-asserted-date.md
REQ-027,27,US Core Condition asserted-date search SHALL support ge comparator,"""comparator : ge ( Conformance Expectation = SHALL)""","The USCoreConditionAssertedDate SearchParameter returns conditions with an assertedDate extension matching the specified date, and must support greater than or equal comparison operations.",Test,FHIR Server,SHALL,False,SearchParameter-us-core-condition-asserted-date.md
REQ-028,28,US Core Condition asserted-date search SHALL support lt comparator,"""comparator : lt ( Conformance Expectation = SHALL)""","The USCoreConditionAssertedDate SearchParameter returns conditions with an assertedDate extension matching the specified date, and must support less than comparison operations.",Test,FHIR Server,SHALL,False,SearchParameter-us-core-condition-asserted-date.md
REQ-029,29,US Core Condition asserted-date search SHALL support le comparator,"""comparator : le ( Conformance Expectation = SHALL)""","The USCoreConditionAssertedDate SearchParameter returns conditions with an assertedDate extension matching the specified date, and must support less than or equal comparison operations.",Test,FHIR Server,SHALL,False,SearchParameter-us-core-condition-asserted-date.md
REQ-030,30,US Core PractitionerRole practitioner search SHALL support identifier chain,"""chain : identifier (Conformance Expectation = SHALL)""","The USCorePractitionerrolePractitioner SearchParameter documents expectations for chaining searches, requiring support for searching PractitionerRole by practitioner identifier.",Test,FHIR Server,SHALL,False,SearchParameter-us-core-practitionerrole-practitioner.md
REQ-031,31,US Core PractitionerRole practitioner search SHALL support name chain,"""chain : name (Conformance Expectation = SHALL)""","The USCorePractitionerrolePractitioner SearchParameter documents expectations for chaining searches, requiring support for searching PractitionerRole by practitioner name.",Test,FHIR Server,SHALL,False,SearchParameter-us-core-practitionerrole-practitioner.md
REQ-032,32,US Core Goal Target Date SearchParameter SHALL NOT be used for search,"""It SHALL NOT be used as a search parameter for search.""","The USCoreGoalTargetDate SearchParameter is defined only to document Server and Client expectations and uses conformance expectation extensions, but is not intended for actual search operations",Test,Servers and Clients,SHALL NOT,False,SearchParameter-us-core-goal-target-date.md
REQ-033,33,Servers and Clients should use standard FHIR SearchParameter instead of US Core Goal Target Date,"""Servers and Clients SHOULD use the standard FHIR SearchParameter.""","When implementing search functionality for goal target dates, the standard FHIR SearchParameter should be used rather than the US Core specific one",Test,Servers and Clients,SHOULD,False,SearchParameter-us-core-goal-target-date.md
REQ-034,34,US Core Patient Birthdate SearchParameter SHALL NOT be used for search,"""It SHALL NOT be used as a search parameter for search.""","The USCorePatientBirthdate SearchParameter is defined only to document Server and Client expectations and uses conformance expectation extensions, but is not intended for actual search operations",Test,Servers and Clients,SHALL NOT,False,SearchParameter-us-core-patient-birthdate.md
REQ-035,35,Servers and Clients should use standard FHIR SearchParameter instead of US Core Patient Birthdate,"""Servers and Clients SHOULD use the standard FHIR SearchParameter.""","When implementing search functionality for patient birthdates, the standard FHIR SearchParameter should be used rather than the US Core specific one",Test,Servers and Clients,SHOULD,False,SearchParameter-us-core-patient-birthdate.md
REQ-036,36,US Core Patient Death Date SearchParameter SHALL NOT be used for search,"""It SHALL NOT be used as a search parameter for search.""","The USCorePatientDeathDate SearchParameter is defined only to document Server and Client expectations and uses conformance expectation extensions, but is not intended for actual search operations",Test,Servers and Clients,SHALL NOT,False,SearchParameter-us-core-patient-death-date.md
REQ-037,37,Servers and Clients should use standard FHIR SearchParameter instead of US Core Patient Death Date,"""Servers and Clients SHOULD use the standard FHIR SearchParameter.""","When implementing search functionality for patient death dates, the standard FHIR SearchParameter should be used rather than the US Core specific one",Test,Servers and Clients,SHOULD,False,SearchParameter-us-core-patient-death-date.md
REQ-038,38,US Core Condition Recorded Date SearchParameter SHALL NOT be used for search,"""It SHALL NOT be used as a search parameter for search.""",The USCoreConditionRecordedDate SearchParameter is defined only to document Server and Client expectations and uses conformance expectation extensions to define additional expectations for SearchParameter elements.,Test,Servers and Clients,SHALL NOT,False,SearchParameter-us-core-condition-recorded-date.md
REQ-039,39,US Core Condition Recorded Date SearchParameter standard FHIR SearchParameter SHOULD be used,"""Servers and Clients SHOULD use the standard FHIR SearchParameter.""","The USCoreConditionRecordedDate SearchParameter is defined only to document expectations, and implementations should use the standard FHIR SearchParameter instead.",Test,Servers and Clients,SHOULD,False,SearchParameter-us-core-condition-recorded-date.md
REQ-040,40,US Core Condition Recorded Date SearchParameter multipleAnd support SHOULD be provided,"""multipleAnd : True ( Conformance Expectation = SHOULD)""",The USCoreConditionRecordedDate SearchParameter defines conformance expectations for multipleAnd capability.,Test,Implementers,SHOULD,False,SearchParameter-us-core-condition-recorded-date.md
REQ-041,41,US Core Condition Recorded Date SearchParameter gt comparator SHALL be supported,"""comparator : gt ( Conformance Expectation = SHALL)""",The USCoreConditionRecordedDate SearchParameter defines conformance expectations for the greater than comparator.,Test,Implementers,SHALL,False,SearchParameter-us-core-condition-recorded-date.md
REQ-042,42,US Core Condition Recorded Date SearchParameter ge comparator SHALL be supported,"""comparator : ge ( Conformance Expectation = SHALL)""",The USCoreConditionRecordedDate SearchParameter defines conformance expectations for the greater than or equal comparator.,Test,Implementers,SHALL,False,SearchParameter-us-core-condition-recorded-date.md
REQ-043,43,US Core Condition Recorded Date SearchParameter lt comparator SHALL be supported,"""comparator : lt ( Conformance Expectation = SHALL)""",The USCoreConditionRecordedDate SearchParameter defines conformance expectations for the less than comparator.,Test,Implementers,SHALL,False,SearchParameter-us-core-condition-recorded-date.md
REQ-044,44,US Core Condition Recorded Date SearchParameter le comparator SHALL be supported,"""comparator : le ( Conformance Expectation = SHALL)""",The USCoreConditionRecordedDate SearchParameter defines conformance expectations for the less than or equal comparator.,Test,Implementers,SHALL,False,SearchParameter-us-core-condition-recorded-date.md
REQ-045,45,US Core Condition Last Updated SearchParameter SHALL NOT be used for search,"""It SHALL NOT be used as a search parameter for search.""",The USCoreConditionLastUpdated SearchParameter is defined only to document Server and Client expectations and uses conformance expectation extensions to define additional expectations for SearchParameter elements.,Test,Servers and Clients,SHALL NOT,False,SearchParameter-us-core-condition-lastupdated.md
REQ-046,46,US Core Condition Last Updated SearchParameter standard FHIR SearchParameter SHOULD be used,"""Servers and Clients SHOULD use the standard FHIR SearchParameter.""","The USCoreConditionLastUpdated SearchParameter is defined only to document expectations, and implementations should use the standard FHIR SearchParameter instead.",Test,Servers and Clients,SHOULD,False,SearchParameter-us-core-condition-lastupdated.md
REQ-047,47,US Core Condition Last Updated SearchParameter multipleAnd support SHOULD be provided,"""multipleAnd : True ( Conformance Expectation = SHOULD)""",The USCoreConditionLastUpdated SearchParameter defines conformance expectations for multipleAnd capability.,Test,Implementers,SHOULD,False,SearchParameter-us-core-condition-lastupdated.md
REQ-048,48,US Core Condition Last Updated SearchParameter gt comparator SHALL be supported,"""comparator : gt ( Conformance Expectation = SHALL)""",The USCoreConditionLastUpdated SearchParameter defines conformance expectations for the greater than comparator.,Test,Implementers,SHALL,False,SearchParameter-us-core-condition-lastupdated.md
REQ-049,49,US Core Condition Last Updated SearchParameter ge comparator SHALL be supported,"""comparator : ge ( Conformance Expectation = SHALL)""",The USCoreConditionLastUpdated SearchParameter defines conformance expectations for the greater than or equal comparator.,Test,Implementers,SHALL,False,SearchParameter-us-core-condition-lastupdated.md
REQ-050,50,US Core Condition Last Updated SearchParameter lt comparator SHALL be supported,"""comparator : lt ( Conformance Expectation = SHALL)""",The USCoreConditionLastUpdated SearchParameter defines conformance expectations for the less than comparator.,Test,Implementers,SHALL,False,SearchParameter-us-core-condition-lastupdated.md
REQ-051,51,US Core Condition Last Updated SearchParameter le comparator SHALL be supported,"""comparator : le ( Conformance Expectation = SHALL)""",The USCoreConditionLastUpdated SearchParameter defines conformance expectations for the less than or equal comparator.,Test,Implementers,SHALL,False,SearchParameter-us-core-condition-lastupdated.md
REQ-052,52,US Core ServiceRequest Authored SearchParameter SHALL NOT be used for search,"""It SHALL NOT be used as a search parameter for search.""",The USCoreServicerequestAuthored SearchParameter is defined only to document Server and Client expectations and uses conformance expectation extensions to define additional expectations for SearchParameter elements.,Test,Servers and Clients,SHALL NOT,False,SearchParameter-us-core-servicerequest-authored.md
REQ-053,53,US Core ServiceRequest Authored SearchParameter standard FHIR SearchParameter SHOULD be used,"""Servers and Clients SHOULD use the standard FHIR SearchParameter.""","The USCoreServicerequestAuthored SearchParameter is defined only to document expectations, and implementations should use the standard FHIR SearchParameter instead.",Test,Servers and Clients,SHOULD,False,SearchParameter-us-core-servicerequest-authored.md
REQ-054,54,US Core ServiceRequest Authored SearchParameter multipleAnd support SHOULD be provided,"""multipleAnd : True ( Conformance Expectation = SHOULD)""",The USCoreServicerequestAuthored SearchParameter defines conformance expectations for multipleAnd capability.,Test,Implementers,SHOULD,False,SearchParameter-us-core-servicerequest-authored.md
REQ-055,55,US Core ServiceRequest Authored SearchParameter gt comparator SHALL be supported,"""comparator : gt ( Conformance Expectation = SHALL)""",The USCoreServicerequestAuthored SearchParameter defines conformance expectations for the greater than comparator.,Test,Implementers,SHALL,False,SearchParameter-us-core-servicerequest-authored.md
REQ-056,56,US Core ServiceRequest Authored SearchParameter ge comparator SHALL be supported,"""comparator : ge ( Conformance Expectation = SHALL)""",The USCoreServicerequestAuthored SearchParameter defines conformance expectations for the greater than or equal comparator.,Test,Implementers,SHALL,False,SearchParameter-us-core-servicerequest-authored.md
REQ-057,57,US Core ServiceRequest Authored SearchParameter lt comparator SHALL be supported,"""comparator : lt ( Conformance Expectation = SHALL)""",The USCoreServicerequestAuthored SearchParameter defines conformance expectations for the less than comparator.,Test,Implementers,SHALL,False,SearchParameter-us-core-servicerequest-authored.md
REQ-058,58,US Core ServiceRequest Authored SearchParameter le comparator SHALL be supported,"""comparator : le ( Conformance Expectation = SHALL)""",The USCoreServicerequestAuthored SearchParameter defines conformance expectations for the less than or equal comparator.,Test,Implementers,SHALL,False,SearchParameter-us-core-servicerequest-authored.md
REQ-059,59,US Core Encounter Last Updated SearchParameter SHALL NOT be used for search,"""It SHALL NOT be used as a search parameter for search.""",The USCoreEncounterLastUpdated SearchParameter is defined only to document Server and Client expectations and uses conformance expectation extensions to define additional expectations for SearchParameter elements.,Test,Servers and Clients,SHALL NOT,False,SearchParameter-us-core-encounter-lastupdated.md
REQ-060,60,US Core Encounter Last Updated SearchParameter standard FHIR SearchParameter SHOULD be used,"""Servers and Clients SHOULD use the standard FHIR SearchParameter.""","The USCoreEncounterLastUpdated SearchParameter is defined only to document expectations, and implementations should use the standard FHIR SearchParameter instead.",Test,Servers and Clients,SHOULD,False,SearchParameter-us-core-encounter-lastupdated.md
REQ-061,61,US Core Encounter Last Updated SearchParameter multipleAnd support SHOULD be provided,"""multipleAnd : True ( Conformance Expectation = SHOULD)""",The USCoreEncounterLastUpdated SearchParameter defines conformance expectations for multipleAnd capability.,Test,Implementers,SHOULD,False,SearchParameter-us-core-encounter-lastupdated.md
REQ-062,62,US Core Encounter Last Updated SearchParameter gt comparator SHALL be supported,"""comparator : gt ( Conformance Expectation = SHALL)""",The USCoreEncounterLastUpdated SearchParameter defines conformance expectations for the greater than comparator.,Test,Implementers,SHALL,False,SearchParameter-us-core-encounter-lastupdated.md
REQ-063,63,US Core Encounter Last Updated SearchParameter ge comparator SHALL be supported,"""comparator : ge ( Conformance Expectation = SHALL)""",The USCore,,,,,
REQ-064,64,US Core Observation LastUpdated search parameter shall support gt comparator,"""comparator : gt ( Conformance Expectation = SHALL)""",The greater than comparator must be supported for Observation lastUpdated searches,Test,Servers and Clients,SHALL,False,SearchParameter-us-core-observation-lastupdated.md
REQ-065,65,US Core Observation LastUpdated search parameter shall support ge comparator,"""comparator : ge ( Conformance Expectation = SHALL)""",The greater than or equal comparator must be supported for Observation lastUpdated searches,Test,Servers and Clients,SHALL,False,SearchParameter-us-core-observation-lastupdated.md
REQ-066,66,US Core Observation LastUpdated search parameter shall support lt comparator,"""comparator : lt ( Conformance Expectation = SHALL)""",The less than comparator must be supported for Observation lastUpdated searches,Test,Servers and Clients,SHALL,False,SearchParameter-us-core-observation-lastupdated.md
REQ-067,67,US Core Observation LastUpdated search parameter shall support le comparator,"""comparator : le ( Conformance Expectation = SHALL)""",The less than or equal comparator must be supported for Observation lastUpdated searches,Test,Servers and Clients,SHALL,False,SearchParameter-us-core-observation-lastupdated.md
REQ-068,68,US Core Observation LastUpdated search parameter should support multipleAnd,"""multipleAnd : True ( Conformance Expectation = SHOULD)""",Multiple AND conditions should be supported for Observation lastUpdated searches,Test,Servers and Clients,SHOULD,False,SearchParameter-us-core-observation-lastupdated.md
REQ-069,69,US Core Condition OnsetDate search parameter shall not be used for search,"""It SHALL NOT be used as a search parameter for search.""","The USCoreConditionOnsetDate search parameter is defined only to document server and client expectations, not for actual search operations",Test,Servers and Clients,SHALL NOT,False,SearchParameter-us-core-condition-onset-date.md
REQ-070,70,US Core Condition OnsetDate search parameter should use standard FHIR SearchParameter,"""Servers and Clients SHOULD use the standard FHIR SearchParameter.""","Instead of using the US Core specific search parameter, implementations should use the standard FHIR SearchParameter for Condition onset-date searches",Test,Servers and Clients,SHOULD,False,SearchParameter-us-core-condition-onset-date.md
REQ-071,71,US Core Condition OnsetDate search parameter shall support gt comparator,"""comparator : gt ( Conformance Expectation = SHALL)""",The greater than comparator must be supported for Condition onset-date searches,Test,Servers and Clients,SHALL,False,SearchParameter-us-core-condition-onset-date.md
REQ-072,72,US Core Condition OnsetDate search parameter shall support ge comparator,"""comparator : ge ( Conformance Expectation = SHALL)""",The greater than or equal comparator must be supported for Condition onset-date searches,Test,Servers and Clients,SHALL,False,SearchParameter-us-core-condition-onset-date.md
REQ-073,73,US Core Condition OnsetDate search parameter shall support lt comparator,"""comparator : lt ( Conformance Expectation = SHALL)""",The less than comparator must be supported for Condition onset-date searches,Test,Servers and Clients,SHALL,False,SearchParameter-us-core-condition-onset-date.md
REQ-074,74,US Core Condition OnsetDate search parameter shall support le comparator,"""comparator : le ( Conformance Expectation = SHALL)""",The less than or equal comparator must be supported for Condition onset-date searches,Test,Servers and Clients,SHALL,False,SearchParameter-us-core-condition-onset-date.md
REQ-075,75,US Core Condition OnsetDate search parameter should support multipleAnd,"""multipleAnd : True ( Conformance Expectation = SHOULD)""",Multiple AND conditions should be supported for Condition onset-date searches,Test,Servers and Clients,SHOULD,False,SearchParameter-us-core-condition-onset-date.md
REQ-076,76,US Core DocumentReference Period search parameter shall not be used for search,"""It SHALL NOT be used as a search parameter for search.""","The USCoreDocumentreferencePeriod search parameter is defined only to document server and client expectations, not for actual search operations",Test,Servers and Clients,SHALL NOT,False,SearchParameter-us-core-documentreference-period.md
REQ-077,77,US Core DocumentReference Period search parameter should use standard FHIR SearchParameter,"""Servers and Clients SHOULD use the standard FHIR SearchParameter.""","Instead of using the US Core specific search parameter, implementations should use the standard FHIR SearchParameter for DocumentReference period searches",Test,Servers and Clients,SHOULD,False,SearchParameter-us-core-documentreference-period.md
REQ-078,78,US Core DocumentReference Period search parameter shall support gt comparator,"""comparator : gt ( Conformance Expectation = SHALL)""",The greater than comparator must be supported for DocumentReference period searches,Test,Servers and Clients,SHALL,False,SearchParameter-us-core-documentreference-period.md
REQ-079,79,US Core DocumentReference Period search parameter shall support ge comparator,"""comparator : ge ( Conformance Expectation = SHALL)""",The greater than or equal comparator must be supported for DocumentReference period searches,Test,Servers and Clients,SHALL,False,SearchParameter-us-core-documentreference-period.md
REQ-080,80,US Core DocumentReference Period search parameter shall support lt comparator,"""comparator : lt ( Conformance Expectation = SHALL)""",The less than comparator must be supported for DocumentReference period searches,Test,Servers and Clients,SHALL,False,SearchParameter-us-core-documentreference-period.md
REQ-081,81,US Core DocumentReference Period search parameter shall support le comparator,"""comparator : le ( Conformance Expectation = SHALL)""",The less than or equal comparator must be supported for DocumentReference period searches,Test,Servers and Clients,SHALL,False,SearchParameter-us-core-documentreference-period.md
REQ-082,82,US Core DocumentReference Period search parameter should support multipleAnd,"""multipleAnd : True ( Conformance Expectation = SHOULD)""",Multiple AND conditions should be supported for DocumentReference period searches,Test,Servers and Clients,SHOULD,False,SearchParameter-us-core-documentreference-period.md
REQ-083,83,Package file should be first choice for implementation artifacts,"""This file SHOULD be the first choice whenever generating any implementation artifacts since it contains all the rules about what makes the profiles valid.""","The NPM package file contains all value sets, profiles, extensions, list of pages and URLs in the IG defined as part of the Implementation Guide version",Test,Implementers,SHOULD,False,Section 10.1.1 Package File
REQ-084,84,Conformant systems must support the SDOH category code for US Core Condition Problems and Health Concerns Profile,"""any conformant system SHALL support [the SDOH category code] to help identify the type of USCDI Health Status/Assessment data class being reported""","The US Core Screening Assessment Condition Category ValueSet consists of a single code ""sdoh"" which represents the minimum value set of category codes for the US Core Condition Problems and Health Concerns Profile",Test,Conformant systems implementing US Core Condition Problems and Health Concerns Profile,SHALL,False,"ValueSet-us-core-screening-assessment-condition-category.md, Section 14.194"
REQ-085,85,Risk analysis and management regime compliance with HIPAA security requirements,"""Systems SHALL establish a risk analysis and management regime that conforms with HIPAA security regulatory requirements.""",US Core security conformance requirements for protecting patient-specific information in FHIR transactions,Inspection,Systems implementing US Core,SHALL,False,Section 8.1.1 Patient Privacy and Security
REQ-086,86,Federal systems risk management compliance with NIST 800 series,"""US Federal systems SHOULD conform with the risk management and mitigation requirements defined in NIST 800 series documents.""",Additional risk management requirements specifically for US Federal systems implementing US Core,Inspection,US Federal systems implementing US Core,SHOULD,True,Section 8.1.1 Patient Privacy and Security
REQ-087,87,Security category assignment following NIST 800-60,"""This SHOULD include security category assignment following NIST 800-60 vol. 2 Appendix D.14.""",Risk management regime requirements as part of overall security conformance for US Core systems,Inspection,Systems implementing US Core,SHOULD,False,Section 8.1.1 Patient Privacy and Security
REQ-088,88,Single time source reference for security auditing and clinical data,"""Systems SHALL reference a single time source to establish a common time base for security auditing and clinical data records among computing systems.""",Time synchronization requirement for maintaining consistent audit logs and clinical data timestamps across US Core systems,Test,Systems implementing US Core,SHALL,False,Section 8.1.1 Patient Privacy and Security
REQ-089,89,Audit log maintenance for transactions,"""Systems SHALL keep audit logs of the various transactions.""",Audit logging requirement for tracking US Core FHIR transactions for security and compliance purposes,Test,Systems implementing US Core,SHALL,False,Section 8.1.1 Patient Privacy and Security
REQ-090,90,TLS version 1.2 or higher for non-secure network transmissions,"""Systems SHALL use TLS version 1.2 or higher for all transmissions not taking place over a secure network connection.""",Transport layer security requirement for protecting US Core FHIR data in transit over non-secure networks,Test,Systems implementing US Core,SHALL,False,Section 8.1.1 Patient Privacy and Security
REQ-091,91,Federal systems FIPS PUB 140-2 compliance,"""US Federal systems SHOULD conform with FIPS PUB 140-2.""",Additional cryptographic security standard compliance specifically for US Federal systems implementing US Core,Inspection,US Federal systems implementing US Core,SHOULD,True,Section 8.1.1 Patient Privacy and Security
REQ-092,92,FHIR Communications Security requirements compliance,"""Systems SHALL conform to FHIR Communications Security requirements.""",Adherence to base FHIR specification security requirements for communication protocols in US Core implementations,Test,"Systems implementing US Core, SHALL conformance level",SHALL,False,Section 8.1.1 Patient Privacy and Security
REQ-093,93,SMART App Launch Version 2.0.0 support for authentication and authorization,"""Systems SHALL support SMART App Launch Version 2.0.0 for Client <-> Server interactions.""",Authentication and authorization framework requirement for securing client-server interactions in US Core implementations,Test,"Systems implementing US Core, SHALL conformance level",SHALL,False,Section 8.1.1 Patient Privacy and Security
REQ-094,94,Consent requirements implementation per local policies,"""Systems SHALL implement consent requirements per their state, local, and institutional policies.""",Patient consent management requirement that varies based on applicable jurisdictional and organizational policies,Inspection,"Systems implementing US Core, SHALL conformance level",SHALL,False,Section 8.1.1 Patient Privacy and Security
REQ-095,95,US Core Provenance Profile implementation,"""Systems SHOULD provide Provenance statements using the US Core Provenance Profile resource and associated requirements.""",Data provenance tracking using US Core specific profile to maintain audit trail of data origins and transformations,Test,"Systems implementing US Core, SHOULD conformance level",SHOULD,False,Section 8.1.1 Patient Privacy and Security
REQ-096,96,US Core Problem or Health Concern ValueSet must include problem-list-item code,"""Include these codes as defined in [http://terminology.hl7.org/CodeSystem/condition-category](http://terminology.hl7.org/5.5.0/CodeSystem-condition-category.html)"" with code ""problem-list-item""","The US Core Problem or Health Concern ValueSet defines category codes for US Core Condition Problems and Health Concerns Profile, requiring inclusion of specific standardized codes from the HL7 condition category code system",Test,"Implementation system implementing US Core Problem or Health Concern ValueSet, SHALL include required codes",SHALL,False,Section 14.191.1 Logical Definition (CLD)
REQ-097,97,US Core Problem or Health Concern ValueSet must include health-concern code,"""Include these codes as defined in [http://hl7.org/fhir/us/core/CodeSystem/condition-category](CodeSystem-condition-category.html)"" with code ""health-concern""","The US Core Problem or Health Concern ValueSet defines category codes for US Core Condition Problems and Health Concerns Profile, requiring inclusion of specific codes from the US Core condition category extension code system",Test,"Implementation system implementing US Core Problem or Health Concern ValueSet, SHALL include required codes",SHALL,False,Section 14.191.1 Logical Definition (CLD)
REQ-098,98,Include all CPT codes in US Core Procedure Codes ValueSet,"""Include all codes defined in http://www.ama-assn.org/go/cpt""","The US Core Procedure Codes ValueSet defines the set of codes that can be used to indicate the type of procedure performed, and must include the complete CPT code system",Test,"ValueSet implementer, SHALL include all CPT codes",SHALL,False,Section 14.192.1 Logical Definition
REQ-099,99,Include SNOMED CT procedure codes in US Core Procedure Codes ValueSet,"""Include codes from http://snomed.info/sct where concept is-a 71388002 (Procedure)""",The US Core Procedure Codes ValueSet must include SNOMED CT codes that are descendants of the Procedure concept to support comprehensive procedure coding,Test,"ValueSet implementer, SHALL include SNOMED CT procedure codes",SHALL,False,Section 14.192.1 Logical Definition
REQ-100,100,Include all HCPCS Level II codes in US Core Procedure Codes ValueSet,"""Include all codes defined in https://www.cms.gov/Medicare/Coding/HCPCSReleaseCodeSets""",The US Core Procedure Codes ValueSet must include the complete HCPCS Level II Alphanumeric Codes code system for comprehensive procedure coverage,Test,"ValueSet implementer, SHALL include all HCPCS Level II codes",SHALL,False,Section 14.192.1 Logical Definition
REQ-101,101,Include all ICD-10-PCS codes in US Core Procedure Codes ValueSet,"""Include all codes defined in http://www.cms.gov/Medicare/Coding/ICD10""",The US Core Procedure Codes ValueSet must include the complete ICD-10-PCS code system to support procedure coding requirements,Test,"ValueSet implementer, SHALL include all ICD-10-PCS codes",SHALL,False,Section 14.192.1 Logical Definition
REQ-102,102,Include all CDT codes in US Core Procedure Codes ValueSet,"""Include all codes defined in http://www.ada.org/cdt""",The US Core Procedure Codes ValueSet must include the complete Code on Dental Procedures and Nomenclature (CDT) code system for dental procedure coverage,Test,"ValueSet implementer, SHALL include all CDT codes",SHALL,False,Section 14.192.1 Logical Definition
REQ-103,103,Include all LOINC codes in US Core Procedure Codes ValueSet,"""Include all codes defined in http://loinc.org""",The US Core Procedure Codes ValueSet must include the complete LOINC code system to support procedure-related observations and measurements,Test,"ValueSet implementer, SHALL include all LOINC codes",SHALL,False,Section 14.192.1 Logical Definition
REQ-104,104,ValueSet must include specified SNOMED CT code for no current problems,"""Include these codes as defined in [http://snomed.info/sct](http://www.snomed.org/) Code Display [160245001](http://snomed.info/id/160245001) No current problems or disability""","The US Core Condition Codes ValueSet defines codes for representing patient conditions, including a specific code to indicate when a patient has no current problems or disabilities",Test,"Implementation system, SHALL, unconditional",SHALL,False,Section 14.182.1 Logical Definition (CLD)
REQ-105,105,ValueSet must include SNOMED CT Clinical finding codes,"""Include codes from[http://snomed.info/sct](http://www.snomed.org/) where concept is-a 404684003 (Clinical finding (finding))""",The ValueSet must encompass all SNOMED CT codes that are subtypes of Clinical finding to provide comprehensive condition coding options,Test,"Implementation system, SHALL, unconditional",SHALL,False,Section 14.182.1 Logical Definition (CLD)
REQ-106,106,ValueSet must include SNOMED CT Context-dependent categories codes,"""Include codes from[http://snomed.info/sct](http://www.snomed.org/) where concept is-a 243796009 (Context-dependent categories)""",The ValueSet must include SNOMED CT codes for context-dependent categories to support conditional or situational condition coding,Test,"Implementation system, SHALL, unconditional",SHALL,False,Section 14.182.1 Logical Definition (CLD)
REQ-107,107,ValueSet must include SNOMED CT Events codes,"""Include codes from[http://snomed.info/sct](http://www.snomed.org/) where concept is-a 272379006 (Events)""",The ValueSet must include SNOMED CT codes for events to support event-based condition coding,Test,"Implementation system, SHALL, unconditional",SHALL,False,Section 14.182.1 Logical Definition (CLD)
REQ-108,108,ValueSet must include all ICD-10-CM codes,"""Include all codes defined in [http://hl7.org/fhir/sid/icd-10-cm](http://terminology.hl7.org/5.5.0/CodeSystem-icd10CM.html)""",The ValueSet must include the complete ICD-10-CM code system for comprehensive diagnosis coding support,Test,"Implementation system, SHALL, unconditional",SHALL,False,Section 14.182.1 Logical Definition (CLD)
REQ-109,109,ValueSet must include all ICD-9-CM codes from updated code system,"""Added:Include all codes defined in [http://terminology.hl7.org/CodeSystem/icd9cm](http://terminology.hl7.org/5.5.0/CodeSystem-icd9cm.html)""",The ValueSet was updated to include ICD-9-CM codes from the new terminology code system URL for historical condition coding support,Test,"Implementation system, SHALL, unconditional",SHALL,False,Section 14.182.1 Logical Definition (CLD)
REQ-110,110,Servers may optionally support additional resources for Patient Data Feed,"""Servers may support any subset of these resources and filters based on their capabilities and use cases.""","Patient Data Feed implementation may include additional resources beyond the required set, allowing servers flexibility in determining which optional resources to support based on their specific capabilities and use cases.",Test,"Servers implementing Patient Data Feed, MAY conformance level",MAY,True,Section 12.4.2 Overview
REQ-111,111,UDI Device Identifier must identify labeler and device model,"""The device identifier (DI), a mandatory, fixed portion of a UDI that identifies the labeler and the specific version or model of a device.""","Within the USCoreImplantableDeviceProfile UDI mapping specification, the deviceIdentifier element maps to UDI requirements for device identification",Test,System implementing USCoreImplantableDeviceProfile,MANDATORY,False,Section 14.135.3 Mappings for UDI Mapping
REQ-112,112,UDI manufacture date must be converted to FHIR datetime format,"""The date a specific device was manufactured - which is a component of the production identifier (PI), a conditional, variable portion of a UDI. For FHIR, The datetime syntax must converted to YYYY-MM-DD[THH:MM:SS]. If hour is present, the minutes and seconds should both be set to '00'.""","Within the USCoreImplantableDeviceProfile UDI mapping specification, the manufactureDate element requires specific datetime format conversion",Test,System implementing USCoreImplantableDeviceProfile,MUST,False,Section 14.135.3 Mappings for UDI Mapping
REQ-113,113,UDI expiration date must be converted to FHIR datetime format,"""the expiration date of a specific device - which is a component of the production identifier (PI), a conditional, variable portion of a UDI. For FHIR, The datetime syntax must converted to YYYY-MM-DD[THH:MM:SS]. If hour is present, the minutes and seconds should both be set to '00'.""","Within the USCoreImplantableDeviceProfile UDI mapping specification, the expirationDate element requires specific datetime format conversion",Test,System implementing USCoreImplantableDeviceProfile,MUST,False,Section 14.135.3 Mappings for UDI Mapping
REQ-114,114,Serial number identifier type code should be set to SNO,"""The serial number which is a component of the production identifier (PI), a conditional, variable portion of a UDI. The identifier.type code should be set to 'SNO'(Serial Number) and the system left empty.""","Within the USCoreImplantableDeviceProfile UDI mapping specification, the identifier element mapping for serial numbers requires specific type coding",Test,System implementing USCoreImplantableDeviceProfile,SHOULD,False,Section 14.135.3 Mappings for UDI Mapping
REQ-115,115,US Core ServiceRequest Category ValueSet SHALL include all codes from US Core Category CodeSystem,"""This value set includes codes based on the following rules: Include all codes defined in [http://hl7.org/fhir/us/core/CodeSystem/us-core-category](CodeSystem-us-core-category.html)""","The US Core ServiceRequest Category Codes ValueSet defines a set of SNOMED CT and LOINC concepts to classify requested services, and must include specific codes from the US Core Category CodeSystem as part of its logical definition.",Test,FHIR Implementation systems implementing US Core ServiceRequest Category ValueSet,SHALL,False,Section 14.197.1 Logical Definition (CLD)
REQ-116,116,US Core ServiceRequest Category ValueSet SHALL include specific SNOMED CT evaluation and social service procedure codes,"""Include these codes as defined in [http://snomed.info/sct](http://www.snomed.org/): [386053000] Evaluation procedure (procedure), [410606002] Social service procedure (procedure)""",The ValueSet must include two specific SNOMED CT codes for evaluation procedures and social service procedures as part of its required content for classifying service requests.,Test,FHIR Implementation systems implementing US Core ServiceRequest Category ValueSet,SHALL,False,Section 14.197.1 Logical Definition (CLD)
REQ-117,117,US Core ServiceRequest Category ValueSet SHALL import all codes from Service Request Category Codes,"""Import all the codes that are contained in [Service Request Category Codes](http://hl7.org/fhir/R4/valueset-servicerequest-category.html)""",The ValueSet extends the base FHIR Service Request Category Codes by importing all codes from that standard ValueSet to ensure compatibility and completeness.,Test,FHIR Implementation systems implementing US Core ServiceRequest Category ValueSet,SHALL,False,Section 14.197.1 Logical Definition (CLD)
REQ-118,118,US Core Specimen Condition ValueSet SHALL import all codes from hl7VS-specimenCondition ValueSet,"""Import all the codes that are contained in [hl7VS-specimenCondition](http://terminology.hl7.org/5.5.0/ValueSet-v2-0493.html)""","The US Core Specimen Condition ValueSet contains concepts that provide information regarding specimens that do not meet laboratory criteria for acceptability, and must include codes from the HL7 specimen condition ValueSet.",Test,FHIR Implementation systems implementing US Core Specimen Condition ValueSet,SHALL,False,Section 14.199.1 Logical Definition (CLD)
REQ-119,119,US Core Specimen Condition ValueSet SHALL import all codes from Specimen Condition SCT ValueSet,"""Import all the codes that are contained in [Specimen Condition SCT](https://vsac.nlm.nih.gov/valueset/2.16.840.1.113762.1.4.1267.24/expansion)""",The ValueSet must include SNOMED CT codes for specimen conditions from the VSAC Specimen Condition SCT ValueSet to provide comprehensive coverage of specimen condition concepts.,Test,FHIR Implementation systems implementing US Core Specimen Condition ValueSet,SHALL,False,Section 14.199.1 Logical Definition (CLD)
REQ-120,120,Conformant systems must support US Core Screening Assessment Observation Category value set,"""This value set is the minimum value set of category codes used in the US Core Observation Screening Assessment and Simple Observation Profiles that any conformant system SHALL support to help identify the type of USCDI Health Status/Assessment data class being reported.""",This requirement establishes the mandatory support for a specific value set (US Core Screening Assessment Observation Category) that contains category codes for identifying different types of health status and assessment data in observation profiles.,Test,Conformant systems implementing US Core Observation Screening Assessment and Simple Observation Profiles,SHALL,False,Section 14.195 ValueSet: US Core Screening Assessment Observation Category
REQ-121,121,Server SHALL return DocumentReference to patient's current C-CDA CCD when no parameters specified,"""If no parameters are specified, the server SHALL return a DocumentReference to the patient's current C-CDA CCD.""","The US Core Fetch DocumentReference operation differs from standard FHIR RESTful queries by providing document generation capabilities. When invoked without specific parameters, the server must provide access to the patient's most current comprehensive clinical document.",Test,FHIR Server implementing US Core Fetch DocumentReference operation,SHALL,False,Section 14.4 OperationDefinition: US Core Fetch DocumentReference
REQ-122,122,Server SHOULD return DocumentReference instances for existing documents unless client requests only on-demand documents,"""Unless the client indicates they are only interested in 'on-demand' documents using the *on-demand* parameter, the server SHOULD return DocumentReference instances for *existing* documents that meet the request parameters""",The operation supports both existing document retrieval and on-demand document generation. The server's default behavior should include existing documents in the response unless specifically filtered out by the client.,Test,FHIR Server implementing US Core Fetch DocumentReference operation,SHOULD,True,Section 14.4 OperationDefinition: US Core Fetch DocumentReference
REQ-123,123,Client SHOULD provide datetime values precise to the second plus time offset for start parameter,"""The client SHOULD provide values precise to the second + time offset.""",The start parameter defines the beginning of the date range for care dates. Precision requirements ensure consistent temporal filtering across different client implementations.,Test,Client invoking US Core Fetch DocumentReference operation,SHOULD,False,Section 14.4.1 Parameters - start parameter
REQ-124,124,Client SHOULD provide datetime values precise to the second plus time offset for end parameter,"""The client SHOULD provide values precise to the second + time offset.""",The end parameter defines the conclusion of the date range for care dates. Precision requirements ensure consistent temporal filtering across different client implementations.,Test,Client invoking US Core Fetch DocumentReference operation,SHOULD,False,Section 14.4.1 Parameters - end parameter
REQ-125,125,CCD document SHALL be in scope when no type parameter provided,"""If no type is provided, the CCD document, if available, SHALL be in scope, and all other document types MAY be in scope.""","The type parameter allows filtering by document type. When not specified, the server must include CCD documents but has discretion over other document types.",Test,FHIR Server implementing US Core Fetch DocumentReference operation,SHALL,True,Section 14.4.1 Parameters - type parameter
REQ-126,126,Returned DocumentReference resources SHOULD conform to US Core DocumentReference Profiles,"""The bundle type is 'searchset' containing [DocumentReference](http://hl7.org/fhir/documentreference.html) resources which SHOULD conform to the [US Core DocumentReference Profiles](StructureDefinition-us-core-documentreference.html)""",The operation returns a searchset Bundle containing DocumentReference resources. These resources should align with US Core profile requirements for consistency and interoperability.,Test,FHIR Server implementing US Core Fetch DocumentReference operation,SHOULD,False,Section 14.4.1 Parameters - return parameter
REQ-127,127,ValueSet must include all codes from US Core Provenance Participant Type CodeSystem,"""This value set includes codes based on the following rules: Include all codes defined in [http://hl7.org/fhir/us/core/CodeSystem/us-core-provenance-participant-type]""",The US Core Provenance Participant Type Codes ValueSet defines the logical definition for valid provenance participant type codes that can be used in US Core Provenance profiles,Test,FHIR Implementation Guide implementer,SHALL,False,Section 14.193.1 Logical Definition (CLD)
REQ-128,128,ValueSet must include all codes from HL7 Terminology Provenance Participant Type CodeSystem,"""Include all codes defined in [http://terminology.hl7.org/CodeSystem/provenance-participant-type]""",The US Core Provenance Participant Type Codes ValueSet must incorporate standard HL7 terminology codes for provenance participant types in addition to US Core-specific extensions,Test,FHIR Implementation Guide implementer,SHALL,False,Section 14.193.1 Logical Definition (CLD)
REQ-129,129,ValueSet expansion must contain exactly 13 concepts,"""This value set contains 13 concepts""",The expanded ValueSet for US Core Provenance Participant Type Codes must include a specific number of defined concepts to ensure completeness and consistency,Test,FHIR Implementation Guide implementer,SHALL,False,Section 14.193.2 Expansion
REQ-130,130,Support for US Core Screening Assessment Observation Maximum Category codes,"""This value set is a value set of category codes used in the US Core Observation Screening Assessment that any conformant system SHOULD support to help identify the type of USCDI Health Status/Assessment data class being reported.""",ValueSet definition for US Core Screening Assessment Observation Maximum Category containing category codes from US Core Category CodeSystem and Observation Category Codes CodeSystem (excluding survey code) to categorize screening assessment observations,Test,Conformant system implementing US Core Observation Screening Assessment,SHOULD,False,Section 14.196 ValueSet: US Core Screening Assessment Observation Maximum Category
REQ-131,131,US Realm implementation guides must use US Core Profiles,"""All US Realm implementation guides SHALL use the US Core Profiles or SHALL explicitly state why they are unable to use them.""",US Core FHIR Profiles are designed to be the base set of requirements for FHIR implementation in the US. This requirement ensures consistency across US Realm implementation guides.,Test/Inspection,US Realm implementation guide developers,SHALL,False,Section 12.2.1 US Core Yearly Updates
REQ-132,132,Regulators should complete pilot testing for new requirements,"""A new US Regulatory requirement may skip some of these steps. However, regulators SHOULD be encouraged to complete pilot testing.""","Within the Growth Path of US Core process, pilot testing helps understand how changes will affect real-world implementation before formal inclusion in US Core.",Demonstration,Regulators,SHOULD,True,Section 12.2.3 Growth Path of US Core
REQ-133,133,Conformant systems should support US Core Simple Observation Category value set,"""This value set is a value set of category codes used in the US Core Simple Observation and Condition Problems and Health Concerns Profiles that any conformant system SHOULD support to help identify the type of USCDI Health Status/Assessment data class being reported.""","The US Core Simple Observation Category ValueSet defines category codes used across multiple US Core profiles including Simple Observation, Condition Problems and Health Concerns, Care Experience Preference, ADI Documentation, and Treatment Intervention Preference profiles to categorize USCDI Health Status/Assessment data",Test,Conformant systems implementing US Core profiles that reference this ValueSet,SHOULD,False,Section 14.198 ValueSet: US Core Simple Observation Category
REQ-134,134,Servers and Clients shall not interpret derived search parameters as search parameters for search,"""They SHALL NOT be interpreted as search parameters for search.""","Search parameters derived from the Base FHIR Specification are used solely to document Server and Client expectations and define additional expectations for SearchParameter elements, but are not intended for actual search operations",Test,Servers and Clients,SHALL NOT,False,Section 6.1.2.3 Search Parameters derived from the Base FHIR Specification
REQ-135,135,Servers and Clients should use standard FHIR SearchParameters for search operations,"""Servers and Clients SHOULD use the standard FHIR SearchParameters.""","When performing search operations, implementations should rely on the standard FHIR SearchParameters rather than the derived search parameters defined by US Core for documentation purposes",Test,Servers and Clients,SHOULD,False,Section 6.1.2.3 Search Parameters derived from the Base FHIR Specification
REQ-136,136,ValueSet must include specific observation category codes from HL7 terminology,"""Include these codes as defined in [http://terminology.hl7.org/CodeSystem/observation-category](http://terminology.hl7.org/5.5.0/CodeSystem-observation-category.html)""",The US Core Clinical Result Observation Category ValueSet defines a constrained set of codes from the HL7 observation-category CodeSystem to classify the context of clinical result observations in US Core implementations,Test,FHIR Implementation implementing US Core Clinical Result Observation Category ValueSet,SHALL,False,Section 14.181.1 Logical Definition (CLD)
REQ-137,137,ValueSet expansion must contain exactly 7 concepts,"""This value set contains 7 concepts""",The expanded US Core Clinical Result Observation Category ValueSet must contain the specific count of 7 observation category concepts when fully expanded,Test,FHIR Implementation expanding US Core Clinical Result Observation Category ValueSet,SHALL,False,Section 14.181.2 Expansion
REQ-138,138,Extension URL must be the specified US Core Authentication Time URL,"""url: 1.1 [uri] 'http://hl7.org/fhir/us/core/StructureDefinition/us-core-authentication-time'""",The US Core Authentication Time Extension is used on DocumentReference elements to indicate when information in the document was verified. The extension must have the correct URL identifier to be properly recognized.,Test,FHIR Implementation,SHALL,False,Section 14.167 - Extension structure definition tables
REQ-139,139,Extension value must be provided as dateTime type,"""value[x]: 1.1 [dateTime] Value of extension""",The US Core Authentication Time Extension requires a dateTime value to specify when the information in the document was verified. This value is mandatory and must conform to FHIR dateTime data type specifications.,Test,FHIR Implementation,SHALL,False,Section 14.167 - Extension structure definition tables
REQ-140,140,Extension must not have nested extensions,"""extension: 0.0""","The US Core Authentication Time Extension is defined as a simple extension that should not contain any nested extensions, as indicated by the cardinality constraint.",Test,FHIR Implementation,SHALL,False,Section 14.167 - Extension structure definition tables
REQ-141,141,All FHIR elements must have either a value or children,"""All FHIR elements must have a @value or children : hasValue() or (children().count() > id.count())""","This is a fundamental FHIR constraint (ele-1) that applies to all elements within the US Core Authentication Time Extension, ensuring structural validity.",Test,FHIR Implementation,SHALL,False,Section 14.167.1.1 - Constraints table
REQ-142,142,Extensions must have either extensions or value but not both,"""Must have either extensions or value[x], not both : extension.exists() != value.exists()""",This is a fundamental FHIR extension constraint (ext-1) that ensures proper extension structure by preventing both nested extensions and values from being present simultaneously.,Test,FHIR Implementation,SHALL,False,Section 14.167.1.1 - Constraints table
REQ-143,143,Servers should maintain stable common identifiers across FHIR versions,"""Servers SHOULD maintain a stable common identifier for a resource across versions.""","When FHIR servers upgrade between versions (e.g., from DSTU2 to R4), resource identifiers may not be preserved, requiring client applications to implement deduplication methods. This requirement addresses the need for stable identifiers to facilitate cross-version data management.",Test,FHIR Server,SHOULD,False,Section 3.8.5 No Guarantee that Resource IDs are Preserved
REQ-144,144,FHIR DSTU2 data should be preserved in upgraded R4 endpoints,"""In an upgraded R4 endpoint, any data in FHIR DSTU2 SHOULD be in FHIR R4.""",,,,,,
REQ-145,145,Prohibition of multiple patient filters,"""Clients SHALL NOT include patient= filters for different patients in the same Subscription.""",A single subscription cannot span multiple patients - each subscription must be scoped to a single patient or no specific patient.,Test,Clients creating subscriptions,SHALL,False,Section 12.4.5.2 Handling Multiple Resource Types and Filters
REQ-146,146,Make adjustments to align with server capabilities,"""Servers SHALL make any adjustments needed to ensure that the filter-criteria extensions align with server capabilities.""","When subscription requests include unsupported elements or missing required filters, servers must adjust the subscription to match their capabilities.",Test,Servers processing subscription requests,SHALL,False,Section 12.4.5.2 Handling Multiple Resource Types and Filters
REQ-147,147,Normal processing when no adjustments needed,"""When no adjustments are made, Servers SHALL process the request as a normal FHIR RESTful create interaction.""","When subscription requests are fully supported as-is, they should be processed using standard FHIR create operations.",Test,Servers processing subscription requests,SHALL,False,Section 12.4.5.2 Handling Multiple Resource Types and Filters
REQ-148,148,Persist adjusted subscriptions with error status,"""When adjustments are made, Servers SHALL persist the Subscription resource with the adjusted filter criteria and the subscription status set to 'error'.""","When servers must modify subscription requests to align with their capabilities, the modified subscription is saved but marked as needing client review.",Test,Servers making subscription adjustments,SHALL,False,Section 12.4.5.2 Handling Multiple Resource Types and Filters
REQ-149,149,Client review of persisted subscriptions,"""Clients SHALL review the persisted Subscription resource to understand the status, resource types, triggers, and filters that are in effect.""","After creating a subscription, clients must examine the actual stored subscription to understand what was actually implemented by the server.",Test,Clients creating subscriptions,SHALL,False,Section 12.4.5.2 Handling Multiple Resource Types and Filters
REQ-150,150,Implementation of Patient Data Feed requirements,"""Servers that support the Patient Data Feed SHALL implement the following requirements.""",Servers choosing to support the optional Patient Data Feed feature must comply with all specified requirements for proper implementation.,Test,Servers supporting Patient Data Feed,SHALL,True,Section 12.4.6.1 General
REQ-151,151,Support at least one resource type,"""Servers SHALL support at least one resource type from the list in Table 1.""","Patient Data Feed implementations must support at minimum one of the four required resource types: DiagnosticReport, DocumentReference, Encounter, or Observation.",Test,Servers implementing Patient Data Feed,SHALL,True,Section 12.4.6.2 Resource Support
REQ-152,152,Support subscriptions for specific US Core profiles,"""Servers supporting the following profiles SHALL support subscriptions for their resources: US Core DocumentReference Profile, US Core Encounter Profile, US Core DiagnosticReport Profile for Laboratory Results Reporting, US Core Laboratory Result Observation Profile""","When servers already support these specific US Core profiles, they must also enable subscription capabilities for those same resources.",Test,Servers supporting specified US Core profiles,SHALL,True,Section 12.4.6.2 Resource Support
REQ-153,153,Support rest-hook channel type,"""Servers SHALL support the rest-hook channel type for notification delivery.""",Patient Data Feed implementations must support HTTP-based webhook notifications as the delivery mechanism.,Test,Servers implementing Patient Data Feed,SHALL,True,Section 12.4.6.4 Delivery (Channel and Payload Support)
REQ-154,154,Support empty and id-only payload types,"""Servers SHALL support the empty and id-only payload types for notifications.""",Patient Data Feed notifications must support both minimal payload options - completely empty notifications and notifications containing only resource identifiers.,Test,Servers implementing Patient Data Feed,SHALL,True,Section 12.4.6.4 Delivery (Channel and Payload Support)
REQ-155,155,Document implementation details,"""Servers SHALL clearly document the following in their developer-facing documentation: Supported resources, filters, and triggers; Supported channel types; Supported payload types; How their update notification implementation works [including internal events, throttling, latency, limitations]; Criteria for firing the feed-event trigger""",Comprehensive documentation is required for developers to understand and properly integrate with the Patient Data Feed implementation.,Inspection,Servers implementing Patient Data Feed,SHALL,True,Section 12.4.6.5 Documentation and Error Handling
REQ-156,156,Client review of server documentation,"""Clients SHALL review server documentation to understand the circumstances under which feed-event notifications are triggered, as these may correspond to a subset of changes to data as visible over the FHIR REST API.""","Clients must understand that subscription notifications may not correspond to every API-visible change, requiring careful review of server-specific trigger documentation.",Analysis,Clients implementing Patient Data Feed subscriptions,SHALL,True,Section 12.4.6.5 Documentation and Error Handling
REQ-157,157,USCDI Requirement Extension URL specification,"""url: 1..1 uri 'http://hl7.org/fhir/us/core/StructureDefinition/uscdi-requirement'""",The US Core USCDI Requirement Extension must have a specific URL value to properly identify it as the USCDI requirement flag extension within US Core Profile StructureDefinitions,Test,US Core Profile StructureDefinition implementers,SHALL,True,Section 14.179 Extension: US Core USCDI Requirement Extension
REQ-158,158,USCDI Requirement Extension value type specification,"""value[x]: 1..1 boolean Value of extension""",The US Core USCDI Requirement Extension must contain a boolean value to indicate whether an element is flagged as an Additional USCDI Requirement for certified systems,Test,US Core Profile StructureDefinition implementers,SHALL,True,Section 14.179 Extension: US Core USCDI Requirement Extension
REQ-159,159,USCore Direct Email Extension usage restriction,"""This extension can only be used on contact points where the system = 'email'""","The USCoreDirectEmailExtension is designed to indicate when an email address is associated with Direct Secure Messaging services, and has specific constraints on where it can be applied",Test,FHIR Implementation,SHALL,False,Extension definition and comments
REQ-160,160,Extension URL fixed value requirement,"""The definition SHALL be a URI for the Structure Definition defining the extension"" with Fixed Value http://hl7.org/fhir/us/core/StructureDefinition/us-core-direct",The extension URL must point to the specific Structure Definition that defines the USCore Direct Email Extension,Test,FHIR Implementation,SHALL,False,Extension.url element definition
REQ-161,161,Extension governance requirements,"""there is a set of requirements that SHALL be met as part of the definition of the extension""",Extensions must follow FHIR governance rules to ensure safe and manageable use across implementations,Analysis,Extension implementer,SHALL,False,Extension.extension element definition
REQ-162,162,Extension value must conform to Federal Administrative Sex value set when applicable codes exist,"""To be conformant, the concept in this element SHALL be from the specified value set [Federal Administrative Sex] if any of the codes within the value set can apply to the concept being communicated. If the value set does not cover the concept (based on human review), alternate codings (or, data type allowing, text) may be included instead.""",Extensible binding to Federal Administrative Sex value set ensures interoperability while allowing flexibility for edge cases not covered by the standard value set,Test,Systems implementing US Core Sex Extension,SHALL,True,Section 14.177.1.1 Terminology Bindings
REQ-163,163,Gender identity codes must be from specified value set,"""Unless not suitable, these codes SHALL be taken from Gender Identity . ([extensible](http://hl7.org/fhir/R4/terminologies.html#extensible) to http://cts.nlm.nih.gov/fhir/ValueSet/2.16.840.1.113762.1.4.1021.32)""",The extension value must use codes from the Gender Identity value set to ensure standardized representation of gender identity concepts,Test,FHIR implementers populating the Extension.value[x] element,SHALL,True,Section 14.172 Extension.value[x] element binding
REQ-164,164,Birth sex value codes must come from required value set,"""The codes SHALL be taken from Birth Sex . (required to http://cts.nlm.nih.gov/fhir/ValueSet/2.16.840.1.113762.1.4.1021.24) Code for sex assigned at birth""",The Extension.value[x] element must use codes from the Birth Sex value set to represent sex assigned at birth,Test,FHIR Implementation,SHALL,False,"Section 14.168, Extension.value[x] element"
REQ-165,165,Jurisdiction codes SHALL be taken from USPS value set unless not suitable,"""Unless not suitable, these codes SHALL be taken from [USPS Two Letter Alphabetic Codes]""",This requirement applies to the Extension.value[x] element binding for specifying US State or local jurisdiction codes,Test,FHIR implementers using the us-core-jurisdiction extension,SHALL,True,Section 14.174 Extension: USCoreJurisdictionExtension - Extension.value[x] element binding
REQ-166,166,Servers must document Observation create support in Capability Statement,"""Servers SHALL document support for writing Observation resources in their Capability Statements by including a CapabilityStatement.rest.resource[type=Observation].interaction with a code of create.""",FHIR servers providing vital signs writing capabilities must declare their support through standardized capability statements to enable client discovery of available functionality.,Inspection,FHIR Server,SHALL,False,Section 12.3.2
REQ-167,167,Servers must document Observation update support in Capability Statement,"""Servers that support the ability to update Observation resources SHALL also include an interaction with a code of update.""",FHIR servers that provide update functionality for Observation resources must declare this capability in their capability statements.,Inspection,FHIR Server,SHALL,True,Section 12.3.2
REQ-168,168,Patient-facing app servers must support specific SMART scope for vital signs creation,"""Servers providing the ability to write FHIR vital sign Observation resources from patient-facing apps SHALL support the registration and authorization of apps with the patient/Observation.c?category=http://terminology.hl7.org/CodeSystem/observation-category vital-signs SMART scope or a broader version of this scope such as patient/Observation.c.""","Patient-facing applications require specific SMART scopes to write vital sign observations, with granular permission control based on observation categories.",Test,FHIR Server,SHALL,False,Section 12.3.3.1
REQ-169,169,Patient-facing app servers should support SMART scope for vital signs updates,"""Servers providing the ability to write FHIR vital sign Observation resources from patient-facing apps SHOULD also support the registration and authorization of apps with the patient/Observation.u?category=http://terminology.hl7.org/CodeSystem/observation-category vital-signs SMART scope or a broader version of this scope such as patient/Observation.u.""",Patient-facing applications should have the ability to update previously submitted vital sign observations through appropriate SMART scopes.,Test,FHIR Server,SHOULD,False,Section 12.3.3.1
REQ-170,170,Servers must omit unsupported scopes from access tokens,"""If patients and apps attempting to write data are not enabled, and this can be discerned during the authorization process, the Server SHALL omit these unsupported scopes from the resulting access token.""","When servers can determine during authorization that patients or apps are not enabled for data writing, they must exclude the relevant scopes from issued access tokens.",Test,FHIR Server,SHALL,True,Section 12.3.3.1
REQ-171,171,Servers must return error for unauthorized observation submissions,"""If an app uses an access token without the required scopes to submit an Observation or the patient is not enabled to write data, the Server SHALL return an error and SHOULD include an OperationOutcome in the response body.""",Servers must enforce access control by rejecting observation submissions from apps lacking proper authorization or when patients are not enabled for data writing.,Test,FHIR Server,SHALL/SHOULD,False,Section 12.3.3.1
REQ-172,172,Provider-facing app servers must support specific SMART scopes for vital signs creation,"""Servers providing the ability to write FHIR vital sign Observation resources from provider-facing apps SHALL support the registration and authorization of apps with the user/Observation.c?category=http://terminology.hl7.org/CodeSystem/observation-category vital-signs and system/Observation.c?category=http://terminology.hl7.org/CodeSystem/observation-category vital-signs SMART scopes or broader versions of these scopes such as user/Observation.c and system/Observation.c.""",Provider-facing applications require both user and system level SMART scopes to create vital sign observations in clinical workflows.,Test,FHIR Server,SHALL,False,Section 12.3.3.2
REQ-173,173,Provider-facing app servers should support SMART scopes for vital signs updates,"""Servers providing the ability to write FHIR vital sign Observation resources from provider-facing apps SHOULD also support the registration and authorization of apps with either user/Observation.u?category=http://terminology.hl7.org/CodeSystem/observation-category vital-signs and system/Observation.u?category=http://terminology.hl7.org/CodeSystem/observation-category vital-signs SMART scopes, or broader versions of these scopes such as user/Observation.u and system/Observation.u.""",Provider-facing applications should have the ability to update vital sign observations through user and system level SMART scopes.,Test,FHIR Server,SHOULD,False,Section 12.3.3.2
REQ-174,174,Servers must document supported scopes in SMART configuration,"""Servers SHALL document supported scopes in the scopes_supported section of a .well-known/smart-configuration [capabilities array](https://build.fhir.org/ig/HL7/smart-app-launch/conformance.html#launch-context-for-standalone-launch).""",FHIR servers must publish their supported SMART scopes in a discoverable location to enable client applications to understand available permissions.,Inspection,FHIR Server,SHALL,False,Section 12.3.3.3
REQ-175,175,Servers must support submission of non-calculated vital sign observations,"""Servers SHALL support the submission of Observation resources that *are not* the result of a calculation and validate against a [US Core Vital Sign Profile](https://build.fhir.org/ig/HL7/US-Core/profiles-and-extensions.html#observation) that corresponds to a version used by the Server for vital sign Observation read requests.""",FHIR servers must accept direct vital sign measurements (non-calculated values) that conform to US Core vital sign profiles consistent with their read capabilities.,Test,FHIR Server,SHALL,False,Section 12.3.4
REQ-176,176,Servers may support submission of calculated vital sign observations,"""Servers MAY support the submission of Observation resources that *are* the result of a calculation (such as the \""US Core Pediatric BMI for Age Observation Profile\"") and validate against a [US Core Vital Sign Profile](https://build.fhir.org/ig/HL7/US-Core/profiles-and-extensions.html#observation) that corresponds to a version used by the Server for vital sign Observation read requests.""",FHIR servers have the option to accept calculated vital sign values like BMI that derive from other measurements.,Test,FHIR Server,MAY,False,Section 12.3.4
REQ-177,177,Servers must respond appropriately to valid vital sign creation requests,"""Servers SHALL respond to supported and valid vital sign Observation creation requests with a status code of 200 OK and a content location header, or with a status code of 202 Accepted.""",FHIR servers must provide standardized HTTP responses to successful vital sign observation creation requests.,Test,FHIR Server,SHALL,False,Section 12.3.4
REQ-178,178,Resources must be visible after creation when content location header provided,"""If a content location header is provided, the resources SHALL be visible in subsequent read API calls and accessible within the system in the same manner as other patient-submitted data.""","When servers provide a content location header in creation responses, they commit to making the resource immediately available through standard read operations.",Test,FHIR Server,SHALL,True,Section 12.3.4
REQ-179,179,Servers must document reason for discarding resources when no content location provided,"""If a content location header is not provided, and the Server does not subsequently make the resource accessible in read API calls, the Server SHALL have a documented and discoverable reason why it was discarded (e.g., a log entry describing rejection during a review workflow or the applicability of a condition in the \""Discarding\"" section below).""","When servers accept resources but don't make them immediately available, they must provide traceable documentation of the disposition decision.",Inspection,FHIR Server,SHALL,True,Section 12.3.4
REQ-180,180,Servers must support single vital sign creation,"""Servers SHALL support the creation of a single vital sign through a FHIR create operation, and MAY support the creation of multiple vital signs by submitting a FHIR Batch bundle.""","All servers must provide basic single observation creation capability, with optional support for batch operations.",Test,FHIR Server,SHALL/MAY,False,Section 12.3.4
REQ-181,181,Provider-facing apps must include patient-supplied tag for patient-mediated data,"""When writing patient-mediated data into the Server, provider-facing apps SHALL include a Meta.tag with a system of http://hl7.org/fhir/us/core/CodeSystem/us-core-tags and a value of patient-supplied to indicate that the data was supplied by a patient or patient designee (such as a parent or spouse) rather than by a healthcare provider.""",Provider-facing applications must properly tag observations that originate from patients to distinguish them from provider-generated data.,Test,Provider-facing Client App,SHALL,False,Section 12.3.4.1
REQ-182,182,Servers must associate patient-supplied tag with patient-written vital signs,"""Systems SHALL associate the patient-supplied tag with vital signs provided by a patient written through this API, and MAY associate the tag with vital signs supplied by a patient regardless of how they arrive in the system.""",FHIR servers must maintain provenance information by tagging patient-supplied data appropriately.,Test,FHIR Server,SHALL/MAY,False,Section 12.3.4.1
REQ-183,183,Provider-facing apps must include patient-supplied tag when writing patient data,"""Provider-facing apps writing data supplied by a patient SHALL include this tag in the submitted Observation resources.""",Provider-facing applications have a responsibility to properly identify the source of patient-supplied data when submitting observations.,Test,Provider-facing Client App,SHALL,False,Section 12.3.4.1
REQ-184,184,Client apps must use server encounter reference when populating encounter element,"""If populating this element, apps SHALL use a reference to an Encounter resource in the Server, and MAY use the value returned by the launch/encounter SMART scope.""","When client applications associate observations with encounters, they must reference existing server resources to maintain referential integrity.",Test,Client App,SHALL/MAY,True,Section 12.3.4.1
REQ-185,185,Servers should document encounter element requirements,"""Systems SHOULD document whether the encounter element is required to create a vital sign.""",Servers should provide clear guidance to client applications about when encounter references are mandatory for observation creation.,Inspection,FHIR Server,SHOULD,False,Section 12.3.4.1
REQ-186,186,Apps must populate subject reference with Patient resource,"""Apps SHALL populate the subject reference with a reference to a Patient resource in the Server.""",All observation submissions must be properly associated with a patient resource in the target server.,Test,Client App,SHALL,False,Section 12.3.4.1
REQ-187,187,Patient-facing apps should use SMART launch context for subject reference,"""Patient-facing apps SHOULD populate this element based on the value returned as part of the launch/patient SMART scope.""",Patient-facing applications should leverage SMART launch context to automatically associate observations with the correct patient.,Test,Patient-facing Client App,SHOULD,False,Section 12.3.4.1
REQ-188,188,Contained device resources must populate deviceName element,"""Contained device resources SHALL populate at least one deviceName element.""","When client applications include device information as contained resources, they must provide identifying information about the device.",Test,Client App,SHALL,True,Section 12.3.4.1
REQ-189,189,Servers must return device reference in subsequent reads,"""When this value is populated with a reference to a Device resource on the Server, Servers SHALL return this reference in subsequent reads operations of the resource that was created.""",Servers must maintain referential integrity for device references in stored observations.,Test,FHIR Server,SHALL,True,Section 12.3.4.1
REQ-190,190,Servers must not return error for valid contained Device resource,"""Servers SHALL not return an error due to the presence of a valid contained Device resource.""",FHIR servers must accept observations with properly formatted contained device resources without generating errors.,Test,FHIR Server,SHALL,False,Section 12.3.4.1
REQ-191,191,Servers should document behavior with contained Device resources,"""Servers SHOULD document their behavior with regard to contained Device resources.""",Servers should provide clear documentation about how they handle contained device resources to set proper client expectations.,Inspection,FHIR Server,SHOULD,False,Section 12.3.4.1
REQ-192,192,Patient-facing apps must set performer to patient for patient-collected data,"""For patient-facing apps, if the app knows that a patient collected this data, the app SHALL set the performer to a reference to the patient based on the SMART launch context (this should also match the Observation.subject).""",Patient-facing applications must accurately identify when patients themselves performed the vital sign measurement.,Test,Patient-facing Client App,SHALL,True,Section 12.3.4.1
REQ-193,193,Apps should populate performer display when resource cannot be created,"""If the relevant resource does not exist and the app cannot create it, the app SHOULD populate performer.display.""","When client applications cannot establish proper resource references for performers, they should provide human-readable identification.",Test,Client App,SHOULD,True,Section 12.3.4.1
REQ-194,194,Servers must return performer value in subsequent reads,"""When this value is populated in a successful create operation, systems SHALL return it in subsequent read operations of the resource that was created.""",Servers must preserve performer information provided during observation creation for future retrievals.,Test,FHIR Server,SHALL,True,Section 12.3.4.1
REQ-195,195,Servers must document observation discarding behavior,"""Systems SHALL clearly document this behavior or the ways in which health systems may customize this behavior in the API documentation.""","When servers discard observations due to temporal proximity or other factors, they must provide transparent documentation of these policies.",Inspection,FHIR Server,SHALL,False,Section 12.3.5
REQ-196,196,Servers must document duplicate observation handling behavior,"""Systems SHALL clearly document this behavior or the ways in which health systems may customize this behavior in the API documentation.""","When servers detect and handle duplicate observations, they must provide clear documentation of their duplicate detection and handling policies.",Inspection,FHIR Server,SHALL,False,Section 12.3.5
REQ-197,197,Servers should support patient apps updating observation status to entered-in-error,"""Servers SHOULD support the ability for patients-facing apps to update the status element of a vital sign resource the user previously wrote to the system from any app to entered-in-error through an update interaction.""",Patient-facing applications should be able to correct data submission mistakes by marking observations as entered-in-error.,Test,FHIR Server,SHOULD,False,Section 12.3.6
REQ-198,198,Servers must not return error for contained Provenance resources,"""Servers MAY ignore contained Provenance resources in an Observation being submitted but SHALL not return an error due to their presence.""","FHIR servers must accept observations with contained provenance information without generating errors, even if they don't process the provenance data.",Test,FHIR Server,SHALL,False,Section 12.3.7
REQ-199,199,Apps must pass through unaltered Provenance resources from external sources,"""Apps SHALL pass through any Provenance resources received from the source system, unaltered (except for references, as described below), as contained resources on the Observation.""","When transferring observations from external systems, client applications must preserve original provenance information to maintain data lineage.",Test,Client App,SHALL,True,Section 12.3.7.1
REQ-200,200,Apps must pass through referenced Must Support resources,"""The app SHALL also pass through resources referenced in elements that are labeled as \""Must Support\"" in the USCDI Provenance profile and populated in the Provenance resources, including them as contained resources in the Observation and updating the references to them.""",Client applications must preserve all Must Support elements from USCDI Provenance profiles when transferring data between systems.,Test,Client App,SHALL,True,Section 12.3.7.1
REQ-201,201,Apps must generate Provenance resource when author not received from source,"""When a Provenance resource with agent.type = author is not received from the source system, apps SHALL generate a contained Provenance resource with: recorded set to date and time recorded, agent.type = author that has agent.who set to the organization/provider that authored the content, with at least the who.display element populated.""",Client applications must create appropriate provenance records when original authorship information is not available from source systems.,Test,Client App,SHALL,True,Section 12.3.7.1
REQ-202,202,Extension URL must be fixed value for interpreter needed extension,"""The definition SHALL be a URI for the Structure Definition defining the extension.""",The USCoreInterpreterNeededExtension requires a specific URL to identify the extension definition within FHIR resources.,Test,FHIR Implementation,SHALL,,
REQ-203,203,US Core Servers SHALL support both patient-level and user-level required scopes when permission capabilities are published,"""if a Server lists permission-patient and permission-user in its capabilities, it SHALL support both patient-level and user-level required scopes""",Servers declaring both permission-patient and permission-user capabilities must implement corresponding scope support,Test,US Core Server,SHALL,True,Section 2.4.3.2
REQ-204,204,Systems supporting system-level scopes SHALL support required US Core scopes,"""Systems that support system-level (system) scopes SHALL support the required US Core scopes""",Backend services using system-level authorization must implement all mandatory US Core scope requirements,Test,Systems supporting system-level scopes,SHALL,True,Section 2.4.3.2
REQ-205,205,US Core Servers SHOULD support both patient-level and user-level recommended scopes when permission capabilities are published,"""if a Server lists permission-patient and permission-user in its capabilities, it SHOULD support both patient-level and user-level recommended best-practice scopes""",Servers with both permission capabilities should implement recommended scopes as best practice,Test,US Core Server,SHOULD,True,Section 2.4.3.2
REQ-206,206,Systems supporting system-level scopes SHOULD support recommended US Core scopes,"""Systems that support system-level (system) scopes SHOULD support the recommended US Core scopes""",Backend services should implement recommended scopes as best practice for comprehensive access control,Test,Systems supporting system-level scopes,SHOULD,True,Section 2.4.3.2
REQ-207,207,Extension URL must be set to specific value,"""url: 1.1 uri 'http://hl7.org/fhir/us/core/StructureDefinition/us-core-jurisdiction'""",The US Core Jurisdiction Extension requires a specific URL identifier to distinguish it from other extensions in FHIR resources.,Test,System implementing US Core Jurisdiction Extension,SHALL,False,Section 14.174.1 Formal Views of Extension Content
REQ-208,208,Extension value must be provided as CodeableConcept,"""value[x]: 1.1 CodeableConcept Value of extension""","The extension must contain a value representing the US state or local jurisdiction, expressed as a CodeableConcept data type.",Test,System implementing US Core Jurisdiction Extension,SHALL,False,Section 14.174.1 Formal Views of Extension Content
REQ-209,209,Extension value must conform to USPS state codes value set,"""To be conformant, the concept in this element SHALL be from the specified value set if any of the codes within the value set can apply to the concept being communicated. If the value set does not cover the concept (based on human review), alternate codings (or, data type allowing, text) may be included instead.""","The jurisdiction value must use codes from the USPS Two Letter Alphabetic Codes value set when applicable, with extensible binding allowing alternatives when the value set doesn't cover the concept.",Test,System implementing US Core Jurisdiction Extension,SHALL,True,Section 14.174.1 Formal Views of Extension Content
REQ-210,210,References to US Core resources should include logical ID,"""Therefore, a [reference](http://hl7.org/fhir/R4/references.html) to a US Core resource SHOULD include a logical id (Reference.reference), not an identifier (Reference.identifier).""","When creating references to US Core profiles, the search expectations and US Core Profiles have been developed and tested using logical FHIR ids rather than identifiers.",Test,US Core Implementers,SHOULD,False,Section 3.3.1
REQ-211,211,US Core Responders should return conforming US Core resources,"""For all references, US Core Responders SHOULD return resources that conform to a US Core profile if a US Core profile exists for the resource type.""","FHIR resource elements of the Reference datatype reference other FHIR resources, and US Core Responders need to ensure returned resources conform to appropriate US Core profiles when available.",Test,US Core Responders,SHOULD,True,Section 3.3.1
REQ-212,212,Operation parameters should conform to US Core Profiles when possible,"""If the operation parameter is a resource, it SHOULD conform to a US Core Profiles whenever possible.""","FHIR RESTful operations define parameters, and when these parameters are resources, they should align with US Core profiles where feasible.",Test,US Core Implementers,SHOULD,True,Section 3.3.2
REQ-213,213,Servers should not use contained resources in query responses,"""When responding to a query, Servers SHOULD not use inline [contained](http://hl7.org/fhir/R4/references.html#contained) resources to represent the returned data.""","Contained resources should only be used when source data exists within the context of the FHIR transaction, not for general query responses.",Test,Servers,SHOULD,False,Section 3.3.3
REQ-214,214,Contained resources should conform to US Core profiles,"""In addition, if referencing a contained resource in a US Core Profile, the contained resource SHOULD be a US Core Profile if a US Core Profile exists for the resource type.""","When contained resources are used in US Core profiles, they should maintain consistency with US Core profiling standards.",Test,US Core Implementers,SHOULD,True,Section 3.3.3
REQ-215,215,Optional elements with suppressed data should be omitted,"""For elements with a minimum cardinality = 0 (including elements labeled Must Support), the element SHOULD be omitted from the resource.""","When data is suppressed for security or privacy reasons, optional elements should be completely removed rather than populated with absent reason codes.",Test,Data Providers,SHOULD,False,Section 3.3.4
REQ-216,216,SNOMED CT implementers should provide US Edition system URI,"""However, for terminology Servers to be able to validate US Edition-only codes, implementers SHOULD provide the accompanying system URI to describe the edition as shown in option two.""","When using SNOMED CT codes in US Core Profiles, terminology servers need to be able to validate US Edition-specific codes.",Test,US Core Implementers,SHOULD,False,Section 3.3.5
REQ-217,217,SNOMED CT implementers may use default system URI,"""When using SNOMED codes in US Core Profiles, implementers MAY use the default system URI, which refers to an unspecified edition/version, as shown in option one below.""","US Core allows flexibility in SNOMED CT system URI specification, though the US Edition URI is preferred for validation purposes.",Test,US Core Implementers,MAY,False,Section 3.3.5
REQ-218,218,FHIR Server should not delete records,"""A FHIR Server SHOULD not delete records.""","To maintain data integrity and audit trails, servers should avoid permanent deletion of clinical records.",Test,FHIR Servers,SHOULD,False,Section 3.3.8
REQ-219,219,FHIR Server should update status to entered-in-error or inactive,"""A FHIR Server SHOULD update the appropriate resource status to entered-in-error or inactive (refer to the next section).""","Instead of deleting records, servers should mark them with appropriate status values to indicate they are no longer current.",Test,FHIR Servers,SHOULD,False,Section 3.3.8
REQ-220,220,Systems should refer to FHIR deletion safety checks if supporting deletion,"""If a system supports the deletion of records, they SHOULD refer to the [Deletion Safety Checks](http://hl7.org/fhir/R4/safety.html#conformance) in the FHIR specification.""","When deletion is implemented, systems must follow FHIR safety guidelines to prevent data integrity issues.",Inspection,FHIR Systems,SHOULD,True,Section 3.3.8
REQ-221,221,FHIR Server should allow searching entered-in-error resources,"""A FHIR Server SHOULD allow these resources to be searchable by Client applications.""",Resources marked as entered-in-error should remain discoverable to clients so they can provide appropriate information to end users.,Test,FHIR Servers,SHOULD,False,Section 3.3.9
REQ-222,222,FHIR Server should remove contents for patient-facing applications with entered-in-error resources,"""For *patient facing* applications, A FHIR Server SHOULD remove the resource's contents, leaving only an id and status.""","When resources are marked entered-in-error, patient-facing applications should only see minimal information to indicate the error status without exposing the erroneous content.",Test,FHIR Servers,SHOULD,True,Section 3.3.9
REQ-223,223,Servers should support _lastUpdated search parameter,"""Servers SHOULD support the [_lastUpdated](http://hl7.org/fhir/R4/search.html#lastUpdated) search parameter for US Core Profiles and SHOULD populate [Resource.meta.lastUpdated](http://hl7.org/fhir/R4/resource.html#Meta) for US Core Profiles as accurately as possible.""",The _lastUpdated parameter enables clients to efficiently retrieve only resources that have changed since a specific time.,Test,Servers,SHOULD,False,Section 3.3.15
REQ-224,224,Servers shall document _lastUpdated parameter capabilities,"""Servers SHALL document in CapabilityStatement.rest.resource.searchParam.documentation the types of changes that can be detected using the _lastUpdated search parameter""",Clients need to understand what types of changes trigger updates to the _lastUpdated timestamp to properly interpret search results.,Inspection,Servers,SHALL,True,Section 3.3.15
REQ-225,225,Clients should use _include to retrieve referenced content,"""When the Server supports it, Clients SHOULD use the _include search parameter to retrieve referenced content instead of searching for a resource and then performing a separate search for other references (for example, Patient, Encounter, and Location) in the result set.""",Using _include parameter reduces API calls and improves efficiency by retrieving related resources in a single request.,Test,Clients,SHOULD,True,Section 3.3.19
REQ-226,226,Clients should consolidate duplicate searches when _include unsupported,"""If the Server does not support the _include search parameter, Clients SHOULD consolidate duplicate searches before searching for referenced resources in the result set""","When _include is not available, clients should optimize their search strategy to minimize redundant API calls.",Test,Clients,SHOULD,True,Section 3.3.19
REQ-227,227,Clients should respect Cache-Control headers,"""If Cache-Control is present in the Server response headers, the Clients SHOULD NOT search the same data within the time stated in Cache-Control headers.""",HTTP caching mechanisms help reduce unnecessary API calls and server load while ensuring clients work with appropriately fresh data.,Test,Clients,SHOULD NOT,True,Section 3.3.19
REQ-228,228,Tribal affiliation extension SHALL include tribalAffiliation sub-extension,"""extension:tribalAffiliation [...] 1.1 [...] Affiliated tribe or band name""",The US Core Tribal Affiliation Extension is a complex extension that represents a tribe or band with which a person associates. The extension has mandatory and optional sub-extensions for capturing tribal affiliation information.,Test,System implementing US Core Tribal Affiliation Extension,SHALL,True,Section 14.178 Extension: US Core Tribal Affiliation Extension
REQ-229,229,"Tribal affiliation sub-extension url SHALL be ""tribalAffiliation""","""url [...] 1.1 [...] \""tribalAffiliation\""""",The tribalAffiliation sub-extension within the US Core Tribal Affiliation Extension must have a specific URL identifier to properly identify the tribal affiliation information.,Test,System implementing US Core Tribal Affiliation Extension,SHALL,True,Section 14.178 Extension: US Core Tribal Affiliation Extension
REQ-230,230,Tribal affiliation value SHALL be CodeableConcept,"""value[x] [...] 1.1 [CodeableConcept]""",The value for the tribalAffiliation sub-extension must be represented as a CodeableConcept data type to enable structured representation of tribal entity information.,Test,System implementing US Core Tribal Affiliation Extension,SHALL,True,Section 14.178 Extension: US Core Tribal Affiliation Extension
REQ-231,231,Tribal affiliation value SHALL be from TribalEntityUS value set if applicable codes exist,"""To be conformant, the concept in this element SHALL be from the specified value set if any of the codes within the value set can apply to the concept being communicated. If the value set does not cover the concept (based on human review), alternate codings (or, data type allowing, text) may be included instead.""","The tribal affiliation CodeableConcept has an extensible binding to the TribalEntityUS value set, requiring conformant systems to use codes from this value set when applicable codes exist.",Test,System implementing US Core Tribal Affiliation Extension,SHALL,True,Section 14.178 Extension: US Core Tribal Affiliation Extension
REQ-232,232,"isEnrolled sub-extension url SHALL be ""isEnrolled"" when present","""url [...] 1.1 [...] \""isEnrolled\""""",The optional isEnrolled sub-extension within the US Core Tribal Affiliation Extension must have a specific URL identifier when used to indicate enrollment status.,Test,System implementing US Core Tribal Affiliation Extension,SHALL,True,Section 14.178 Extension: US Core Tribal Affiliation Extension
REQ-233,233,isEnrolled value SHALL be boolean when present,"""value[x] [...] 1.1 [boolean]""",The value for the isEnrolled sub-extension must be represented as a boolean data type to indicate whether the individual is an enrolled tribe member.,Test,System implementing US Core Tribal Affiliation Extension,SHALL,True,Section 14.178 Extension: US Core Tribal Affiliation Extension
REQ-234,234,"Extension url SHALL be ""http://hl7.org/fhir/us/core/StructureDefinition/us-core-tribal-affiliation""","""url [...] 1.1 [...] \""http://hl7.org/fhir/us/core/StructureDefinition/us-core-tribal-affiliation\""""",The US Core Tribal Affiliation Extension must have the specific canonical URL to properly identify it as this extension type.,Test,System implementing US Core Tribal Affiliation Extension,SHALL,True,Section 14.178 Extension: US Core Tribal Affiliation Extension
REQ-235,235,Servers must support minimum set of ten Common Clinical Notes,"""Servers SHALL support, at *minimum*, these ten ""Common Clinical Notes"": 1. [Consultation Note (11488-4)], 2. [Discharge Summary (18842-5)], 3. [History & Physical Note (34117-2)], 4. [Procedures Note (28570-0)], 5. [Progress Note (11506-3)], 6. [Imaging Narrative (18748-4)], 7. [Laboratory Report Narrative (11502-2)], 8. [Pathology Report Narrative (11526-1)], 9. [Surgical Operation Note (11504-8)], 10. [Emergency Department Note (34111-5)]""",Clinical notes exchange requirements for FHIR servers to support minimum interoperability for patient clinical documentation,Test,FHIR Servers,SHALL,False,Section 3.4.1 Clinical Notes
REQ-236,236,Servers must support minimum set of three DiagnosticReport categories,"""Servers SHALL support, at *minimum*, these three DiagnosticReport categories: 1. [Cardiology (LP29708-2)], 2. [Pathology (LP7839-6)], 3. [Radiology (LP29684-5)]""",DiagnosticReport category support requirements for clinical reports exchange,Test,FHIR Servers,SHALL,False,Section 3.4.1 Clinical Notes
REQ-237,237,FHIR Server must expose overlapping scanned reports through both DiagnosticReport and DocumentReference,"""To enable consistent access to scanned DiagnosticReport clinical reports, the FHIR Server SHALL expose these overlapping scanned or narrative-only reports through *both* DiagnosticReport and DocumentReference by representing the same attachment URL using the corresponding elements listed below.""",Requirement for duplicate exposure of scanned clinical reports to ensure clients can access all clinical information regardless of query approach,Test,FHIR Servers,SHALL,False,Section 3.4.2 FHIR Resources to Exchange Clinical Notes
REQ-238,238,PDF attachments in DiagnosticReport must be accessible through DocumentReference,"""For example, when DiagnosticReport.presentedForm.url references a Scan (PDF), that Attachment SHALL also be accessible through DocumentReference.content.attachment.url.""",Specific requirement ensuring PDF reports accessible through both resource types for comprehensive client access,Test,FHIR Servers,SHALL,False,Section 3.4.2 FHIR Resources to Exchange Clinical Notes
REQ-239,239,Specific clinical notes should be exposed via DiagnosticReport,"""The following SHOULD be exposed via DiagnosticReport: * Imaging Narrative * Laboratory Report Narrative * Pathology Report Narrative * Procedure Note""",Recommended mapping of specific clinical note types to DiagnosticReport resource for consistent access patterns,Test,FHIR Servers,SHOULD,False,Section 3.4.2.1 Support Requirements
REQ-240,240,FHIR servers should support $expand operation,"""Therefore, a FHIR server claiming support to this guide SHOULD support the $expand operation.""",Value set expansion operation support for clients to discover supported note types and formats on servers,Test,FHIR Servers,SHOULD,False,Section 3.4.3 Determining Server Note Type
REQ-241,241,US Core Profile StructureDefinitions define minimum elements with mandatory presence constraint,"""US Core Profile [StructureDefinitions](http://hl7.org/fhir/R4/structuredefinition.html) define the *minimum* elements, extensions, vocabularies, and ValueSets that SHALL be present and constrains how the elements are used when using the profile.""","US Core Profiles define structural requirements for FHIR resources including mandatory elements, extensions, vocabularies, and ValueSets that must be present when implementing the profiles",Test,Systems implementing US Core Profiles,SHALL,False,Section 2.2.1 US Core Conformance Artifacts
REQ-242,242,Profile Only Support servers must populate mandatory and Must Support elements,"""To support a US Core Profile, a Server: * SHALL Be able to populate all profile data elements that are mandatory and flagged as Must Support as defined by that profile's StructureDefinition.""",Requirements for servers that support US Core Profiles for representing clinical information without implementing RESTful interactions,Test,Servers supporting Profile Only Support,SHALL,False,Section 2.2.2.1 Profile Only Support
REQ-243,243,Profile Only Support servers should declare profile support in CapabilityStatement,"""* SHOULD declare support for a US Core Profile by including its official URL in the Server's CapabilityStatement.rest.resource.supportedProfile element.""",Recommendation for servers to declare their US Core Profile support in their CapabilityStatement for Profile Only Support implementation,Inspection,Servers supporting Profile Only Support,SHOULD,False,Section 2.2.2.1 Profile Only Support
REQ-244,244,Conformant servers must populate mandatory and Must Support elements,"""A conformant Server: * SHALL Be able to populate all profile data elements that are mandatory and/or flagged as Must Support as defined by that profile's StructureDefinition.""",Requirements for servers claiming conformance to US Core Profiles with full interaction support,Test,Conformant Servers,SHALL,False,Section 2.2.2.2.1 Claiming conformance to a US Core Profile
REQ-245,245,Conformant servers should declare US Core CapabilityStatement conformance,"""* SHOULD declare conformance with the [US Core Server CapabilityStatement](CapabilityStatement-us-core-server.html) by including its official URL in the Server's CapabilityStatement.instantiates element: http://hl7.org/fhir/us/core/CapabilityStatement/us-core-Server""",Recommendation for servers to declare conformance with US Core Server CapabilityStatement,Inspection,Conformant Servers,SHOULD,False,Section 2.2.2.2.1 Claiming conformance to a US Core Profile
REQ-246,246,Conformant servers must specify full capability details from US Core CapabilityStatement,"""* SHALL specify the full capability details from the US Core CapabilityStatement it claims to implement.""",Requirement for servers to include complete capability details when claiming US Core conformance,Inspection,Conformant Servers,SHALL,False,Section 2.2.2.2.1 Claiming conformance to a US Core Profile
REQ-247,247,Required binding requires use of ValueSet codes,"""[Required binding] to a ValueSet definition means that one of the codes from the specified ValueSet SHALL be used.""",FHIR terminology requirements for coded elements with required binding strength,Test,Systems using required binding coded elements,SHALL,False,Section 2.2.3.1 Required Bindings For Coded Elements
REQ-248,248,US Core Responders must provide codes exclusively from required ValueSets,"""US Core Responders SHALL provide a code *exclusively* from this ValueSet in AllergyIntolerance.clinicalStatus.code.""","Requirement for US Core Responders when using elements with required binding to ValueSets, using AllergyIntolerance.clinicalStatus as example",Test,US Core Responders,SHALL,False,Section 2.2.3.1 Required Bindings For Coded Elements
REQ-249,249,US Core Requestors must process codes from required ValueSets,"""US Core Requestors SHALL be capable of processing the code in AllergyIntolerance.clinicalStatus.code.""","Requirement for US Core Requestors to process codes from required ValueSets, using AllergyIntolerance.clinicalStatus as example",Test,US Core Requestors,SHALL,False,Section 2.2.3.1 Required Bindings For Coded Elements
REQ-250,250,Extensible binding requires use of ValueSet codes when applicable concept exists,"""[Extensible Binding](http://hl7.org/fhir/R4/terminologies.html#extensible) means that one of the codes from the specified ValueSet SHALL be used if an applicable concept is present.""",FHIR terminology requirements for coded elements with extensible binding strength,Test,Systems using extensible binding coded elements,SHALL,True,Section 2.2.3.3 Extensible Binding for Coded Elements
REQ-251,251,US Core Responders must provide appropriate codes or alternatives for extensible binding,"""US Core Responders SHALL provide: + A code from this valueset in AllergyIntolerance.code.code *if the concept exists* in the ValueSet + Or an alternative code *if the concept does not exist* in the ValueSet + Or text in `AllergyIntolerance.code. text' if only text is available.""","Requirements for US Core Responders when dealing with extensible binding elements, using AllergyIntolerance.code as example",Test,US Core Responders,SHALL,False,Section 2.2.3.3 Extensible Binding for Coded Elements
REQ-252,252,US Core Requestors must process codes or text from extensible binding elements,"""US Core Requestors SHALL be capable of processing the code in AllergyIntolerance.code.code or text in AllergyIntolerance.code.text""",Requirements for US Core Requestors to process both coded and text values from extensible binding elements,Test,US Core Requestors,SHALL,False,Section 2.2.3.3 Extensible Binding for Coded Elements
REQ-253,253,Servers and Clients must process Mandatory and Must Support elements,"""Although Servers and Clients SHALL be able to process [Mandatory](must-support.html) or [Must Support](must-support.html) elements""",Basic requirement for processing mandatory and Must Support elements in US Core implementations,Test,Servers and Clients,SHALL,False,Section 2.2.5 Modifier Elements
REQ-254,254,Missing data elements with minimum cardinality 0 must be omitted,"""If the source system does not have data for an element with a minimum cardinality = 0 (including elements labeled *Must Support*), the data element SHALL be omitted from the resource.""",Handling of missing data for optional elements in US Core resources,Test,Source systems,SHALL,True,Section 2.2.6 Missing Data
REQ-255,255,Mandatory elements must be present even when data is missing,"""However, if the data element is a *Mandatory* element (in other words, where the minimum cardinality is > 0), it SHALL be present *even if* the source system does not have data.""",Handling of missing data for mandatory elements in US Core resources,Test,Source systems,SHALL,True,Section 2.2.6 Missing Data
REQ-256,256,Servers supporting search must support HTTP POST-based search,"""The [FHIR RESTful Search API](http://hl7.org/fhir/R4/http.html#search) requires that Servers that support search SHALL support the HTTP POST-based search.""",HTTP method requirements for FHIR RESTful search API implementation,Test,Servers that support search,SHALL,False,Section 2.2.7 FHIR RESTful Search API Requirements
REQ-257,257,Servers must support HTTP GET-based search for all supported search interactions,"""For all the supported search interactions in this guide, Servers SHALL also support the GET-based search.""",HTTP GET method requirement for all supported search interactions in US Core,Test,Servers,SHALL,True,Section 2.2.7 FHIR RESTful Search API Requirements
REQ-258,258,Clients must provide at least code value for token search parameters,"""When searching using the token type searchparameter [(how to search by token)](http://hl7.org/fhir/R4/search.html#token) + The Client SHALL provide at least a code value and MAY provide both the system and code values.""",Requirements for clients when using token type search,,,,,
REQ-259,259,medicationAdherence value must be CodeableConcept type,"""value[x] [...] 1.1 [CodeableConcept]""",The value element of the medicationAdherence sub-extension must be of type CodeableConcept.,Test,Systems implementing medicationAdherence sub-extension,SHALL,False,Section 14.175.1 Formal Views - Differential Table
REQ-260,260,dateAsserted value must be dateTime type,"""value[x] [...] 1.1 [dateTime]""",The value element of the dateAsserted sub-extension must be of type dateTime.,Test,Systems implementing dateAsserted sub-extension,SHALL,False,Section 14.175.1 Formal Views - Differential Table
REQ-261,261,informationSource value must be CodeableConcept type,"""value[x] [...] 1.1 [CodeableConcept]""",The value element of the informationSource sub-extension must be of type CodeableConcept when present.,Test,Systems implementing informationSource sub-extension,SHALL,True,Section 14.175.1 Formal Views - Differential Table
REQ-262,262,OMB Category value binding requirement,"""To be conformant, the concept in this element SHALL be from the specified value set [Race Categories]""",The ombCategory extension value must use codes from the OMB Standards for race categories,Test,Systems implementing the ombCategory extension,SHALL,False,Section 14.176.2 Extension.extension:ombCategory.value[x] binding
REQ-263,263,Detailed race value binding requirement,"""To be conformant, the concept in this element SHALL be from the specified value set [Detailed race including absence reasons]""",The detailed extension value must use codes from the CDC detailed race code set,Test,Systems implementing the detailed extension,SHALL,False,Section 14.176.2 Extension.extension:detailed.value[x] binding
REQ-264,264,ASKU/UNK exclusivity constraint,"""If 'ASKU' or 'UNK' are present, then no other OMB race categories can be present""","Systems must enforce mutual exclusivity between ""Asked but Unknown"" or ""Unknown"" race codes and other OMB race category codes",Test,Systems implementing the US Core Race Extension,SHALL,False,Section 14.176.2.2 Constraints us-core-23
REQ-265,265,HIE must maintain clinical content fidelity during redistribution,"""The HIE must maintain the clinical content fidelity (original author, author organization, and timestamp).""","In Health Information Exchange redistribution scenarios, when an HIE facilitates information exchange between partners by redistributing information without transformation",Test,Health Information Exchange (HIE),MUST,False,Section 3.6.3.3 HIE Redistribution
REQ-266,266,HIE must track transmitter information for auditing,"""In addition, the HIE must keep track of who sent them the information for auditing; however, they are not required to include the original transmitter when redistributing content.""","In HIE redistribution scenarios, HIEs need to maintain audit trails of information sources while having flexibility in what transmission information to include when redistributing",Test,Health Information Exchange (HIE),MUST,False,Section 3.6.3.3 HIE Redistribution
REQ-267,267,Provenance timestamp and target pointer are required in all cases,"""The timestamp and pointer (i.e., target) to the appropriate Resource are required in all cases and must be included.""","Universal requirement for all Provenance records regardless of use case, ensuring basic traceability information is always present",Test,All systems using US Core Provenance Profile,MUST,False,Section 3.6.3.3 HIE Redistribution
REQ-268,268,Systems should support individual level provenance elements when data is captured,"""However, all of these elements and target resources SHOULD be supported in the profiles if the system captures the data.""",Individual level provenance elements in US Core profiles that communicate author and author role information corresponding to USCDI Provenance Author and Author Role Data Elements requirements,Test,Systems implementing US Core profiles,SHOULD,True,Section 3.6.4 Individual Level Provenance
REQ-269,269,Server support for clinical judgment representation using US Core Condition or Simple Observation profiles,"""Every Server that supports the USDCI Data Class 'Health Status/Assessments': SHALL support representing clinical judgments using [US Core Condition Problems and Health Concerns Profile] or [US Core Simple Observation Profile].""","Servers supporting USCDI Health Status/Assessments data class must provide capability to represent clinical judgments made by clinicians, whether based on simple observations or detailed assessments",Test,Server,SHALL,True,Section 3.7.3.1
REQ-270,270,Reference to structured screening assessment in Simple Observation derivedFrom element,"""The US Core Simple Observation Profile's Observation.derivedFrom element SHOULD reference the Structured Screening and Assessment upon which clinical judgment observations are made""","When clinical judgment observations are derived from structured screening and assessments, the source assessment should be referenced to maintain traceability",Test,System creating US Core Simple Observation,SHOULD,True,Section 3.7.3.1
REQ-271,271,Reference to structured screening assessment in Condition evidence detail element,"""the US Core Condition Profile's Condition.evidence.detail element SHOULD reference the Structured Screening and Assessment which assist in diagnosing problems or health concerns""","When problems or health concerns are diagnosed based on structured screening and assessments, the supporting evidence should reference the source assessment",Test,System creating US Core Condition,SHOULD,True,Section 3.7.3.1
REQ-272,272,Server support for US Core Observation Screening Assessment Profile,"""Servers that support the USCDI Health Status/Assessments Data Class SHALL support the US Core Observation Screening Assessment Profile""",Servers supporting USCDI Health Status/Assessments data class must provide capability to handle structured screening and assessment observations,Test,Server,SHALL,True,Section 3.7.3.2
REQ-273,273,Server support for SDC Base Questionnaire and US Core QuestionnaireResponse Profile,"""Servers that support the USCDI Health Status/Assessments Data Class SHOULD support the SDC Base Questionnaire and the US Core QuestionnaireResponse Profile""",Servers supporting USCDI Health Status/Assessments data class should provide capability to handle questionnaire-based screening and assessments,Test,Server,SHOULD,True,Section 3.7.3.2
REQ-274,274,Server support for category codes in Simple Observation and Observation Screening Assessment Profiles,"""For the US Core Simple Observation Profile and US Core Observation Screening Assessment Profiles, Servers SHALL support all the category codes listed above [sdoh, functional-status, cognitive-status, disability-status, activity, social-history]""",Servers must support specific USCDI Health Assessments Data Elements category codes for proper categorization and querying of health assessment data,Test,Server,SHALL,False,Section 3.7.4.1
REQ-275,275,Server support for SDOH category code in Condition Problems and Health Concerns Profile,"""For the US Core Condition Problems and Health Concerns Profile, Servers SHALL support the code 'sdoh'""",Servers must support the SDOH category code for proper categorization of social determinants of health conditions,Test,Server,SHALL,False,Section 3.7.4.1
REQ-276,276,Server support for additional category codes in Condition Problems and Health Concerns Profile,"""For the US Core Condition Problems and Health Concerns Profile, Servers SHOULD support the other category codes listed above [functional-status, cognitive-status, disability-status, activity, social-history]""",Servers should support additional USCDI Health Assessments Data Elements category codes for comprehensive categorization of health conditions,Test,Server,SHOULD,False,Section 3.7.4.1
REQ-277,277,Server support for category codes in ServiceRequest Profile,"""For the US Core ServiceRequest Profile, Servers SHOULD support all the above category codes [sdoh, functional-status, cognitive-status, disability-status, activity, social-history]""",Servers should support USCDI Health Assessments Data Elements category codes for proper categorization of service requests,Test,Server,SHOULD,False,Section 3.7.4.1
REQ-278,278,Extensible binding treatment for USCDI Health Assessments value sets,"""Implementers SHOULD treat these value sets as having an [extensible] binding""",USCDI Health Assessments Data Element value sets should be treated as extensibly bound to promote interoperability while allowing for additional codes when needed,Analysis,Implementer,SHOULD,False,Section 3.7.4.2.1
REQ-279,279,Use of Gravity value sets for SDOH data in US Core Profiles,"""when recording SDOH data US Core Profiles, Servers SHOULD use them [Gravity Project-managed value sets]""","When recording social determinants of health data, servers should use the narrower, more specific Gravity Project value sets rather than broader US Core value sets",Test,Server,SHOULD,True,Section 3.7.4.3
REQ-280,280,Extension definition URL must be a URI for the Structure Definition,"""The definition SHALL be a URI for the Structure Definition defining the extension.""","This requirement applies to the url element within extension definitions, specifying that the definition must point to a URI that identifies the Structure Definition for the extension.",Test,FHIR implementers,SHALL,False,"Extension definition, url element"
REQ-281,281,Tribal affiliation codes must be taken from TribalEntityUS value set,"""Unless not suitable, these codes SHALL be taken from [TribalEntityUS] Tribal Entity recognized by the United States Bureau Of Indian Affairs.""","This requirement applies to the tribalAffiliation extension value[x] element, which must use codes from the specified tribal entity value set for representing affiliated tribes or bands.",Test,FHIR implementers,SHALL,True,Extension.extension:tribalAffiliation.value[x] binding
REQ-282,282,FHIR elements must have a value or children,"""All FHIR elements must have a @value or children (hasValue() or (children().count() > id.count()))""",This invariant applies to all extension elements to ensure they contain meaningful content either as a primitive value or through child elements.,Test,FHIR implementers,SHALL,False,Invariant ele-1
REQ-283,283,"Extensions must have either extensions or value, not both","""Must have either extensions or value[x], not both (extension.exists() != value.exists())""","This invariant applies to extension elements to ensure proper structure by having either nested extensions or a value, but not both simultaneously.",Test,FHIR implementers,SHALL,False,Invariant ext-1
REQ-284,284,Extension requirements for definition of extensions,"""Though any implementer can define an extension, there is a set of requirements that SHALL be met as part of the definition of the extension.""","This requirement applies to implementers who define custom extensions, establishing that there are mandatory requirements that must be satisfied when creating extension definitions.",Test,Extension implementers,SHALL,False,Extension.extension definition
REQ-285,285,Contained resources must not contain nested resources,"""If the resource is contained in another resource, it SHALL NOT contain nested Resources (contained.contained.empty())""",This is an invariant rule (dom-2) that applies to the USCoreMedicationProfile resource when it is contained within another FHIR resource,Test,FHIR Implementation,SHALL,True,Medication invariant dom-2
REQ-286,286,Contained resources must be referenced or refer to containing resource,"""If the resource is contained in another resource, it SHALL be referred to from elsewhere in the resource or SHALL refer to the containing resource""",This is an invariant rule (dom-3) ensuring proper referential integrity for contained USCoreMedicationProfile resources,Test,FHIR Implementation,SHALL,True,Medication invariant dom-3
REQ-287,287,Contained resources must not have version metadata,"""If a resource is contained in another resource, it SHALL NOT have a meta.versionId or a meta.lastUpdated (contained.meta.versionId.empty() and contained.meta.lastUpdated.empty())""",This is an invariant rule (dom-4) restricting metadata for contained USCoreMedicationProfile resources,Test,FHIR Implementation,SHALL,True,Medication invariant dom-4
REQ-288,288,Contained resources must not have security labels,"""If a resource is contained in another resource, it SHALL NOT have a security label (contained.meta.security.empty())""",This is an invariant rule (dom-5) restricting security metadata for contained USCoreMedicationProfile resources,Test,FHIR Implementation,SHALL,True,Medication invariant dom-5
REQ-289,289,Medication code must use prescribed value set,"""Unless not suitable, these codes SHALL be taken from [Medication Clinical Drug] (extensible to http://cts.nlm.nih.gov/fhir/ValueSet/2.16.840.1.113762.1.4.1010.4)""",The medication code element in USCoreMedicationProfile must use codes from the specified value set unless not suitable,Test,FHIR Implementation,SHALL,False,Medication.code binding
REQ-290,290,Medication status must use required value set,"""The codes SHALL be taken from [Medication Status Codes] (required to http://hl7.org/fhir/ValueSet/medication-status 4.0.1)""",The status element in USCoreMedicationProfile must use codes from the required Medication Status Codes value set,Test,FHIR Implementation,SHALL,False,Medication.status binding
REQ-291,291,Modifier extensions must not change core element meanings,"""Modifier extensions SHALL NOT change the meaning of any elements on Resource or DomainResource (including cannot change the meaning of modifierExtension itself)""","When modifier extensions are used in USCoreMedicationProfile, they must not alter the fundamental meaning of core FHIR elements",Test,FHIR Implementation,SHALL NOT,True,Medication.modifierExtension definition
REQ-292,292,Applications must check for modifier extensions,"""Applications processing a resource are required to check for modifier extensions""",Systems processing USCoreMedicationProfile resources must actively check for and handle modifier extensions appropriately,Test,FHIR Application,REQUIRED,False,Medication.modifierExtension definition
REQ-293,293,RelatedPerson must provide either name or relationship,"""Either a name or a relationship SHALL be provided (or both) (name.exists() or relationship.exists())""",US Core RelatedPerson Profile business rule ensuring minimum identifying information is present,Test,Systems implementing US Core RelatedPerson Profile,SHALL,False,"Section 14.159, invariant us-core-14"
REQ-294,294,Relationship codes should use PatientRelationshipType value set,"""The codes SHOULD be taken from PatientRelationshipType (preferred to http://hl7.org/fhir/ValueSet/relatedperson-relationshiptype)""",US Core RelatedPerson Profile terminology binding for relationship types,Test,Systems implementing US Core RelatedPerson Profile,SHOULD,False,"Section 14.159, RelatedPerson.relationship binding"
REQ-295,295,Gender codes must use AdministrativeGender value set,"""The codes SHALL be taken from AdministrativeGender (required to http://hl7.org/fhir/ValueSet/administrative-gender 4.0.1)""",US Core RelatedPerson Profile terminology binding for gender values,Test,Systems implementing US Core RelatedPerson Profile,SHALL,True,"Section 14.159, RelatedPerson.gender binding"
REQ-296,296,Communication language codes should use CommonLanguages value set,"""The codes SHOULD be taken from CommonLanguages (preferred to http://hl7.org/fhir/ValueSet/languages)""",US Core RelatedPerson Profile terminology binding for communication language,Test,Systems implementing US Core RelatedPerson Profile,SHOULD,True,"Section 14.159, RelatedPerson.communication.language binding"
REQ-297,297,US Core Responders SHALL be capable of populating all Must Support data elements in query results,"""US Core Responders SHALL be capable of populating all data elements as part of the query results specified by the [US Core Server CapabilityStatement](CapabilityStatement-us-core-server.html).""",Must Support elements in US Core Profiles define server capabilities for populating data elements in query responses according to the US Core Server CapabilityStatement,Test,US Core Responders,SHALL,False,Section 2.3.2
REQ-298,298,US Core Requestors SHALL be capable of processing resource instances containing Must Support data elements without error,"""US Core Requestors SHALL be capable of processing resource instances containing the data elements without generating an error or causing the application to fail. This processing may result in a determination not to use the resource if the resource content does not meet business requirements.""",Must Support elements in US Core Profiles define client capabilities for processing received data elements in resource instances,Test,US Core Requestors,SHALL,False,Section 2.3.2
REQ-299,299,US Core Responders SHALL NOT include missing data elements when reason for absence is unknown,"""When information on a particular data element is not present, and the reason for absence is unknown, US Core Responders SHALL NOT include the data elements in the resource instance returned as part of the query results.""",Must Support elements handling for missing data when reason for absence is unknown,Test,US Core Responders,SHALL NOT,True,Section 2.3.2
REQ-300,300,US Core Requestors SHALL interpret missing data elements as data not present in responder's system,"""When querying US Core Responders, US Core Requestors SHALL interpret missing data elements within resource instances as data not present in the US Core Responder's system.""",Must Support elements handling for interpreting missing data elements in received resource instances,Test,US Core Requestors,SHALL,False,Section 2.3.2
REQ-301,301,US Core Responders SHOULD send reason for missing information when known,"""When information on a particular data element is missing or suppressed, refer to the guidance for [Missing Data](general-requirements.html#missing-data) and [Suppressed Data](general-guidance.html#suppressed-data). In cases where information on a specific data element is missing, *and* the US Core Responder knows the precise reason for the absence of data (other than suppressed data), US Core Responders SHOULD send the reason for the missing information.""",Must Support elements handling for missing data when reason for absence is known,Test,US Core Responders,SHOULD,True,Section 2.3.2
REQ-302,302,US Core Requestors SHALL be able to process resource instances containing data elements asserting missing information,"""US Core Requestors SHALL be able to process resource instances containing data elements asserting missing information.""",Must Support elements handling for processing data elements that explicitly assert missing information,Test,US Core Requestors,SHALL,False,Section 2.3.2
REQ-303,303,Certifying Systems SHALL interpret Additional USCDI Requirements as Must Support elements,"""Implementers seeking ASTP certification SHALL interpret *Additional USCDI Requirements* as *Must Support* elements as documented above and below; otherwise, they are considered optional.""",Additional USCDI Requirements handling for systems seeking ASTP Health IT Certification,Test,Implementers seeking ASTP certification,SHALL,True,Section 2.3.3
REQ-304,304,US Core Responders SHALL be capable of providing pattern-defined element values for Must Support elements,"""If an element is marked as *Must Support* and defined by a pattern, then the pattern defines the elements *and* element values that the Server SHALL be capable of providing.""",Must Support elements defined by patterns in StructureDefinitions for CodeableConcept and Coding datatypes,Test,US Core Responders (Server),SHALL,True,Section 2.3.4.4
REQ-305,305,Certifying Systems SHALL be capable of providing pattern-defined element values for Additional USCDI elements,"""If an element is marked as *Additional USCDI* and defined by a pattern, then the pattern defines the elements *and* element values that the Certifying System SHALL be capable of providing.""",Additional USCDI Requirements elements defined by patterns in StructureDefinitions for CodeableConcept and Coding datatypes,Test,Certifying System,SHALL,True,Section 2.3.4.4
REQ-306,306,Server SHALL be capable of providing primitive element values for Must Support elements,"""If they [primitive elements] are marked as *Must Support*, then the Server SHALL be capable of providing the element value to meet the *Must Support* requirement.""",Must Support primitive elements with single primitive values,Test,Server,SHALL,True,Section 2.3.4.5
REQ-307,307,Certifying System SHALL be capable of providing primitive element values for Additional USCDI elements,"""If they [primitive elements] are marked as *Additional USCDI*, then the Certifying System SHALL be capable of providing the element value to meet the *Additional USCDI* requirement.""",Additional USCDI primitive elements with single primitive values,Test,Certifying System,SHALL,True,Section 2.3.4.5
REQ-308,308,Server SHALL be capable of providing at least one sub-element value for Must Support complex elements,"""For any complex element marked as *Must Support*, the Server SHALL be capable of providing at least one of the sub-element values.""",Must Support complex elements composed of primitive and other complex elements,Test,Server,SHALL,True,Section 2.3.4.6
REQ-309,309,Certifying System SHALL be capable of providing at least one sub-element value for Additional USCDI complex elements,"""For any complex element marked as *Additional USCDI*, the Certifying System SHALL be capable of providing at least one of the sub-element values.""",Additional USCDI complex elements composed of primitive and other complex elements,Test,Certifying System,SHALL,True,Section 2.3.4.6
REQ-310,310,Server SHALL support Must Support sub-elements when parent element is represented,"""However, if the parent element is represented in the structure, Servers SHALL support the sub-element(s) marked as *Must Support* and Certifying System SHALL support the sub-elements labeled as *Additional USCDI*.""",Must Support sub-elements when parent element is not Must Support but is represented in the structure,Test,Server,SHALL,True,Section 2.3.4.6
REQ-311,311,Certifying System SHALL support Additional USCDI sub-elements when parent element is represented,"""However, if the parent element is represented in the structure, Servers SHALL support the sub-element(s) marked as *Must Support* and Certifying System SHALL support the sub-elements labeled as *Additional USCDI*.""",Additional USCDI sub-elements when parent element is not Additional USCDI but is represented in the structure,Test,Certifying System,SHALL,True,Section 2.3.4.6
REQ-312,312,Target profile SHALL be supported for Must Support Reference elements with single target,"""When a Reference type element is labeled as *Must Support* and has a single target profile referenced, the target profile SHALL be supported.""",Must Support Reference elements that reference a single target profile,Test,US Core Responders and Requestors,SHALL,True,Section 2.3.4.7.1
REQ-313,313,Target profile SHALL be supported for Additional USCDI Reference elements with single target,"""When a Reference type element is labeled as *Additional USCDI* and has a single target profile referenced, the target profile SHALL be supported for Certifying Systems.""",Additional USCDI Reference elements that reference a single target profile,Test,Certifying Systems,SHALL,True,Section 2.3.4.7.1
REQ-314,314,Must Support target profiles SHALL be supported for Must Support Reference elements with multiple targets,"""When a Reference type element is labeled as *Must Support*, has multiple target profiles referenced, and specific targets are labeled as *Must Support*, the *Must Support* target profile(s) SHALL be supported.""",Must Support Reference elements that reference multiple target profiles with some marked as Must Support,Test,US Core Responders and Requestors,SHALL,True,Section 2.3.4.7.1
REQ-315,315,Must Support target profiles SHALL be supported for Additional USCDI Reference elements with multiple targets,"""When a Reference type element labeled as *Additional USCDI*, has multiple target profiles referenced, and specific targets are labeled as *Must Support*, the *Must Support* target profile(s) SHALL be supported by Certifying Systems.""",Additional USCDI Reference elements that reference multiple target profiles with some marked as Must Support,Test,Certifying Systems,SHALL,True,Section 2.3.4.7.1
REQ-316,316,At least one target profile SHALL be supported for Must Support Reference elements with multiple unlabeled targets,"""When a Reference element is labeled as *Must Support* has multiple target profiles referenced, but none are labeled as *Must Support*, *at least one* target profile SHALL be supported.""",Must Support Reference elements that reference multiple target profiles with none specifically marked as Must Support,Test,US Core Responders,SHALL,True,Section 2.3.4.7.2
REQ-317,317,At least one target profile SHALL be supported for Additional USCDI Reference elements with multiple unlabeled targets,"""When a Reference element is labeled as *Additional USCDI* has multiple target profiles referenced, but none are labeled as *Must Support*, *at least one* target profile SHALL be supported by Certifying Systems.""",Additional USCDI Reference elements that reference multiple target profiles with none specifically marked as Must Support,Test,Certifying Systems,SHALL,True,Section 2.3.4.7.2
REQ-318,318,Server SHALL support Must Support labeled datatypes for choice elements,"""If a *Must Support* element has a choice of datatypes for its content, the datatypes the Server SHALL support are labeled as *Must Support*.""",Must Support elements with choice of datatypes where specific datatypes are marked as Must Support,Test,Server,SHALL,True,Section 2.3.4.8
REQ-319,319,Certifying System SHALL support Must Support labeled datatypes for Additional USCDI choice elements,"""If an *Additional USCDI* element has a choice of datatypes for its content, the datatypes the Certifying System SHALL support are",,,,,,
REQ-320,320,MedicationRequest resource query SHALL be sufficient to access all medications for a patient,"""A MedicationRequest resource query SHALL be all that is required to access ""all medications"" or ""all active medications"" for a patient. (In other words, no other medication resource type needs to be fetched)""","Requirements for accessing comprehensive medication lists define that only MedicationRequest queries are needed, eliminating the need to query multiple medication resource types",Test,System implementing medication access,SHALL,False,Section 3.5.2
REQ-321,321,Query result SHALL include all MedicationRequest resources with intent equals order representing authorized medication orders,"""The query result SHALL include all MedicationRequest resources with a MedicationRequest.intent = ""order"" representing authorized medication orders directly derived from the system's orders.""","When querying for patient medications, the response must include all medication orders that are directly derived from the system's medication orders",Test,System implementing medication queries,SHALL,False,Section 3.5.2
REQ-322,322,Query result SHALL include all prescribed and self-prescribed MedicationRequest resources with intent equals plan representing reported medications,"""The query result SHALL include all prescribed and ""self-prescribed"" MedicationRequest resources with a MedicationRequest.intent = ""plan"" representing reported medications.""",Medication queries must include both prescribed medications and self-prescribed medications that are reported by patients or providers,Test,System implementing medication queries,SHALL,False,Section 3.5.2
REQ-323,323,Servers SHALL use MedicationRequest.reported[x] element to indicate secondary reported records,"""Servers SHALL use the MedicationRequest.reported[x] element to indicate that the MedicationRequest record was captured as a secondary ""reported"" record rather than an original primary source-of-truth record. It may also indicate the source of the report.""","Systems must properly distinguish between original medication orders and those that are reported secondarily, using the appropriate FHIR element to indicate this distinction",Test,Servers,SHALL,False,Section 3.5.2
REQ-324,324,Servers SHOULD use MedicationRequest.requester element to indicate Patient or RelatedPerson as prescriber for self-prescribed medication,"""When recording ""self-prescribed"" medication, Servers SHOULD use the MedicationRequest.requester element to indicate the Patient or RelatedPerson is the prescriber.""","For medications that patients prescribe for themselves (such as over-the-counter medications), systems should properly indicate the patient or related person as the requester",Test,Servers,SHOULD,False,Section 3.5.2
REQ-325,325,Servers SHOULD support the encounter search parameter for medications,"""Servers SHOULD support the encounter search parameter. Searching by encounter will return all medications ordered during that encounter, including medications administered in the hospital and prescribed or discharge medications intended to be taken at home.""",Supporting encounter-based medication searches enables retrieval of all medications associated with a specific healthcare encounter,Test,Servers,SHOULD,False,Section 3.5.2
REQ-326,326,Servers MAY support category and encounter search parameters,"""Servers MAY support the search parameters category and encounter. This search will return all medications ordered during an encounter for a given MedicationRequest.category such as ""inpatient"".""",Optional support for combined category and encounter searches allows for more specific medication queries based on care setting,Test,Servers,MAY,False,Section 3.5.2
REQ-327,327,US Core Race Extension must enforce mutual exclusivity of ASKU/UNK with other OMB race categories,"""If 'ASKU' or 'UNK' are present, then no other OMB race categories can be present. (extension.where(url = 'ombCategory').value.where(code in 'ASKU' 'UNK').exists() implies extension.where(url = 'ombCategory').count() = 1)""",US Core Race Extension invariant us-core-23 defines business rule that ASKU (Asked but Unknown) or UNK (Unknown) race codes cannot coexist with other OMB race category codes in the same extension,Test,FHIR systems implementing US Core Race Extension,SHALL,False,Section 14.176
REQ-328,328,OMB Category codes must be taken from Race Categories value set,"""The codes SHALL be taken from [Race Categories .](https://vsac.nlm.nih.gov/valueset/2.16.840.1.113883.4.642.2.575/expansion) ([required](http://hl7.org/fhir/R4/terminologies.html#required) to http://cts.nlm.nih.gov/fhir/ValueSet/2.16.840.1.113883.4.642.2.575)""",OMB Category extension values must use codes from the specified Race Categories value set containing the 5 OMB race categories,Test,FHIR systems implementing US Core Race Extension,SHALL,False,Section 14.176
REQ-329,329,Detailed race codes must be taken from Detailed race including absence reasons value set,"""The codes SHALL be taken from [Detailed race including absence reasons. .](https://vsac.nlm.nih.gov/valueset/2.16.840.1.113762.1.4.1267.25/expansion) ([required](http://hl7.org/fhir/R4/terminologies.html#required) to http://cts.nlm.nih.gov/fhir/ValueSet/2.16.840.1.113762.1.4.1267.25)""",Detailed extension values must use codes from the specified value set containing the 900+ CDC race codes grouped under OMB categories,Test,FHIR systems implementing US Core Race Extension,SHALL,False,Section 14.176
REQ-330,330,Medication code shall use extensible binding to Medication Clinical Drug value set,"""To be conformant, the concept in this element SHALL be from the specified value set if any of the codes within the value set can apply to the concept being communicated. If the value set does not cover the concept (based on human review), alternate codings (or, data type allowing, text) may be included instead.""","The medication code element has an extensible binding to the Medication Clinical Drug value set (http://cts.nlm.nih.gov/fhir/ValueSet/2.16.840.1.113762.1.4.1010.4), requiring conformant systems to use codes from this value set when applicable.",Test,Systems implementing US Core Medication Profile,SHALL,False,Section 14.138.2 Formal Views - Medication.code binding
REQ-331,331,Contained medication resources shall not contain nested resources,"""If the resource is contained in another resource, it SHALL NOT contain nested Resources : contained.contained.empty()""","This constraint (dom-2) applies to medication resources that are contained within other resources, ensuring they do not have their own contained resources.",Test,Systems implementing US Core Medication Profile,SHALL,True,Section 14.138.2.2 Constraints - dom-2
REQ-332,332,Contained medication resources shall be properly referenced,"""If the resource is contained in another resource, it SHALL be referred to from elsewhere in the resource or SHALL refer to the containing resource""",This constraint (dom-3) ensures that contained medication resources are properly linked either by being referenced from elsewhere in the containing resource or by referring to the containing resource.,Test,Systems implementing US Core Medication Profile,SHALL,True,Section 14.138.2.2 Constraints - dom-3
REQ-333,333,Contained medication resources shall not have version or lastUpdated metadata,"""If a resource is contained in another resource, it SHALL NOT have a meta.versionId or a meta.lastUpdated : contained.meta.versionId.empty() and contained.meta.lastUpdated.empty()""",This constraint (dom-4) prevents contained medication resources from having version identification or last updated timestamps in their metadata.,Test,Systems implementing US Core Medication Profile,SHALL,True,Section 14.138.2.2 Constraints - dom-4
REQ-334,334,Contained medication resources shall not have security labels,"""If a resource is contained in another resource, it SHALL NOT have a security label : contained.meta.security.empty()""",This constraint (dom-5) ensures that contained medication resources do not include security labels in their metadata.,Test,Systems implementing US Core Medication Profile,SHALL,True,Section 14.138.2.2 Constraints - dom-5
REQ-335,335,All FHIR elements must have value or children,"""All FHIR elements must have a @value or children : hasValue() or (children().count() > id.count())""","This constraint (ele-1) applies to all elements in the medication resource, requiring that each element either has a value or contains child elements.",Test,Systems implementing US Core Medication Profile,SHALL,False,Section 14.138.2.2 Constraints - ele-1
REQ-336,336,"Extensions must have either extensions or value, not both","""Must have either extensions or value[x], not both : extension.exists() != value.exists()""","This constraint (ext-1) applies to all extensions in the medication resource, ensuring they contain either sub-extensions or a value, but not both.",Test,Systems implementing US Core Medication Profile,SHALL,False,Section 14.138.2.2 Constraints - ext-1
REQ-337,337,Modifier extensions shall not change meaning of resource elements,"""Applications processing a resource are required to check for modifier extensions. Modifier extensions SHALL NOT change the meaning of any elements on Resource or DomainResource (including cannot change the meaning of modifierExtension itself).""","This requirement applies to systems processing medication resources with modifier extensions, ensuring they check for and properly handle modifier extensions without allowing them to change the meaning of core resource elements.",Test,Applications processing US Core Medication resources,SHALL,False,Section 14.138.2 Formal Views - modifierExtension definition
REQ-338,338,Goal lifecycle status codes must be from required value set,"""The codes SHALL be taken from [GoalLifecycleStatus]""",This requirement ensures that the Goal.lifecycleStatus element uses only valid codes from the specified FHIR value set for goal lifecycle status,Test,FHIR implementation systems,SHALL,False,Section 14.131 Resource Profile: USCoreGoalProfile - Goal.lifecycleStatus binding
REQ-339,339,Goal Text codes should be from US Core Goal Codes value set,"""The codes SHOULD be taken from [US Core Goal Codes] ([preferred] to http://hl7.org/fhir/us/core/ValueSet/us-core-goal-Text)""",This requirement provides guidance on preferred coding for Goal.Text element using US Core specific goal codes,Test,FHIR implementation systems,SHOULD,False,Section 14.131 Resource Profile: USCoreGoalProfile - Goal.Text binding
REQ-340,340,Goal target measure is required if target detail is populated,"""Goal.target.measure is required if Goal.target.detail is populated ((detail.exists() and measure.exists()) or detail.exists().not())""",This is a FHIR invariant (gol-1) that ensures proper pairing of measure and detail elements in Goal targets,Test,FHIR implementation systems,SHALL,True,Section 14.131 Resource Profile: USCoreGoalProfile - Goal.target invariant gol-1
REQ-341,341,US Core RelatedPerson Profile SHALL specify which core elements SHALL be present,"""This profile sets minimum expectations for the RelatedPerson resource to record, search, and fetch basic administrative information about persons with a legal or familial relationship to a patient. It specifies which core elements, extensions, vocabularies, and value sets SHALL be present and constrains how the elements are used.""",The US Core RelatedPerson Profile defines mandatory data elements and constraints for representing persons related to patients in FHIR implementations,Test,Systems implementing US Core RelatedPerson Profile,SHALL,False,Section 14.159 Resource Profile
REQ-342,342,Systems SHOULD follow Project US@ Technical Specification for RelatedPerson address formatting,"""Systems SHOULD follow the [Project US@ Technical Specification for Patient Addresses Final Version 1.0](https://asapnet.org/wp-content/uploads/2022/03/Project_US_FINAL_Technical_Specification_Version_1.0.pdf) as the standard style guide for RelatedPerson.address.line and RelatedPerson.address.city.""",Profile specific implementation guidance for address formatting in RelatedPerson resources,Test,Systems implementing US Core RelatedPerson Profile,SHOULD,False,Section 14.159.1 Profile Specific Implementation Guidance
REQ-343,343,RelatedPerson SHALL have either a name or a relationship (or both),"""Either a name or a relationship SHALL be provided (or both) : name.exists() or relationship.exists()""",Constraint us-core-14 ensuring that RelatedPerson resources have sufficient identifying information,Test,Systems creating/validating US Core RelatedPerson resources,SHALL,False,Section 14.159.2.10 Constraints (us-core-14)
REQ-344,344,Servers providing access to related person data SHALL support US Core SMART Scopes,"""Servers providing access to related person data SHALL support these [US Core SMART Scopes](scopes.html#smart-scopes): * [resource level scopes](http://hl7.org/fhir/smart-app-launch/STU2.2/scopes-and-launch-context.html#scopes-for-requesting-clinical-data): <patient user system>/RelatedPerson.rs""",Security requirement for servers exposing RelatedPerson data through SMART on FHIR,Test,Servers providing access to related person data,SHALL,False,Section 14.159.3.1 US Core Scopes
REQ-345,345,Servers SHALL support read RelatedPerson by id AND RelatedPerson search using _id parameter,"""SHALL support both read RelatedPerson by id AND RelatedPerson search using the [_id](SearchParameter-us-core-relatedperson-id.html) search parameter: GET [base]/RelatedPerson/[id] or GET [base]/RelatedPerson?_id=[id]""",Mandatory search parameters for RelatedPerson resource access,Test,Servers supporting US Core RelatedPerson Profile,SHALL,False,Section 14.159.3.2 Mandatory Search Parameters
REQ-346,346,Servers SHOULD support searching for all relatedpersons for a patient using patient parameter,"""SHOULD support searching for all relatedpersons for a patient using the [patient](SearchParameter-us-core-relatedperson-patient.html) search parameter: GET [base]/RelatedPerson?patient={Type/}[id]""",Optional search parameters for enhanced RelatedPerson resource discovery,Test,Servers supporting US Core RelatedPerson Profile,SHOULD,False,Section 14.159.3.3 Optional Search Parameters
REQ-347,347,Servers SHOULD support searching using combination of patient and name parameters,"""SHOULD support searching using the combination of the [patient](SearchParameter-us-core-relatedperson-patient.html) and [name](SearchParameter-us-core-relatedperson-name.html) search parameters: GET [base]/RelatedPerson?patient={Type/}[id]&name=[string]""",Optional search parameters for enhanced RelatedPerson resource discovery by patient and name,Test,Servers supporting US Core RelatedPerson Profile,SHOULD,False,Section 14.159.3.3 Optional Search Parameters
REQ-348,348,PractitionerRole SHALL have contact information or reference to Endpoint,"""SHALL have contact information or a reference to an Endpoint (telecom.exists() or endpoint.exists())""",US Core PractitionerRole Profile invariant requiring that practitioners must have some form of contact information available,Test,FHIR Server implementing US Core PractitionerRole Profile,SHALL,False,Section 14.154 - Invariant pd-1
REQ-349,349,"PractitionerRole SHALL have practitioner, organization, healthcare service, or location","""SHALL have a practitioner, an organization, a healthcare service, or a location. (practitioner.exists() or organization.exists() or healthcareService.exists() or location.exists())""",US Core PractitionerRole Profile invariant ensuring that the practitioner role is associated with at least one of the core organizational entities,Test,FHIR Server implementing US Core PractitionerRole Profile,SHALL,False,Section 14.154 - Invariant us-core-13
REQ-350,350,PractitionerRole code values SHALL be taken from Care Team Member Function value set unless not suitable,"""Unless not suitable, these codes SHALL be taken from [Care Team Member Function] ([extensible] to http://cts.nlm.nih.gov/fhir/ValueSet/2.16.840.1.113762.1.4.1099.30)""",Binding requirement for practitioner role codes to use standardized care team function terminology,Test,FHIR Client/Server implementing US Core PractitionerRole Profile,SHALL,True,Section 14.154 - PractitionerRole.code binding
REQ-351,351,PractitionerRole specialty values SHALL be taken from Healthcare Provider Taxonomy value set unless not suitable,"""Unless not suitable, these codes SHALL be taken from [Healthcare Provider Taxonomy] ([extensible] to http://cts.nlm.nih.gov/fhir/ValueSet/2.16.840.1.114222.4.11.1066)""",Binding requirement for practitioner specialty codes to use standardized healthcare provider taxonomy,Test,FHIR Client/Server implementing US Core PractitionerRole Profile,SHALL,True,Section 14.154 - PractitionerRole.specialty binding
REQ-352,352,Telecom system codes SHALL be taken from ContactPointSystem value set,"""The codes SHALL be taken from [ContactPointSystem] ([required] to http://hl7.org/fhir/ValueSet/contact-point-system 4.0.1)""",Required binding for contact point system values in telecom elements,Test,FHIR Client/Server implementing US Core PractitionerRole Profile,SHALL,True,Section 14.154 - PractitionerRole.telecom.system binding
REQ-353,353,Telecom use codes SHALL be taken from ContactPointUse value set,"""The codes SHALL be taken from [ContactPointUse] ([required] to http://hl7.org/fhir/ValueSet/contact-point-use 4.0.1)""",Required binding for contact point use values in telecom elements,Test,FHIR Client/Server implementing US Core PractitionerRole Profile,SHALL,True,Section 14.154 - PractitionerRole.telecom.use binding
REQ-354,354,Specimen status codes SHALL be taken from SpecimenStatus value set,"""The codes SHALL be taken from [SpecimenStatus](http://hl7.org/fhir/R4/valueset-specimen-status.html) ([required](http://hl7.org/fhir/R4/terminologies.html#required) to http://hl7.org/fhir/ValueSet/specimen-status 4.0.1)""",This binding requirement ensures consistent status coding for US Core Specimen Profile resources.,Test,FHIR implementer,SHALL,False,"Section 14.164, Specimen.status"
REQ-355,355,Specimen type codes SHALL be taken from specified value set unless not suitable,"""Unless not suitable, these codes SHALL be taken from [Specimen type .](https://vsac.nlm.nih.gov/valueset/2.16.840.1.113762.1.4.1099.54/expansion) ([extensible](http://hl7.org/fhir/R4/terminologies.html#extensible) to http://cts.nlm.nih.gov/fhir/ValueSet/2.16.840.1.113762.1.4.1099.54)""",This extensible binding requirement provides standardized specimen type coding for the US Core Specimen Profile.,Test,FHIR implementer,SHALL,True,"Section 14.164, Specimen.type"
REQ-356,356,Body site codes SHALL be taken from SNOMED CT Body Structures unless not suitable,"""Unless not suitable, these codes SHALL be taken from [SNOMEDCTBodyStructures](http://hl7.org/fhir/R4/valueset-body-site.html) ([extensible](http://hl7.org/fhir/R4/terminologies.html#extensible) to http://hl7.org/fhir/ValueSet/body-site)""",This extensible binding requirement provides standardized body site coding for specimen collection sites in the US Core Specimen Profile.,Test,FHIR implementer,SHALL,True,"Section 14.164, Specimen.collection.bodySite"
REQ-357,357,Specimen condition codes SHALL be taken from US Core Specimen Condition value set unless not suitable,"""Unless not suitable, these codes SHALL be taken from [US Core Specimen Condition](ValueSet-us-core-specimen-condition.html) ([extensible](http://hl7.org/fhir/R4/terminologies.html#extensible) to http://hl7.org/fhir/us/core/ValueSet/us-core-specimen-condition)""",This extensible binding requirement provides standardized specimen condition coding for the US Core Specimen Profile.,Test,FHIR implementer,SHALL,True,"Section 14.164, Specimen.condition"
REQ-358,358,Clinical status presence requirement for conditions not entered-in-error,"""Condition.clinicalStatus SHALL be present if verificationStatus is not entered-in-error and category is problem-list-item""",US Core Condition Encounter Diagnosis Profile requiring clinical status to be populated when the condition is verified and categorized as a problem list item,Test,FHIR implementer,SHALL,True,Section 14.124 - Condition invariant con-3
REQ-359,359,Clinical status requirement for abated conditions,"""If condition is abated, then clinicalStatus must be either inactive, resolved, or remission""",US Core Condition Encounter Diagnosis Profile requiring appropriate clinical status when a condition has abated,Test,FHIR implementer,SHALL,True,Section 14.124 - Condition invariant con-4
REQ-360,360,Clinical status prohibition for entered-in-error conditions,"""Condition.clinicalStatus SHALL NOT be present if verification Status is entered-in-error""",US Core Condition Encounter Diagnosis Profile prohibiting clinical status when verification status indicates data entry error,Test,FHIR implementer,SHALL NOT,True,Section 14.124 - Condition invariant con-5
REQ-361,361,Clinical status value set binding requirement,"""The codes SHALL be taken from ConditionClinicalStatusCodes""",US Core Condition Encounter Diagnosis Profile requiring specific value set for clinical status codes,Test,FHIR implementer,SHALL,True,Section 14.124 - Condition.clinicalStatus binding
REQ-362,362,Verification status value set binding requirement,"""The codes SHALL be taken from ConditionVerificationStatus""",US Core Condition Encounter Diagnosis Profile requiring specific value set for verification status codes,Test,FHIR implementer,SHALL,True,Section 14.124 - Condition.verificationStatus binding
REQ-363,363,Category value set binding requirement,"""Unless not suitable, these codes SHALL be taken from ConditionCategoryCodes""",US Core Condition Encounter Diagnosis Profile requiring specific value set for category codes with extensible binding,Test,FHIR implementer,SHALL,True,Section 14.124 - Condition.category binding
REQ-364,364,Stage summary or assessment requirement,"""Stage SHALL have summary or assessment""",US Core Condition Encounter Diagnosis Profile requiring stage to include either summary or assessment,Test,FHIR implementer,SHALL,True,Section 14.124 - Condition.stage invariant con-1
REQ-365,365,Evidence code or detail requirement,"""evidence SHALL have code or details""",US Core Condition Encounter Diagnosis Profile requiring evidence to include either code or detail,Test,FHIR implementer,SHALL,True,Section 14.124 - Condition.evidence invariant con-2
REQ-366,366,Clinical status must be present when verification status is not entered-in-error,"""AllergyIntolerance.clinicalStatus SHALL be present if verificationStatus is not entered-in-error. (verificationStatus.coding.where(system = 'http://terminology.hl7.org/CodeSystem/allergyintolerance-verification' and code = 'entered-in-error').exists() or clinicalStatus.exists())""",Invariant rule for USCore AllergyIntolerance profile ensuring clinical status is provided unless the allergy/intolerance record is marked as entered-in-error,Test,System implementing USCore AllergyIntolerance profile,SHALL,True,AllergyIntolerance invariant ait-1
REQ-367,367,Clinical status must not be present when verification status is entered-in-error,"""AllergyIntolerance.clinicalStatus SHALL NOT be present if verification Status is entered-in-error (verificationStatus.coding.where(system = 'http://terminology.hl7.org/CodeSystem/allergyintolerance-verification' and code = 'entered-in-error').empty() or clinicalStatus.empty())""",Invariant rule for USCore AllergyIntolerance profile ensuring clinical status is omitted when the allergy/intolerance record is marked as entered-in-error,Test,System implementing USCore AllergyIntolerance profile,SHALL NOT,True,AllergyIntolerance invariant ait-2
REQ-368,368,Clinical status codes must be taken from required value set,"""The codes SHALL be taken from [AllergyIntoleranceClinicalStatusCodes](http://hl7.org/fhir/R4/valueset-allergyintolerance-clinical.html) ([required](http://hl7.org/fhir/R4/terminologies.html#required) to http://hl7.org/fhir/ValueSet/allergyintolerance-clinical)""",Binding requirement for clinicalStatus element in USCore AllergyIntolerance profile,Test,System implementing USCore AllergyIntolerance profile,SHALL,False,AllergyIntolerance.clinicalStatus binding
REQ-369,369,Verification status codes must be taken from required value set,"""The codes SHALL be taken from [AllergyIntoleranceVerificationStatusCodes](http://hl7.org/fhir/R4/valueset-allergyintolerance-verification.html) ([required](http://hl7.org/fhir/R4/terminologies.html#required) to http://hl7.org/fhir/ValueSet/allergyintolerance-verification)""",Binding requirement for verificationStatus element in USCore AllergyIntolerance profile,Test,System implementing USCore AllergyIntolerance profile,SHALL,False,AllergyIntolerance.verificationStatus binding
REQ-370,370,Allergy/intolerance codes should be taken from extensible value set unless not suitable,"""Unless not suitable, these codes SHALL be taken from [Common substances for allergy and intolerance documentation including refutations .](https://vsac.nlm.nih.gov/valueset/",,,,,,
REQ-371,371,Servers providing careteam data must support US Core SMART Scopes,"""Servers providing access to careteam data SHALL support these US Core SMART Scopes: resource level scopes: <patient user system>/CareTeam.rs""",US Core Scopes requirements for server access control,Test,Servers providing access to careteam data,SHALL,False,Section 14.123.3.1 US Core Scopes
REQ-372,372,Servers must support search by patient and status parameters,"""SHALL support searching using the combination of the patient and status search parameters""",Mandatory Search Parameters for CareTeam resources,Test,Server systems implementing US Core CareTeam Profile,SHALL,False,Section 14.123.3.2 Mandatory Search Parameters
REQ-373,373,DiagnosticReport effective[x] SHALL be present for specific status values,"""effective[x] SHALL be present if the status is 'partial', 'preliminary', 'final', 'amended', 'corrected' or 'appended' ((status='partial' or status='preliminary' or status='final' or status='amended' or status='corrected' or status='appended') implies effective.exists())""",US Core specific requirement ensuring effective time is provided for diagnostic reports with specific status values,Test,System implementing DiagnosticReport,SHALL,True,"Section 14.128, DiagnosticReport invariant us-core-10"
REQ-374,374,DiagnosticReport status codes SHALL be taken from DiagnosticReportStatus value set,"""The codes SHALL be taken from DiagnosticReportStatus ([required] to http://hl7.org/fhir/ValueSet/diagnostic-report-status)""",Terminology binding requirement for DiagnosticReport.status field,Test,System implementing DiagnosticReport,SHALL,False,"Section 14.128, DiagnosticReport.status binding"
REQ-375,375,DiagnosticReport category us-core slice SHALL use US Core diagnostic report categories,"""The codes SHALL be taken from US Core Diagnostic Report Category Codes ([required] to http://hl7.org/fhir/us/core/ValueSet/us-core-diagnosticreport-category)""",Terminology binding requirement for the us-core slice of DiagnosticReport.category,Test,System implementing DiagnosticReport,SHALL,False,"Section 14.128, DiagnosticReport.category:us-core binding"
REQ-376,376,Systems SHALL be capable of sending local codes for DiagnosticReport.code,"""Systems SHALL be capable of sending the local code if one exists""",Code handling requirement for DiagnosticReport.code to support local coding systems,Test,System implementing DiagnosticReport,SHALL,True,"Section 14.128, DiagnosticReport.code comments"
REQ-377,377,DiagnosticReport.code SHALL use US Core Non Laboratory Codes unless not suitable,"""Unless not suitable, these codes SHALL be taken from US Core Non Laboratory Codes ([extensible] to http://hl7.org/fhir/us/core/ValueSet/us-core-diagnosticreport-report-and-note-codes)""",Terminology binding requirement for DiagnosticReport.code with extensible binding,Test,System implementing DiagnosticReport,SHALL,True,"Section 14.128, DiagnosticReport.code binding"
REQ-378,378,DiagnosticReport presentedForm formats SHALL be semantically equivalent,"""Multiple formats are allowed but they SHALL be semantically equivalent""",Requirement for maintaining semantic equivalence across multiple presented forms of the diagnostic report,Test,System implementing DiagnosticReport,SHALL,True,"Section 14.128, DiagnosticReport.presentedForm definition"
REQ-379,379,Applications SHALL check for modifier extensions in DiagnosticReport,"""Applications processing a resource are required to check for modifier extensions. Modifier extensions SHALL NOT change the meaning of any elements on Resource or DomainResource (including cannot change the meaning of modifierExtension itself)""",FHIR modifier extension processing requirement for DiagnosticReport resources,Test,Applications processing DiagnosticReport resources,SHALL,False,"Section 14.128, DiagnosticReport.modifierExtension definition"
REQ-380,380,Performed element shall be present for completed or in-progress procedures,"""Performed SHALL be present if the status is 'completed' or 'in-progress' ((status='completed' or status='in-progress') implies performed.exists())""",This requirement ensures that timing information is captured for procedures that have been completed or are currently in progress within the US Core Procedure Profile.,Test,System implementing US Core Procedure Profile,SHALL,True,"Section 14.155, Invariant us-core-7"
REQ-381,381,Status codes shall be taken from EventStatus value set,"""The codes SHALL be taken from [EventStatus](http://hl7.org/fhir/R4/valueset-event-status.html) ([required](http://hl7.org/fhir/R4/terminologies.html#required) to http://hl7.org/fhir/ValueSet/event-status)""",This requirement constrains the allowable values for the procedure status element in the US Core Procedure Profile to ensure standardized status reporting.,Test,System implementing US Core Procedure Profile,SHALL,False,"Section 14.155, Procedure.status"
REQ-382,382,Procedure codes should be taken from US Core Procedure Codes value set,"""The codes SHOULD be taken from [US Core Procedure Codes](ValueSet-us-core-procedure-code.html) ([preferred](http://hl7.org/fhir/R4/terminologies.html#preferred) to http://hl7.org/fhir/us/core/ValueSet/us-core-procedure-code)""",This requirement provides guidance for coding procedures within the US Core Procedure Profile using standardized terminology.,Test,System implementing US Core Procedure Profile,SHOULD,False,"Section 14.155, Procedure.code"
REQ-383,383,Reason codes shall be taken from US Core Condition Codes unless not suitable,"""Unless not suitable, these codes SHALL be taken from [US Core Condition Codes](ValueSet-us-core-condition-code.html) ([extensible](http://hl7.org/fhir/R4/terminologies.html#extensible) to http://hl7.org/fhir/us/core/ValueSet/us-core-condition-code)""",This requirement constrains the coding of procedure reason codes within the US Core Procedure Profile to ensure standardized reason reporting with flexibility for unsuitable cases.,Test,System implementing US Core Procedure Profile,SHALL,True,"Section 14.155, Procedure.reasonCode"
REQ-384,384,Device action codes should be taken from ProcedureDeviceActionCodes value set,"""The codes SHOULD be taken from [ProcedureDeviceActionCodes](http://hl7.org/fhir/R4/valueset-device-action.html) ([preferred](http://hl7.org/fhir/R4/terminologies.html#preferred) to http://hl7.org/fhir/ValueSet/device-action)""",This requirement provides guidance for coding device actions during procedures within the US Core Procedure Profile focal device elements.,Test,System implementing US Core Procedure Profile,SHOULD,True,"Section 14.155, Procedure.focalDevice.action"
REQ-385,385,URI usage requirement for US Core defined code systems,"""If a URI is listed here, it SHALL be used in the US Core profiles to identify the code system in preference to any other code system URI.""",Code system identification requirements for US Core profiles to ensure consistent terminology reference,Test/Inspection,US Core profile implementers,SHALL,True,Section 7.1.2 Code Systems
REQ-386,386,FHIR URI code system usage requirement over VSAC identifiers,"""However, these code system identifiers [VSAC Code System OIDs and names] SHOULD NOT be used. The FHIR URIs code systems are defined as part of FHIR and SHOULD be used instead.""",Code system identifier preference when accessing value sets through VSAC to maintain FHIR compliance,Test/Inspection,FHIR implementers accessing VSAC,SHOULD NOT/SHOULD,False,Section 7.1.3.1 How to Access Value Sets in VSAC
REQ-387,387,US Core Goal Profile SHALL be present with minimum expectations,"""This profile sets minimum expectations for the Goal resource to record, search, and fetch Goal information associated with a patient. It specifies which core elements, extensions, vocabularies, and value sets SHALL be present and constrains how the elements are used.""",The US Core Goal Profile inherits from the FHIR Goal resource and defines minimum expectations for interoperability in US healthcare systems,Test,Systems implementing US Core Goal Profile,SHALL,False,Section 14.131 Resource Profile
REQ-388,388,Server system SHALL support at least one of startDate or target dueDate elements,"""Although both Goal.startDate and Goal.target.dueDate are marked as Must Support, the Server system is not required to support both, but SHALL support at least one of these elements.""",Must Support elements for date tracking in Goal resources,Test,Server system,SHALL,False,Section 14.131.1 Profile Specific Implementation Guidance
REQ-389,389,Client application SHALL support both startDate and target dueDate elements,"""The Client application SHALL support both elements [Goal.startDate and Goal.target.dueDate].""",Must Support elements for date tracking in Goal resources,Test,Client application,SHALL,False,Section 14.131.1 Profile Specific Implementation Guidance
REQ-390,390,Servers SHALL support US Core Goal SMART Scopes,"""Servers providing access to goal data SHALL support these [US Core SMART Scopes]""",Authorization and access control for Goal resources,Test,Servers providing access to goal data,SHALL,False,Section 14.131.3.1 US Core Scopes
REQ-391,391,SHALL support searching for all goals by patient parameter,"""SHALL support searching for all goals for a patient using the [patient] search parameter: GET [base]/Goal?patient={Type/}[id]""",Mandatory search parameters for Goal resources,Test,Systems supporting Goal search,SHALL,False,Section 14.131.3.2 Mandatory Search Parameters
REQ-392,392,SHOULD support searching using patient and lifecycle-status parameters,"""SHOULD support searching using the combination of the [patient] and [lifecycle-status] search parameters: GET [base]/Goal?patient={Type/}[id]&lifecycle-status={system }[code]""",Optional search parameters for enhanced Goal resource filtering,Test,Systems supporting Goal search,SHOULD,False,Section 14.131.3.3 Optional Search Parameters
REQ-393,393,SHOULD support searching using patient and target-date parameters with comparators,"""SHOULD support searching using the combination of the [patient] and [target-date] search parameters: including support for these target-date comparators: gt,lt,ge,le""",Optional search parameters for date-based Goal resource filtering,Test,Systems supporting Goal search,SHOULD,False,Section 14.131.3.3 Optional Search Parameters
REQ-394,394,SHOULD support searching using patient and Text parameters,"""SHOULD support searching using the combination of the [patient] and [Text] search parameters: GET [base]/Goal?patient={Type/}[id]&Text={system }[code]""",Optional search parameters for Text-based Goal resource filtering,Test,Systems supporting Goal search,SHOULD,False,Section 14.131.3.3 Optional Search Parameters
REQ-395,395,DiagnosticReport resource SHALL NOT contain nested resources if contained in another resource,"""If the resource is contained in another resource, it SHALL NOT contain nested Resources (contained.contained.empty())""",FHIR invariant for DiagnosticReport resources that are contained within other resources to prevent circular containment,Test,System implementing US Core DiagnosticReport Profile Laboratory Reporting,SHALL,False,Section 14.127 - Invariant dom-2
REQ-396,396,Contained DiagnosticReport SHALL be referenced from elsewhere in resource or refer to containing resource,"""If the resource is contained in another resource, it SHALL be referred to from elsewhere in the resource or SHALL refer to the containing resource""",FHIR invariant ensuring contained resources are properly referenced to maintain referential integrity,Test,System implementing US Core DiagnosticReport Profile Laboratory Reporting,SHALL,True,Section 14.127 - Invariant dom-3
REQ-397,397,Contained DiagnosticReport SHALL NOT have meta.versionId or meta.lastUpdated,"""If a resource is contained in another resource, it SHALL NOT have a meta.versionId or a meta.lastUpdated (contained.meta.versionId.empty() and contained.meta.lastUpdated.empty())""",FHIR invariant preventing version tracking metadata on contained resources,Test,System implementing US Core DiagnosticReport Profile Laboratory Reporting,SHALL,True,Section 14.127 - Invariant dom-4
REQ-398,398,Contained DiagnosticReport SHALL NOT have security label,"""If a resource is contained in another resource, it SHALL NOT have a security label (contained.meta.security.empty())""",FHIR invariant preventing security labels on contained resources,Test,System implementing US Core DiagnosticReport Profile Laboratory Reporting,SHALL,True,Section 14.127 - Invariant dom-5
REQ-399,399,DiagnosticReport effective[x] SHALL be present for specific status values,"""effective[x] SHALL be present if the status is 'partial', 'preliminary', 'final', 'amended', 'corrected' or 'appended' ((status='partial' or status='preliminary' or status='final' or status='amended' or status='corrected' or status='appended' ) implies effective.exists())""",US Core specific requirement ensuring diagnostic reports have effective time for certain status values,Test,System implementing US Core DiagnosticReport Profile Laboratory Reporting,SHALL,True,Section 14.127 - Invariant us-core-8
REQ-400,400,DiagnosticReport issued SHALL be present for specific status values,"""issued SHALL be present if the status is 'partial', 'preliminary', 'final', 'amended', 'corrected' or 'appended' ((status='partial' or status='preliminary' or status='final' or status='amended' or status='corrected' or status='appended' ) implies issued.exists())""",US Core specific requirement ensuring diagnostic reports have issued time for certain status values,Test,System implementing US Core DiagnosticReport Profile Laboratory Reporting,SHALL,True,Section 14.127 - Invariant us-core-9
REQ-401,401,DiagnosticReport status codes SHALL be taken from DiagnosticReportStatus value set,"""The codes SHALL be taken from DiagnosticReportStatus""",Binding requirement for status element to use required terminology from FHIR DiagnosticReportStatus value set,Test,System implementing US Core DiagnosticReport Profile Laboratory Reporting,SHALL,False,Section 14.127 - DiagnosticReport.status binding
REQ-402,402,DiagnosticReport code SHALL be taken from US Core Laboratory Test Codes unless not suitable,"""Unless not suitable, these codes SHALL be taken from US Core Laboratory Test Codes""",Extensible binding requirement for diagnostic report code element to US Core Laboratory Test Codes value set,Test,System implementing US Core DiagnosticReport Profile Laboratory Reporting,SHALL,True,Section 14.127 - DiagnosticReport.code binding
REQ-403,403,Systems SHALL be capable of sending local code if one exists,"""Systems SHALL be capable of sending the local code if one exists""",US Core requirement for systems to include local laboratory codes when available in addition to standard codes,Test,System implementing US Core DiagnosticReport Profile Laboratory Reporting,SHALL,True,Section 14.127 - DiagnosticReport.code comments
REQ-404,404,Applications processing DiagnosticReport SHALL check for modifier extensions,"""Applications processing a resource are required to check for modifier extensions. Modifier extensions SHALL NOT change the meaning of any elements on Resource or DomainResource (including cannot change the meaning of modifierExtension itself)""",FHIR requirement for applications to handle modifier extensions properly without changing core element meanings,Test,Application processing US Core DiagnosticReport Profile Laboratory Reporting,SHALL,False,Section 14.127 - DiagnosticReport.modifierExtension definition
REQ-405,405,Device status codes must be from required value set,"""The codes SHALL be taken from [FHIRDeviceStatus](http://hl7.org/fhir/R4/valueset-device-status.html) ([required](http://hl7.org/fhir/R4/terminologies.html#required) to http://hl7.org/fhir/ValueSet/device-status 4.0.1)""",Device.status element binding requirement for device availability status values,Test,System implementer,SHALL,True,"Section 14.135, Device.status binding"
REQ-406,406,Device type codes must be from extensible value set,"""Unless not suitable, these codes SHALL be taken from [FHIRDeviceTypes](http://hl7.org/fhir/R4/valueset-device-kind.html) ([extensible](http://hl7.org/fhir/R4/terminologies.html#extensible) to http://hl7.org/fhir/ValueSet/device-kind)""",Device.type element binding requirement for device type/kind codes,Test,System implementer,SHALL,False,"Section 14.135, Device.type binding"
REQ-407,407,UDI entry type codes must be from required value set,"""The codes SHALL be taken from [UDIEntryType](http://hl7.org/fhir/R4/valueset-udi-entry-type.html) ([required](http://hl7.org/fhir/R4/terminologies.html#required) to http://hl7.org/fhir/ValueSet/udi-entry-type 4.0.1)""",Device.udiCarrier.entryType element binding requirement for UDI data entry method codes,Test,System implementer,SHALL,True,"Section 14.135, Device.udiCarrier.entryType binding"
REQ-408,408,Device name type codes must be from required value set,"""The codes SHALL be taken from [DeviceNameType](http://hl7.org/fhir/R4/valueset-device-nametype.html) ([required](http://hl7.org/fhir/R4/terminologies.html#required) to http://hl7.org/fhir/ValueSet/device-nametype 4.0.1)""",Device.deviceName.type element binding requirement for device name type classification,Test,System implementer,SHALL,True,"Section 14.135, Device.deviceName.type binding"
REQ-409,409,AIDC formats must be base64 encoded,"""Because of limitations on character sets in XML and the need to round-trip JSON data through XML, AIDC Formats *SHALL* be base64 encoded.""",Device.udiCarrier.carrierAIDC element encoding requirement for automatic identification and data capture formats,Test,System implementer,SHALL,True,"Section 14.135, Device.udiCarrier.carrierAIDC"
REQ-410,410,Applications must check for modifier extensions,"""Applications processing a resource are required to check for modifier extensions. Modifier extensions SHALL NOT change the meaning of any elements on Resource or DomainResource (including cannot change the meaning of modifierExtension itself).""",Modifier extension processing requirement for maintaining resource integrity,Test,System implementer,SHALL,False,"Section 14.135, Device.modifierExtension"
REQ-411,411,ServiceRequest resource SHALL conform to contained resource restrictions,"""If the resource is contained in another resource, it SHALL NOT contain nested Resources (contained.contained.empty())""",Part of dom-2 invariant for ServiceRequest resource profile defining containment rules for nested resources,Test,FHIR Implementation,SHALL,False,Section 14.161 ServiceRequest invariants
REQ-412,412,ServiceRequest resource SHALL be properly referenced when contained,"""If the resource is contained in another resource, it SHALL be referred to from elsewhere in the resource or SHALL refer to the containing resource""",Part of dom-3 invariant for ServiceRequest resource profile defining reference requirements for contained resources,Test,FHIR Implementation,SHALL,True,Section 14.161 ServiceRequest invariants
REQ-413,413,Contained ServiceRequest SHALL not have version or lastUpdated metadata,"""If a resource is contained in another resource, it SHALL NOT have a meta.versionId or a meta.lastUpdated (contained.meta.versionId.empty() and contained.meta.lastUpdated.empty())""",Part of dom-4 invariant for ServiceRequest resource profile defining metadata restrictions for contained resources,Test,FHIR Implementation,SHALL,True,Section 14.161 ServiceRequest invariants
REQ-414,414,Contained ServiceRequest SHALL not have security labels,"""If a resource is contained in another resource, it SHALL NOT have a security label (contained.meta.security.empty())""",Part of dom-5 invariant for ServiceRequest resource profile defining security label restrictions for contained resources,Test,FHIR Implementation,SHALL,True,Section 14.161 ServiceRequest invariants
REQ-415,415,ServiceRequest orderDetail SHALL only be present if code is present,"""orderDetail SHALL only be present if code is present (orderDetail.empty() or code.exists())""",Part of prr-1 invariant for ServiceRequest resource profile defining dependency between orderDetail and code elements,Test,FHIR Implementation,SHALL,False,Section 14.161 ServiceRequest invariants
REQ-416,416,ServiceRequest status codes SHALL be taken from RequestStatus value set,"""The codes SHALL be taken from [RequestStatus]""",Binding requirement for ServiceRequest.status element to ensure proper status codes are used,Test,FHIR Implementation,SHALL,False,Section 14.161 ServiceRequest.status
REQ-417,417,ServiceRequest intent codes SHALL be taken from RequestIntent value set,"""The codes SHALL be taken from [RequestIntent]""",Binding requirement for ServiceRequest.intent element to ensure proper intent codes are used,Test,FHIR Implementation,SHALL,False,Section 14.161 ServiceRequest.intent
REQ-418,418,ServiceRequest category us-core slice codes SHALL be taken from US Core ServiceRequest Category Codes,"""The codes SHALL be taken from [US Core ServiceRequest Category Codes]""",Binding requirement for ServiceRequest.category:us-core slice to ensure proper category codes are used for US Core conformance,Test,FHIR Implementation,SHALL,False,Section 14.161 ServiceRequest.category:us-core
REQ-419,419,ServiceRequest code SHALL be taken from US Core Procedure Codes unless not suitable,"""Unless not suitable, these codes SHALL be taken from [US Core Procedure Codes]""",Extensible binding requirement for ServiceRequest.code element allowing flexibility when standard codes are not suitable,Test,FHIR Implementation,SHALL,True,Section 14.161 ServiceRequest.code
REQ-420,420,ServiceRequest reasonCode SHALL be taken from US Core Condition Codes unless not suitable,"""Unless not suitable, these codes SHALL be taken from [US Core Condition Codes]""",Extensible binding requirement for ServiceRequest.reasonCode element allowing flexibility when standard codes are not suitable,Test,FHIR Implementation,SHALL,True,Section 14.161 ServiceRequest.reasonCode
REQ-421,421,Applications processing ServiceRequest SHALL check for modifier extensions,"""Applications processing a resource are required to check for modifier extensions. Modifier extensions SHALL NOT change the meaning of any elements on Resource or DomainResource (including cannot change the meaning of modifierExtension itself).""",General requirement for processing ServiceRequest resources with modifier extensions to ensure proper interpretation,Test,FHIR Application,SHALL,False,Section 14.161 ServiceRequest.modifierExtension
REQ-422,422,Extension requirements SHALL be met for ServiceRequest extensions,"""Though any implementer can define an extension, there is a set of requirements that SHALL be met as part of the definition of the extension.""",General requirement for defining extensions on ServiceRequest resources to ensure proper governance,Test,FHIR Implementer,SHALL,True,Section 14.161 ServiceRequest.extension
REQ-423,423,Contained resources shall not contain nested resources,"""If the resource is contained in another resource, it SHALL NOT contain nested Resources (contained.contained.empty())""",Invariant dom-2 applies to the USCoreObservationSexualOrientationProfile to ensure proper containment hierarchy,Test,Systems implementing USCoreObservationSexualOrientationProfile,SHALL,False,"Section 14.147, Invariant dom-2"
REQ-424,424,Contained resources shall be referenced from elsewhere or refer to containing resource,"""If the resource is contained in another resource, it SHALL be referred to from elsewhere in the resource or SHALL refer to the containing resource""",Invariant dom-3 applies to the USCoreObservationSexualOrientationProfile to ensure contained resources are properly referenced,Test,Systems implementing USCoreObservationSexualOrientationProfile,SHALL,False,"Section 14.147, Invariant dom-3"
REQ-425,425,Contained resources shall not have meta.versionId or meta.lastUpdated,"""If a resource is contained in another resource, it SHALL NOT have a meta.versionId or a meta.lastUpdated (contained.meta.versionId.empty() and contained.meta.lastUpdated.empty())""",Invariant dom-4 applies to the USCoreObservationSexualOrientationProfile to restrict metadata on contained resources,Test,Systems implementing USCoreObservationSexualOrientationProfile,SHALL,False,"Section 14.147, Invariant dom-4"
REQ-426,426,Contained resources shall not have security labels,"""If a resource is contained in another resource, it SHALL NOT have a security label (contained.meta.security.empty())""",Invariant dom-5 applies to the USCoreObservationSexualOrientationProfile to restrict security labels on contained resources,Test,Systems implementing USCoreObservationSexualOrientationProfile,SHALL,False,"Section 14.147, Invariant dom-5"
REQ-427,427,dataAbsentReason shall only be present if value is not present,"""dataAbsentReason SHALL only be present if Observation.value[x] is not present (dataAbsentReason.empty() or value.empty())""",Invariant obs-6 applies to the USCoreObservationSexualOrientationProfile to ensure proper use of dataAbsentReason,Test,Systems implementing USCoreObservationSexualOrientationProfile,,,
REQ-428,428,Evidence code or detail requirement,"""evidence SHALL have code or details""","This requirement ensures that when evidence is provided in the USCoreConditionProblemsHealthConcernsProfile, it includes either coded information or detailed references",Test,FHIR Server/Client implementing USCoreConditionProblemsHealthConcernsProfile,SHALL,True,Section 14.125 - Invariant con-2
REQ-429,429,US Core Immunization resource SHALL have additional NDC coding when CVX coding exists,"""SHOULD have an additional coding to the NDC value set (vaccineCode.coding.where(system='http://hl7.org/fhir/sid/cvx').exists() implies vaccineCode.coding.where(system='http://hl7.org/fhir/sid/ndc').exists())""","This is an invariant (us-core-5) that applies to the US Core Immunization Profile, requiring that when a CVX (vaccine code) coding is present in the vaccineCode element, there should also be an NDC (National Drug Code) coding present",Test,US Core Immunization implementers,SHOULD,False,"Section 14.134, Immunization invariant us-core-5"
REQ-430,430,Immunization status codes SHALL be taken from required value set,"""The codes SHALL be taken from [ImmunizationStatusCodes](http://hl7.org/fhir/R4/valueset-immunization-status.html) ([required](http://hl7.org/fhir/R4/terminologies.html#required) to http://hl7.org/fhir/ValueSet/immunization-status)""",The status element in US Core Immunization must use codes from the specified FHIR value set for immunization status,Test,US Core Immunization implementers,SHALL,False,"Section 14.134, Immunization.status binding"
REQ-431,431,Vaccine codes SHALL be taken from CVX value set unless not suitable,"""Unless not suitable, these codes SHALL be taken from [CVX Vaccines Administered Vaccine Set](https://vsac.nlm.nih.gov/valueset/2.16.840.1.113762.1.4.1010.6/expansion) ([extensible](http://hl7.org/fhir/R4/terminologies.html#extensible) to http://cts.nlm.nih.gov/fhir/ValueSet/2.16.840.1.113762.1.4.1010.6)""","The vaccineCode element binding requires use of CVX codes unless they are not suitable, with extensible binding strength",Test,US Core Immunization implementers,SHALL,True,"Section 14.134, Immunization.vaccineCode binding"
REQ-432,432,Educational material SHALL have either documentType or reference,"""One of documentType or reference SHALL be present (documentType.exists() or reference.exists())""",This is an invariant (imm-1) for the education element requiring at least one of documentType or reference to be populated,Test,US Core Immunization implementers using education element,SHALL,True,"Section 14.134, Immunization.education invariant imm-1"
REQ-433,433,Location status code value binding requirement,"""The codes SHALL be taken from LocationStatus""",US Core Location Profile status field value set binding for location availability status,Test,Location resource implementer,SHALL,True,"Section 14.137, Location.status binding"
REQ-434,434,Location type extensible value set binding,"""Unless not suitable, these codes SHALL be taken from ServiceDeliveryLocationRoleType""",US Core Location Profile type field binding to service delivery location role types,Test,Location resource implementer,SHALL,True,"Section 14.137, Location.type binding"
REQ-435,435,Location address use value binding requirement,"""The codes SHALL be taken from AddressUse""",US Core Location Profile address use field value set binding,Test,Location resource implementer,SHALL,True,"Section 14.137, Location.address.use binding"
REQ-436,436,Location address state extensible value set binding,"""Unless not suitable, these codes SHALL be taken from USPS Two Letter Alphabetic Codes""",US Core Location Profile address state field binding to USPS state codes,Test,Location resource implementer,SHALL,True,"Section 14.137, Location.address.state binding"
REQ-437,437,US Core Client SHALL support SMART App Launch version 2.0.0 and later,"""SHOULD Support the Following Implementation Guides: SMART App Launch version 2.0.0 and later""",US Core Client capability statement defining implementation guide support requirements for client applications accessing FHIR resources,Test,US Core Client,SHOULD,False,Section 14.2.1
REQ-438,438,US Core Client SHALL support fetching and querying of one or more US Core profiles,"""Support fetching and querying of one or more US Core profile(s), using the supported RESTful interactions and search parameters declared in the US Core Server CapabilityStatement.""",RESTful capabilities that US Core Clients must implement for accessing US Core profiles from servers,Test,US Core Client,SHALL,False,Section 14.2.2
REQ-439,439,US Core Client SHALL follow General Requirements and Must Support page requirements,"""Follow the requirements documented in the General Requirements and Must Support pages""",General conformance requirements that US Core Clients must adhere to beyond specific resource interactions,Test,US Core Client,SHALL,False,Section 14.2.2
REQ-440,440,US Core SearchParameters SHALL NOT be interpreted as search parameters for search,"""They SHALL NOT be interpreted as search parameters for search. Servers and Clients SHOULD use the standard FHIR SearchParameters.""",Clarification that US Core SearchParameters referenced in the capability statement are for documentation only and standard FHIR SearchParameters should be used for actual searching,Test,Servers and Clients,SHALL NOT,False,Section 14.2.2
REQ-441,441,US Core Client MAY support transaction interaction,"""MAY support the transaction interaction.""",System-wide interaction capability that clients may optionally implement,Test,US Core Client,MAY,False,Section 14.2.2
REQ-442,442,US Core Client MAY support batch interaction,"""MAY support the batch interaction.""",System-wide interaction capability that clients may optionally implement,Test,US Core Client,MAY,False,Section 14.2.2
REQ-443,443,US Core Client MAY support search-system interaction,"""MAY support the search-system interaction.""",System-wide interaction capability that clients may optionally implement,Test,US Core Client,MAY,False,Section 14.2.2
REQ-444,444,US Core Client MAY support history-system interaction,"""MAY support the history-system interaction.""",System-wide interaction capability that clients may optionally implement,Test,US Core Client,MAY,False,Section 14.2.2
REQ-445,445,US Core Client SHALL support US Core AllergyIntolerance Profile,"""SHALL support: US Core AllergyIntolerance Profile""",Profile support requirement for AllergyIntolerance resources,Test,US Core Client,SHALL,False,Section 14.2.3.2
REQ-446,446,US Core Client SHALL support search-type and read interactions for AllergyIntolerance,"""SHALL support search-type, read.""",Required interactions for AllergyIntolerance resources,Test,US Core Client,SHALL,False,Section 14.2.3.2
REQ-447,447,US Core Client SHALL be capable of fetching AllergyIntolerance resource using GET,"""A Client SHALL be capable of fetching a AllergyIntolerance resource using: GET [base]/AllergyIntolerance/[id]""",Basic fetch capability requirement for AllergyIntolerance resources,Test,US Core Client,SHALL,False,Section 14.2.3.2
REQ-448,448,US Core Client SHALL support patient search parameter for AllergyIntolerance,"""SHALL [patient] reference""",Required search parameter support for AllergyIntolerance resources,Test,US Core Client,SHALL,False,Section 14.2.3.2
REQ-449,449,Client SHALL provide at least id value for patient search parameter,"""The client SHALL provide at least a id value and MAY provide both the Type and id values. The server SHALL support both.""",Search parameter requirements for patient reference parameter in AllergyIntolerance searches,Test,Client,SHALL,False,Section 14.2.3.2
REQ-450,450,Server SHALL support both Type and id values for patient search parameter,"""The client SHALL provide at least a id value and MAY provide both the Type and id values. The server SHALL support both.""",Search parameter requirements for patient reference parameter in AllergyIntolerance searches,Test,Server,SHALL,False,Section 14.2.3.2
REQ-451,451,Client SHALL provide at least code value for clinical-status search parameter,"""The client SHALL provide at least a code value and MAY provide both the system and code values. The server SHALL support both.""",Search parameter requirements for clinical-status token parameter in AllergyIntolerance searches,Test,Client,SHALL,False,Section 14.2.3.2
REQ-452,452,Server SHALL support both system and code values for clinical-status search parameter,"""The client SHALL provide at least a code value and MAY provide both the system and code values. The server SHALL support both.""",Search parameter requirements for clinical-status token parameter in AllergyIntolerance searches,Test,Server,SHALL,False,Section 14.2.3.2
REQ-453,453,US Core Client SHALL support US Core CarePlan Profile,"""SHALL support: US Core CarePlan Profile""",Profile support requirement for CarePlan resources,Test,US Core Client,SHALL,False,Section 14.2.3.3
REQ-454,454,US Core Client SHALL support patient+category search combination for CarePlan,"""SHALL [patient]+[category] reference+token""",Required search parameter combination for CarePlan resources,Test,US Core Client,SHALL,False,Section 14.2.3.3
REQ-455,455,Client SHALL provide value precise to second + time offset for CarePlan date parameter,"""A client SHALL provide a value precise to the *second + time offset*. A server SHALL support a value precise to the *second + time offset*.""",Precision requirements for date search parameters in CarePlan searches,Test,Client,SHALL,False,Section 14.2.3.3
REQ-456,456,Server SHALL support value precise to second + time offset for CarePlan date parameter,"""A client SHALL provide a value precise to the *second + time offset*. A server SHALL support a value precise to the *second + time offset*.""",Precision requirements for date search parameters in CarePlan searches,Test,Server,SHALL,False,Section 14.2.3.3
REQ-457,457,US Core Client SHALL support US Core CareTeam Profile,"""SHALL support: US Core CareTeam Profile""",Profile support requirement for CareTeam resources,Test,US Core Client,SHALL,False,Section 14.2.3.4
REQ-458,458,US Core Client SHALL support patient+status search combination for CareTeam,"""SHALL [patient]+[status] reference+token""",Required search parameter combination for CareTeam resources,Test,US Core Client,SHALL,False,Section 14.2.3.4
REQ-459,459,Server SHALL support at least one of Practitioner or PractitionerRole references in CareTeam,"""Although *both* US Core Practitioner Profile and US Core PractitionerRole are must support, the server system is not required to support both types of references, but SHALL support *at least* one of them.""",Reference support requirements for CareTeam participant references,Test,Server system,SHALL,False,Section 14.2.3.4
REQ-460,460,Client application SHALL support all four profile references for CareTeam,"""The client application SHALL support all four profile references.""","Reference support requirements for CareTeam participant references (Practitioner, PractitionerRole, Patient, RelatedPerson)",Test,Client application,SHALL,False,Section 14.2.3.4
REQ-461,461,US Core Client SHALL support US Core Condition profiles,"""SHALL support: US Core Condition Encounter Diagnosis Profile [and] US Core Condition Problems and Health Concerns Profile""",Profile support requirement for Condition resources,Test,US Core Client,SHALL,False,Section 14.2.3.5
REQ-462,462,US Core Client SHALL support patient search parameter for Condition,"""SHALL [patient] reference""",Required search parameter support for Condition resources,Test,US Core Client,SHALL,False,Section 14.2.3.5
REQ-463,463,US Core Client SHALL support patient+category search combination for Condition,"""SHALL [patient]+[category] reference+token""",Required search parameter combination for Condition resources,Test,US Core Client,SHALL,False,Section 14.2.3.5
REQ-464,464,Server SHALL support Condition.recordedDate,"""A server SHALL support Condition.recordedDate.""",Must support element requirement for Condition resources to support at least one date element,Test,Server,SHALL,False,Section 14.2.3.5
REQ-465,465,Server SHALL support at least one of assertedDate Extension and Condition.onsetDateTime,"""A server SHALL support at least one of the assertedDate Extension and Condition.onsetDateTime.""",Must support element requirement for Condition resources to support at least one date element,Test,Server,SHALL,False,Section 14.2.3.5
REQ-466,466,Client application SHALL support all three Condition date elements,"""The client application SHALL support all three elements.""","Client requirement to support assertedDate Extension, Condition.onsetDateTime, and Condition.recordedDate",Test,Client application,SHALL,False,Section 14.2.3.5
REQ-467,467,Server SHALL document types of changes detectable using _lastUpdated parameter,"""A server SHALL document the types of changes that can be detected using this parameter.""",Documentation requirement for servers supporting _lastUpdated search parameter for Condition resources,Inspection,Server,SHALL,False,Section 14.2.3.5
REQ-468,468,US Core Client SHALL support US Core Coverage Profile,"""SHALL support: US Core Coverage Profile""",Profile support requirement for Coverage resources,Test,US Core Client,SHALL,False,Section 14.2.3.6
REQ-469,469,US Core Client SHALL support US Core Implantable Device Profile,"""SHALL support: US Core Implantable Device Profile""",Profile support requirement for Device resources,Test,US Core Client,SHALL,False,Section 14.2.3.7
REQ-470,470,Implantable medical devices with UDI information SHALL represent UDI code in Device.udiCarrier.carrierHRF,"""Implantable medical devices that have UDI information SHALL represent the UDI code in Device.udiCarrier.carrierHRF.""",UDI representation requirement for implantable devices,Test,System representing implantable medical devices,SHALL,True,Section 14.2.3.7
REQ-471,471,All UDI-PI elements present in UDI code SHALL be represented in corresponding profile elements,"""All of the five UDI-PI elements that are present in the UDI code SHALL be represented in the corresponding US Core Implantable Device Profile element.""",Complete UDI element representation requirement,Test,System representing UDI codes,SHALL,True,Section 14.2.3.7
REQ-472,472,US Core Client SHALL support US Core DiagnosticReport profiles,"""SHALL support: US Core DiagnosticReport Profile for Report and Note exchange [and] US Core DiagnosticReport Profile for Laboratory Results Reporting""",Profile support requirement for DiagnosticReport resources,Test,US Core Client,SHALL,False,Section 14.2.3.8
REQ-473,473,US Core Client SHALL support create for DiagnosticReport Report and Note exchange profile,"""SHALL support create†, search-type, read. [create† This conformance expectation applies only to the *US Core DiagnosticReport Profile for Report and Note exchange* profile.]""",Required interactions for DiagnosticReport Report and Note exchange profile,Test,US Core Client,SHALL,True,Section 14.2.3.8
REQ-474,474,US Core Client SHALL support patient search parameter for DiagnosticReport,"""SHALL [patient] reference""",Required search parameter support for DiagnosticReport resources,Test,US Core Client,SHALL,False,Section 14.2.3.8
REQ-475,475,US Core Client SHALL support patient+category search combination for DiagnosticReport,"""SHALL [patient]+[category] reference+token""",Required search parameter combination for DiagnosticReport resources,Test,US Core Client,SHALL,False,Section 14.2.3.8
REQ-476,476,US Core Client SHALL support patient+category+date search combination for DiagnosticReport,"""SHALL [patient]+[category]+[date] reference+token+date""",Required search parameter combination for DiagnosticReport resources,Test,US Core Client,SHALL,False,Section 14.2.3.8
REQ-477,477,US Core Client SHALL support patient+code search combination for DiagnosticReport,"""SHALL [patient]+[code] reference+token""",Required search parameter combination for DiagnosticReport resources,Test,US Core Client,SHALL,False,Section 14.2.3.8
REQ-478,478,US Core Client SHALL support US Core DocumentReference profiles,"""SHALL support: US Core DocumentReference Profile [and] US Core ADI DocumentReference Profile""",Profile support requirement for DocumentReference resources,Test,US Core Client,SHALL,False,Section 14.2.3.9
REQ-479,479,"US Core Client SHALL support create, search-type, read interactions for DocumentReference","""SHALL support create, search-type, read.""",Required interactions for DocumentReference resources,Test,US Core Client,SHALL,False,Section 14.2.3.9
REQ-480,480,US Core Client SHALL support _id search parameter for DocumentReference,"""SHALL [_id] token""",Required search parameter support for DocumentReference resources,Test,US Core Client,SHALL,False,Section 14.2.3.9
REQ-481,481,US Core Client SHALL support patient search parameter for DocumentReference,"""SHALL [patient] reference""",Required search parameter support for DocumentReference resources,Test,US Core Client,SHALL,False,Section 14.2.3.9
REQ-482,482,US Core Client SHALL support patient+category search combination for DocumentReference,"""SHALL [patient]+[category] reference+token""",Required search parameter combination for DocumentReference resources,Test,US Core Client,SHALL,False,Section 14.2.3.9
REQ-483,483,US Core Client SHALL support patient+category+date search combination for DocumentReference,"""SHALL [patient]+[category]+[date] reference+token+date""",Required search parameter combination for DocumentReference resources,Test,US Core Client,SHALL,False,Section 14.2.3.9
REQ-484,484,US Core Client SHALL support patient+type search combination for DocumentReference,"""SHALL [patient]+[type] reference+token""",Required search parameter combination for DocumentReference resources,Test,US Core Client,SHALL,False,Section 14.2.3.9
REQ-485,485,Server SHALL support at least one of DocumentReference.attachment.url or DocumentReference.attachment.data,"""Although both are marked as must support, the server system is not required to support an address, and inline base64 encoded data, but SHALL support at least one of these elements.""",Must support requirement for DocumentReference content attachment,Test,Server system,SHALL,False,Section 14.2.3.9
REQ-486,486,Client application SHALL support both DocumentReference attachment elements,"""The client application SHALL support both elements.""",Client requirement to support both DocumentReference.attachment.url and DocumentReference.attachment.data,Test,Client application,SHALL,False,Section 14.2.3.9
REQ-487,487,DocumentReference responsible Organization SHALL be present in custodian or Provenance,"""Every DocumentReference must have a responsible Organization. The organization responsible for the DocumentReference SHALL be present either in DocumentReference.custodian or accessible in the Provenance resource targeting the DocumentReference using Provenance.agent.who or Provenance.agent.onBehalfOf.""",Organizational responsibility requirement for DocumentReference resources,Test,System creating DocumentReference,SHALL,False,Section 14.2.3.9
REQ-488,488,US Core Client SHALL support US Core Encounter Profile,"""SHALL support: US Core Encounter Profile""",Profile support requirement for Encounter resources,Test,US Core Client,SHALL,False,Section 14.2.3.10
REQ-489,489,US Core Client SHALL support _id search parameter for Encounter,"""SHALL [_id] token""",Required search parameter support for Encounter resources,Test,US Core Client,SHALL,False,Section 14.2.3.10
REQ-490,490,US Core Client SHALL support patient search parameter for Encounter,"""SHALL [patient] reference""",Required search parameter support for Encounter resources,Test,US Core Client,SHALL,False,Section 14.2.3.10
REQ-491,491,US Core Client SHALL support date+patient search combination for Encounter,"""SHALL [date]+[patient] date+reference""",Required search parameter combination for Encounter resources,Test,US Core Client,SHALL,False,Section 14.2.3.10
REQ-492,492,Server systems SHALL support at least one of Encounter.reasonCode or Encounter.reasonReference,"""Although both are marked as must support, the server systems are not required to support both a code and a reference, but they SHALL support *at least one* of these elements.""",Must support requirement for Encounter reason elements,Test,Server systems,SHALL,False,Section 14.2.3.10
REQ-493,493,Client application SHALL support both Encounter reason elements,"""The client application SHALL support both elements.""",Client requirement to support both Encounter.reasonCode and Encounter.reasonReference,Test,Client application,SHALL,False,Section 14.2.3.10
REQ-494,494,Server systems SHALL support at least one of Encounter.location.location or Encounter.serviceProvider,"""Although both are marked as must support, the server systems are not required to support both Encounter.location.location and Encounter.serviceProvider, but they SHALL support *at least one* of these elements.""",Must support requirement for Encounter location elements,Test,Server systems,SHALL,False,Section 14.2.3.10
REQ-495,495,Client application SHALL support both Encounter location elements,"""The client application SHALL support both elements.""",Client requirement to support both Encounter.location.location and Encounter.serviceProvider,Test,Client application,SHALL,False,Section 14.2.3.10
REQ-496,496,Certifying Server system SHALL support interpreter needed extension on at least one profile,"""Although the extension is marked as an *Additional USCDI Requirements* on both US Core Patient and US Core Encounter Profiles, the certifying Server system is not required to support the extension on both profiles, but SHALL support the extension on at least one.""",Must support requirement for US Core Interpreter Needed Extension,Test,Certifying Server system,SHALL,False,Section 14.2.3.10
REQ-497,497,Certifying Client application SHALL support interpreter needed extension on both profiles,"""The certifying Client application SHALL support the extension on both profiles.""",Client requirement to support US Core Interpreter Needed Extension on both Patient and Encounter profiles,Test,Certifying Client application,SHALL,False,Section 14.2.3.10
REQ-498,498,US Core Client SHALL support US Core Goal Profile,"""SHALL support: US Core Goal Profile""",Profile support requirement for Goal resources,Test,US Core Client,SHALL,False,Section 14.2.3.12
REQ-499,499,US Core Client SHALL support patient search parameter for Goal,"""SHALL [patient] reference""",Required search parameter support for Goal resources,Test,US Core Client,SHALL,False,Section 14.2.3.12
REQ-500,500,Server system SHALL support at least one of Goal.startDate or Goal.target.dueDate,"""Although both Goal.startDate and Goal.target.dueDate are marked as must support, the server system is not required to support both, but SHALL support at least one of these elements.""",Must support requirement for Goal date elements,Test,Server system,SHALL,False,Section 14.2.3.12
REQ-501,501,Client application SHALL support both Goal date elements,"""The client application SHALL support both elements.""",Client requirement to support both Goal.startDate and Goal.target.dueDate,Test,Client application,SHALL,False,Section 14.2.3.12
REQ-502,502,Client SHALL provide value precise to the day for Goal target-date parameter,"""A client SHALL provide a value precise to the *day*. A server SHALL support a value a value precise to the *day*.""",Precision requirements for target-date search parameter in Goal searches,Test,Client,SHALL,False,Section 14.2.3.12
REQ-503,503,Server SHALL support value precise to the day for Goal target-date parameter,"""A client SHALL provide a value precise to the *day*. A server SHALL support a value a value precise to the *day*.""",Precision requirements for target-date search parameter in Goal searches,Test,Server,SHALL,False,Section 14.2.3.12
REQ-504,504,US Core Client SHALL support US Core Immunization Profile,"""SHALL support: US Core Immunization Profile""",Profile support requirement for Immunization resources,Test,US Core Client,SHALL,False,Section 14.2.3.14
REQ-505,505,US Core Client SHALL support patient search parameter for Immunization,"""SHALL [patient] reference""",Required search parameter support for Immunization resources,Test,US Core Client,SHALL,False,Section 14.2.3.14
REQ-506,506,US Core Client SHALL support US Core Location Profile,"""SHALL support: US Core Location Profile""",Profile support requirement for Location resources,Test,US Core Client,SHALL,False,Section 14.2.3.15
REQ-507,507,US Core Client SHALL support address search parameter for Location,"""SHALL [address] string""",Required search parameter support for Location resources,Test,US Core Client,SHALL,False,Section 14.2.3.15
REQ-508,508,US Core Client SHALL support name search parameter for Location,"""SHALL [name] string""",Required search parameter support for Location resources,Test,US Core Client,SHALL,False,Section 14.2.3.15
REQ-509,509,US Core Client SHALL support US Core Medication Profile,"""SHALL support: US Core Medication Profile""",Profile support requirement for Medication resources,Test,US Core Client,SHALL,False,Section 14.2.3.17
REQ-510,510,US Core Client SHALL support read interaction for Medication,"""SHALL support read.""",Required interaction for Medication resources,Test,US Core Client,SHALL,False,Section 14.2.3.17
REQ-511,511,US Core Client SHALL support US Core MedicationDispense Profile,"""SHALL support: US Core MedicationDispense Profile""",Profile support requirement for MedicationDispense resources,Test,US Core Client,SHALL,False,Section 14.2.3.18
REQ-512,512,US Core Client SHALL support patient search parameter for MedicationDispense,"""SHALL [patient] reference""",Required search parameter support for MedicationDispense resources,Test,US Core Client,SHALL,False,Section 14.2.3.18
REQ-513,513,Server SHALL support at least one medication representation method for MedicationDispense,"""The Server systems are not required to support both a code and a reference, but SHALL support at least one of these methods.""",Must support requirement for MedicationDispense medication representation (code or reference),Test,Server systems,SHALL,False,Section 14.2.3.18
REQ-514,514,Client application SHALL support all medication representation methods for MedicationDispense,"""The Client application SHALL support all methods.""",Client requirement to support both medication code and reference representations for MedicationDispense,Test,Client application,SHALL,False,Section 14.2.3.18
REQ-515,515,Contained resources SHALL NOT contain nested Resources,"""If the resource is contained in another resource, it SHALL NOT contain nested Resources (contained.contained.empty())""","This is a FHIR invariant (dom-2) that applies to the US Core Care Experience Preference Profile based on the Observation resource, ensuring proper resource containment structure",Test,FHIR resource implementer,SHALL,True,Section 14.121 Resource Profile: USCoreCareExperiencePreferenceProfile - Detailed Texts
REQ-516,516,Contained resources SHALL be referred to from elsewhere in the resource or SHALL refer to the containing resource,"""If the resource is contained in another resource, it SHALL be referred to from elsewhere in the resource or SHALL refer to the containing resource (contained.where((('#'+id in (%resource.descendants().reference %resource.descendants().as(canonical) %resource.descendants().as(uri) %resource.descendants().as(url))) or descendants().where(reference = '#').exists() or descendants().where(as(canonical) = '#').exists() or descendants().where(as(canonical) = '#').exists()).not()).trace('unmatched', id).empty())""",This is a FHIR invariant (dom-3) that ensures contained resources are properly referenced within the containing resource structure,Test,FHIR resource implementer,SHALL,True,Section 14.121 Resource Profile: USCoreCareExperiencePreferenceProfile - Detailed Texts
REQ-517,517,Contained resources SHALL NOT have meta.versionId or meta.lastUpdated,"""If a resource is contained in another resource, it SHALL NOT have a meta.versionId or a meta.lastUpdated (contained.meta.versionId.empty() and contained.meta.lastUpdated.empty())""",This is a FHIR invariant (dom-4) that restricts metadata elements in contained resources,Test,FHIR resource implementer,SHALL,True,Section 14.121 Resource Profile: USCoreCareExperiencePreferenceProfile - Detailed Texts
REQ-518,518,Contained resources SHALL NOT have security labels,"""If a resource is contained in another resource, it SHALL NOT have a security label (contained.meta.security.empty())""",This is a FHIR invariant (dom-5) that prohibits security labels in contained resources,Test,FHIR resource implementer,SHALL,True,Section 14.121 Resource Profile: USCoreCareExperiencePreferenceProfile - Detailed Texts
REQ-519,519,dataAbsentReason SHALL only be present if Observation.value[x] is not present,"""dataAbsentReason SHALL only be present if Observation.value[x] is not present (dataAbsentReason.empty() or value.empty())""",This is a FHIR invariant (obs-6) that ensures dataAbsentReason is only used when the observation value is missing,Test,FHIR resource implementer,SHALL,False,Section 14.121 Resource Profile: USCoreCareExperiencePreferenceProfile - Detailed Texts
REQ-520,520,Value element SHALL NOT be present if Observation.code is the same as an Observation.component.code,"""If Observation.code is the same as an Observation.component.code then the value element associated with the code SHALL NOT be present (value.empty() or component.code.where(coding.intersect(%resource.code.coding).exists()).empty())""",This is a FHIR invariant (obs-7) that prevents duplication of values when observation codes match component codes,Test,FHIR resource implementer,SHALL,True,Section 14.121 Resource Profile: USCoreCareExperiencePreferenceProfile - Detailed Texts
REQ-521,521,Observation status codes SHALL be taken from ObservationStatus value set,"""The codes SHALL be taken from ObservationStatus (required to http://hl7.org/fhir/ValueSet/observation-status 4.0.1)""",This requirement specifies the binding constraint for the Observation.status element in the US Core Care Experience Preference Profile,Test,FHIR resource implementer,SHALL,False,Section 14.121 Resource Profile: USCoreCareExperiencePreferenceProfile - Detailed Texts
REQ-522,522,Observation category codes SHOULD be taken from US Core Simple Observation Category,"""The codes SHOULD be taken from US Core Simple Observation Category (preferred to http://hl7.org/fhir/us/core/ValueSet/us-core-simple-observation-category)""",This requirement specifies the preferred binding constraint for the Observation.category element,Test,FHIR resource implementer,SHOULD,False,Section 14.121 Resource Profile: USCoreCareExperiencePreferenceProfile - Detailed Texts
REQ-523,523,Modifier extensions SHALL NOT change the meaning of any elements on Resource or DomainResource,"""Modifier extensions SHALL NOT change the meaning of any elements on Resource or DomainResource (including cannot change the meaning of modifierExtension itself)""",This requirement applies to the modifierExtension element to ensure proper extension handling,Test,FHIR resource implementer,SHALL,True,Section 14.121 Resource Profile: USCoreCareExperiencePreferenceProfile - Detailed Texts
REQ-524,524,Applications processing a resource are required to check for modifier extensions,"""Applications processing a resource are required to check for modifier extensions""",This requirement applies to systems processing FHIR resources containing modifier extensions,Test,FHIR application,REQUIRED,True,Section 14.121 Resource Profile: USCoreCareExperiencePreferenceProfile - Detailed Texts
REQ-525,525,Extension requirements SHALL be met as part of the definition of the extension,"""There is a set of requirements that SHALL be met as part of the definition of the extension""",This requirement applies to the creation and definition of FHIR extensions used in the profile,Analysis,Extension definer,SHALL,True,Section 14.121 Resource Profile: USCoreCareExperiencePreferenceProfile - Detailed Texts
REQ-526,526,All FHIR elements must have a @value or children,"""All FHIR elements must have a @value or children (hasValue() or (children().count() > id.count()))""",This is a FHIR invariant (ele-1) that applies to all elements in the profile,Test,FHIR resource implementer,SHALL,False,Section 14.121 Resource Profile: USCoreCareExperiencePreferenceProfile - Detailed Texts
REQ-527,527,"Extensions must have either extensions or value[x], not both","""Must have either extensions or value[x], not both (extension.exists() != value.exists())""",This is a FHIR invariant (ext-1) that applies to extension elements,Test,FHIR resource implementer,SHALL,True,Section 14.121 Resource Profile: USCoreCareExperiencePreferenceProfile - Detailed Texts
REQ-528,528,Observation SHALL be matched to a patient when made by a device that does not know the patient,"""The only circumstance in which the subject can be missing is when the observation is made by a device that does not know the patient. In this case, the observation SHALL be matched to a patient through some context/channel matching technique, and at this point, the observation should be updated""",This requirement addresses the handling of observations made by devices without patient context,Test,FHIR system,SHALL,True,Section 14.121 Resource Profile: USCoreCareExperiencePreferenceProfile - Detailed Texts
REQ-529,529,Reference range must have at least a low or a high or text,"""Must have at least a low or a high or text (low.exists() or high.exists() or text.exists())""",This is a FHIR invariant (obs-3) that applies to Observation.referenceRange elements,Test,FHIR resource implementer,SHALL,True,Section 14.121 Resource Profile: USCoreCareExperiencePreferenceProfile - Detailed Texts
REQ-530,530,Subject must reference US Core Patient Profile,"""The patient, or group of patients, location, or device this observation is about and into whose record the observation is placed... [Type](http://hl7.org/fhir/R4/datatypes.html) [Reference](http://hl7.org/fhir/R4/references.html#Reference)([US Core Patient Profile](StructureDefinition-us-core-patient.html))""",The US Core Treatment Intervention Preference Profile constrains the subject element to reference only US Core Patient Profile resources to ensure consistency with US Core implementation requirements,Test,Implementer creating US Core Treatment Intervention Preference Observation resources,SHALL,False,"Section 14.165, Element 14: Observation.subject"
REQ-531,531,ValueSet must include SNOMED CT codes for clinical findings,"""Include codes from [http://snomed.info/sct](http://www.snomed.org/) where concept is-a 404684003 (Clinical finding (finding))""","The US Core Condition Codes Current ValueSet defines which codes can be used for encoding newly recorded, non-legacy problem list items, health concerns and diagnosis. This requirement specifies that all SNOMED CT codes that are subtypes of the ""Clinical finding"" concept must be included in the ValueSet.",Test,ValueSet implementer,SHALL,False,Section 14.183.1 Logical Definition (CLD)
REQ-532,532,ValueSet must include SNOMED CT codes for context-dependent categories,"""Include codes from[http://snomed.info/sct](http://www.snomed.org/) where concept is-a 243796009 (Context-dependent categories)""","The US Core Condition Codes Current ValueSet defines which codes can be used for encoding newly recorded, non-legacy problem list items, health concerns and diagnosis. This requirement specifies that all SNOMED CT codes that are subtypes of the ""Context-dependent categories"" concept must be included in the ValueSet.",Test,ValueSet implementer,SHALL,False,Section 14.183.1 Logical Definition (CLD)
REQ-533,533,ValueSet must include SNOMED CT codes for events,"""Include codes from[http://snomed.info/sct](http://www.snomed.org/) where concept is-a 272379006 (Events)""","The US Core Condition Codes Current ValueSet defines which codes can be used for encoding newly recorded, non-legacy problem list items, health concerns and diagnosis. This requirement specifies that all SNOMED CT codes that are subtypes of the ""Events"" concept must be included in the ValueSet.",Test,ValueSet implementer,SHALL,False,Section 14.183.1 Logical Definition (CLD)
REQ-534,534,ValueSet must include all ICD-10-CM codes,"""Include all codes defined in [http://hl7.org/fhir/sid/icd-10-cm](http://terminology.hl7.org/5.5.0/CodeSystem-icd10CM.html)""","The US Core Condition Codes Current ValueSet defines which codes can be used for encoding newly recorded, non-legacy problem list items, health concerns and diagnosis. This requirement specifies that all codes from the ICD-10-CM code system must be included in the ValueSet.",Test,ValueSet implementer,SHALL,False,Section 14.183.1 Logical Definition (CLD)
REQ-535,535,US Core Server SHALL support US Core Patient resource profile and at least one additional resource profile,"""Support the US Core Patient resource profile AND at least one additional resource profile from the list of US Core Profiles AND and all *Must Support* US Core Profiles and resources it references.""",US Core Server FHIR RESTful Capabilities requirements defining minimum profile support obligations,Test,US Core Server,SHALL,False,Section 14.3.2 FHIR RESTful Capabilities
REQ-536,536,US Core Server SHALL follow requirements in General Requirements and Must Support pages,"""Follow the requirements documented in the [General Requirements](general-requirements.html) and [Must Support](must-support.html) pages""",US Core Server FHIR RESTful Capabilities requirements referencing additional requirement documentation,Test,US Core Server,SHALL,False,Section 14.3.2 FHIR RESTful Capabilities
REQ-537,537,US Core Server SHALL return specific HTTP response classes,"""Return the following response classes: (Status 400): invalid parameter, (Status 401/4xx): unauthorized request, (Status 403): insufficient scopes, (Status 404): unknown resource""",US Core Server FHIR RESTful Capabilities requirements for HTTP response handling,Test,US Core Server,SHALL,False,Section 14.3.2 FHIR RESTful Capabilities
REQ-538,538,US Core Server SHALL support JSON source formats for all interactions,"""Support JSON source formats for all US Core interactions.""",US Core Server FHIR RESTful Capabilities requirements for data format support,Test,US Core Server,SHALL,False,Section 14.3.2 FHIR RESTful Capabilities
REQ-539,539,US Core Server SHOULD support XML source formats for all interactions,"""Support XML source formats for all US Core interactions.""",US Core Server FHIR RESTful Capabilities requirements for optional data format support,Test,US Core Server,SHOULD,False,Section 14.3.2 FHIR RESTful Capabilities
REQ-540,540,US Core Server SHALL reject unauthorized requests with specific HTTP codes,"""A server SHALL reject any unauthorized requests by returning an HTTP 401 \""Unauthorized\"", HTTP 403 \""Forbidden\"", or HTTP 404 \""Not Found\""""",Security requirements for US Core Server handling of unauthorized access attempts,Test,US Core Server,SHALL,False,Section 14.3.2 Security
REQ-541,541,US Core Server SHALL support search-type and read operations for AllergyIntolerance,"""SHALL support search-type, read.""",AllergyIntolerance resource profile interaction requirements for US Core Server,Test,US Core Server,SHALL,False,Section 14.3.3.2 AllergyIntolerance
REQ-542,542,US Core Server SHALL return AllergyIntolerance resource using GET by id,"""A Server SHALL be capable of returning a AllergyIntolerance resource using: GET [base]/AllergyIntolerance/[id]""",AllergyIntolerance resource fetch capability requirement for US Core Server,Test,US Core Server,SHALL,False,Section 14.3.3.2 AllergyIntolerance
REQ-543,543,US Core Server SHALL support patient search parameter for AllergyIntolerance,"""SHALL [patient](SearchParameter-us-core-allergyintolerance-patient.html) reference""",AllergyIntolerance search parameter requirements for US Core Server,Test,US Core Server,SHALL,False,Section 14.3.3.2 AllergyIntolerance
REQ-544,544,Client SHALL provide at least id value for patient search parameter in AllergyIntolerance,"""The client SHALL provide at least a id value and MAY provide both the Type and id values.""",AllergyIntolerance patient search parameter client requirements,Test,Client,SHALL,False,Section 14.3.3.2 AllergyIntolerance
REQ-545,545,US Core Server SHALL support both Type and id values for patient search parameter in AllergyIntolerance,"""The server SHALL support both.""",AllergyIntolerance patient search parameter server requirements,Test,US Core Server,SHALL,False,Section 14.3.3.2 AllergyIntolerance
REQ-546,546,US Core Server SHALL support search-type and read operations for CarePlan,"""SHALL support search-type, read.""",CarePlan resource profile interaction requirements for US Core Server,Test,US Core Server,SHALL,False,Section 14.3.3.3 CarePlan
REQ-547,547,US Core Server SHALL return CarePlan resource using GET by id,"""A Server SHALL be capable of returning a CarePlan resource using: GET [base]/CarePlan/[id]""",CarePlan resource fetch capability requirement for US Core Server,Test,US Core Server,SHALL,False,Section 14.3.3.3 CarePlan
REQ-548,548,US Core Server SHALL support patient+category search parameter combination for CarePlan,"""SHALL [patient](SearchParameter-us-core-careplan-patient.html)+ [category](SearchParameter-us-core-careplan-category.html) reference+token""",CarePlan required search parameter combination for US Core Server,Test,US Core Server,SHALL,False,Section 14.3.3.3 CarePlan
REQ-549,549,Client SHALL provide at least code value for category search parameter in CarePlan,"""The client SHALL provide at least a code value and MAY provide both the system and code values.""",CarePlan category search parameter client requirements,Test,Client,SHALL,False,Section 14.3.3.3 CarePlan
REQ-550,550,US Core Server SHALL support both system and code values for category search parameter in CarePlan,"""The server SHALL support both.""",CarePlan category search parameter server requirements,Test,US Core Server,SHALL,False,Section 14.3.3.3 CarePlan
REQ-551,551,Client SHALL provide date value precise to second + time offset for CarePlan,"""A client SHALL provide a value precise to the *second + time offset*.""",CarePlan date search parameter precision requirements for client,Test,Client,SHALL,False,Section 14.3.3.3 CarePlan
REQ-552,552,US Core Server SHALL support date value precise to second + time offset for CarePlan,"""A server SHALL support a value precise to the *second + time offset*.""",CarePlan date search parameter precision requirements for server,Test,US Core Server,SHALL,False,Section 14.3.3.3 CarePlan
REQ-553,553,US Core Server SHALL support search-type and read operations for CareTeam,"""SHALL support search-type, read.""",CareTeam resource profile interaction requirements for US Core Server,Test,US Core Server,SHALL,False,Section 14.3.3.4 CareTeam
REQ-554,554,US Core Server SHALL support at least one of Practitioner or PractitionerRole references in CareTeam,"""Although *both* US Core Practitioner Profile and US Core PractitionerRole are must support, the server system is not required to support both types of references, but SHALL support *at least* one of them.""",CareTeam participant reference requirements allowing choice between two profile types,Test,US Core Server,SHALL,True,Section 14.3.3.4 CareTeam
REQ-555,555,Client SHALL support all four CareTeam participant profile references,"""The client application SHALL support all four profile references.""",CareTeam participant reference requirements for client applications,Test,Client,SHALL,False,Section 14.3.3.4 CareTeam
REQ-556,556,US Core Server SHALL support patient+status search parameter combination for CareTeam,"""SHALL [patient](SearchParameter-us-core-careteam-patient.html)+ [status](SearchParameter-us-core-careteam-status.html) reference+token""",CareTeam required search parameter combination for US Core Server,Test,US Core Server,SHALL,False,Section 14.3.3.4 CareTeam
REQ-557,557,US Core Server SHALL support search-type and read operations for Condition,"""SHALL support search-type, read.""",Condition resource profile interaction requirements for US Core Server,Test,US Core Server,SHALL,False,Section 14.3.3.5 Condition
REQ-558,558,US Core Server SHALL support recordedDate for Condition,"""A server SHALL support Condition.recordedDate.""",Condition date element support requirement for problems and health concerns,Test,US Core Server,SHALL,False,Section 14.3.3.5 Condition
REQ-559,559,US Core Server SHALL support at least one of assertedDate Extension or onsetDateTime for Condition,"""A server SHALL support at least one of the assertedDate Extension and Condition.onsetDateTime.""",Condition date element support requirement allowing choice between two date options,Test,US Core Server,SHALL,True,Section 14.3.3.5 Condition
REQ-560,560,Client SHALL support all three Condition date elements,"""The client application SHALL support all three elements.""",Condition date element support requirement for client applications covering all date options,Test,Client,SHALL,False,Section 14.3.3.5 Condition
REQ-561,561,US Core Server SHALL support patient search parameter for Condition,"""SHALL [patient](SearchParameter-us-core-condition-patient.html) reference""",Condition search parameter requirements for US Core Server,Test,US Core Server,SHALL,False,Section 14.3.3.5 Condition
REQ-562,562,US Core Server SHALL support patient+category search parameter combination for Condition,"""SHALL [patient](SearchParameter-us-core-condition-patient.html)+ [category](SearchParameter-us-core-condition-category.html) reference+token""",Condition required search parameter combination for US Core Server,Test,US Core Server,SHALL,False,Section 14.3.3.5 Condition
REQ-563,563,US Core Server SHALL document types of changes detectable using _lastUpdated parameter for Condition,"""A server SHALL document the types of changes that can be detected using this parameter.""",Condition _lastUpdated search parameter documentation requirement for server,Inspection,US Core Server,SHALL,True,Section 14.3.3.5 Condition
REQ-564,564,US Core Server SHALL support search-type and read operations for Coverage,"""SHALL support search-type, read.""",Coverage resource profile interaction requirements for US Core Server,Test,US Core Server,SHALL,False,Section 14.3.3.6 Coverage
REQ-565,565,US Core Server SHALL return Coverage resource using GET by id,"""A Server SHALL be capable of returning a Coverage resource using: GET [base]/Coverage/[id]""",Coverage resource fetch capability requirement for US Core Server,Test,US Core Server,SHALL,False,Section 14.3.3.6 Coverage
REQ-566,566,US Core Server SHALL support patient search parameter for Coverage,"""SHALL [patient](SearchParameter-us-core-coverage-patient.html) reference""",Coverage search parameter requirements for US Core Server,Test,US Core Server,SHALL,False,Section 14.3.3.6 Coverage
REQ-567,567,Implantable medical devices with UDI information SHALL represent UDI code in Device.udiCarrier.carrierHRF,"""Implantable medical devices that have UDI information SHALL represent the UDI code in Device.udiCarrier.carrierHRF.""",Device resource UDI representation requirements for implantable medical devices,Test,System with implantable device data,SHALL,True,Section 14.3.3.7 Device
REQ-568,568,US Core Server SHALL support patient+code search parameter combination for DiagnosticReport,"""SHALL [patient](SearchParameter-us-core-diagnosticreport-patient.html)+ [code](SearchParameter-us-core-diagnosticreport-code.html) reference+token""",DiagnosticReport required search parameter combination for US Core Server,Test,US Core Server,SHALL,False,Section 14.3.3.8 DiagnosticReport
REQ-569,569,US Core Server SHALL document types of changes detectable using _lastUpdated parameter for DiagnosticReport,"""A server SHALL document the types of changes that can be detected using this parameter.""",DiagnosticReport _lastUpdated search parameter documentation requirement for server,Inspection,US Core Server,SHALL,True,Section 14.3.3.8 DiagnosticReport
REQ-570,570,US Core Server SHALL support search-type and read operations for DocumentReference,"""SHALL support search-type, read.""",DocumentReference resource profile interaction requirements for US Core Server,Test,US Core Server,SHALL,False,Section 14.3.3.9 DocumentReference
REQ-571,571,US Core Server SHALL support create operation for DocumentReference,"""SHALL support create""",DocumentReference create operation requirement for US Core Server,Test,US Core Server,SHALL,False,Section 14.3.3.9 DocumentReference
REQ-572,572,US Core Server SHALL support the $docref operation,"""SHALL support the [$docref](OperationDefinition-docref.html) operation""",DocumentReference operation support requirement for US Core Server,Test,US Core Server,SHALL,False,Section 14.3.3.9 DocumentReference
REQ-573,573,US Core Server SHALL be capable of responding to $docref operation and returning CCD document reference,"""A server SHALL be capable of responding to a $docref operation and capable of returning at least a reference to a generated CCD document, if available.""",DocumentReference $docref operation functionality requirement for US Core Server,Test,US Core Server,SHALL,True,Section 14.3.3.9 DocumentReference
REQ-574,574,US Core Server SHALL provide document references within date range when context date range supplied,"""If a context date range is supplied the server  SHOULD provide references to any document that falls within the date range.""",DocumentReference $docref operation date range handling requirement,Test,US Core Server,SHOULD,True,Section 14.3.3.9 DocumentReference
REQ-575,575,"ValueSet must include specific SNOMED CT code for ""No current problems or disability""","""Include these codes as defined in [http://snomed.info/sct](http://www.snomed.org/) Code Display [160245001](http://snomed.info/id/160245001) No current problems or disability""","The US Core Condition Codes Current ValueSet defines which codes can be used for encoding newly recorded, non-legacy problem list items, health concerns and diagnosis. This requirement specifies that the specific SNOMED CT code 160245001 with display ""No current problems or disability"" must be explicitly included in the ValueSet.",Test,ValueSet implementer,SHALL,False,Section 14.183.1 Logical Definition (CLD)
REQ-576,576,US Core Server SHALL provide references to last or current documents when no date range supplied,"""If no date range is supplied, then the server SHALL provide references to last or current document(s).""",DocumentReference $docref operation default behavior when no date range provided,Test,US Core Server,SHALL,True,Section 14.3.3.9 DocumentReference
REQ-577,577,DocumentReference SHALL support at least one of attachment.url or attachment.data,"""Although both are marked as must support, the server system is not required to support an address, and inline base64 encoded data, but SHALL support at least one of these elements.""",DocumentReference content representation requirement allowing choice between URL or inline data,Test,US Core Server,SHALL,True,Section 14.3.3.9 DocumentReference
REQ-578,578,Client SHALL support both DocumentReference attachment.url and attachment.data elements,"""The client application SHALL support both elements.""",DocumentReference content representation requirement for client applications,Test,Client,SHALL,False,Section 14.3.3.9 DocumentReference
REQ-579,579,Multiple DocumentReference content elements SHALL represent same document in different formats,"""If there are multiple DocumentReference.content element repetitions, these SHALL all represent the same document in different format or attachment metadata.""",DocumentReference content element usage constraint for multiple repetitions,Test,System creating DocumentReference,SHALL,True,Section 14.3.3.9 DocumentReference
REQ-580,580,DocumentReference content element SHALL NOT contain different versions of same content,"""The content element SHALL NOT contain different versions of the same content.""",DocumentReference content element usage constraint preventing version confusion,Test,System creating DocumentReference,SHALL NOT,True,Section 14.3.3.9 DocumentReference
REQ-581,581,DocumentReference responsible Organization SHALL be present in custodian or Provenance,"""The organization responsible for the DocumentReference SHALL be present either in DocumentReference.custodian or accessible in the Provenance resource targeting the DocumentReference using Provenance.agent.who or Provenance.agent.onBehalfOf.""",DocumentReference organizational responsibility requirement ensuring accountability,Test,System creating DocumentReference,SHALL,False,Section 14.3.3.9 DocumentReference
REQ-582,582,US Core Server SHALL support _id and patient search parameters for DocumentReference,"""SHALL [_id](SearchParameter-us-core-documentreference-id.html) token, SHALL [patient](SearchParameter-us-core-documentreference-patient.html) reference""",DocumentReference search parameter requirements for US Core Server,Test,US Core Server,SHALL,False,Section 14.3.3.9 DocumentReference
REQ-583,583,US Core Server SHALL support patient+category search parameter combination for DocumentReference,"""SHALL [patient](SearchParameter-us-core-documentreference-patient.html)+ [category](SearchParameter-us-core-documentreference-category.html) reference+token""",DocumentReference required search parameter combination for US Core Server,Test,US Core Server,SHALL,False,Section 14.3.3.9 DocumentReference
REQ-584,584,US Core Server SHALL support patient+category+date search parameter combination for DocumentReference,"""SHALL [patient](SearchParameter-us-core-documentreference-patient.html)+ [category](SearchParameter-us-core-documentreference-category.html)+ [date](SearchParameter-us-core-documentreference-date.html) reference+token+date""",DocumentReference required search parameter combination for US Core Server,Test,US Core Server,SHALL,False,Section 14.3.3.9 DocumentReference
REQ-585,585,US Core Server SHALL support patient+type search parameter combination for DocumentReference,"""SHALL [patient](SearchParameter-us-core-documentreference-patient.html)+ [type](SearchParameter-us-core-documentreference-type.html) reference+token""",DocumentReference required search parameter combination for US Core Server,Test,US Core Server,SHALL,False,Section 14.3.3.9 DocumentReference
REQ-586,586,US Core Server SHALL support search-type and read operations for Encounter,"""SHALL support search-type, read.""",Encounter resource profile interaction requirements for US Core Server,Test,US Core Server,SHALL,False,Section 14.3.3.10 Encounter
REQ-587,587,US Core Server SHALL support at least one of Encounter.reasonCode or Encounter.reasonReference,"""Although both are marked as must support, the server systems are not required to support both a code and a reference, but they SHALL support *at least one* of these elements.""",Encounter reason representation requirement allowing choice between code or reference,Test,US Core Server,SHALL,True,Section 14.3.3.10 Encounter
REQ-588,588,Client SHALL support both Encounter.reasonCode and Encounter.reasonReference elements,"""The client application SHALL support both elements.""",Encounter reason representation requirement for client applications,Test,Client,SHALL,False,Section 14.3.3.10 Encounter
REQ-589,589,US Core Server SHALL support at least one of Encounter.location.location or Encounter.serviceProvider,"""Although both are marked as must support, the server systems are not required to support both Encounter.location.location and Encounter.serviceProvider, but they SHALL support *at least one* of these elements.""",Encounter location representation requirement allowing choice between direct location or service provider,Test,US Core Server,SHALL,True,Section 14.3.3.10 Encounter
REQ-590,590,Client SHALL support both Encounter.location.location and Encounter.serviceProvider elements,"""The client application SHALL support both elements.""",Encounter location representation requirement for client applications,Test,Client,SHALL,False,Section 14.3.3.10 Encounter
REQ-591,591,US Core Server SHALL support interpreter extension on at least one of Patient or Encounter profiles,"""Although the extension is marked as an *Additional USCDI Requirements* on both US Core Patient and US Core Encounter Profiles, the certifying Server system is not required to support the extension on both profiles, but SHALL support the extension on at least one.""",Interpreter needed extension requirement allowing choice between Patient or Encounter profile implementation,Test,Certifying US Core Server,SHALL,True,Section 14.3.3.10 Encounter
REQ-592,592,"US Core Specimen Profile SHALL specify core elements, extensions, vocabularies, and value sets","""It specifies which core elements, extensions, vocabularies, and value sets SHALL be present and constrains how the elements are used""",The profile defines mandatory requirements for specimen data structure and content to ensure interoperability,Test,Profile implementers,SHALL,False,Section 14.164 - US Core Specimen Profile Text
REQ-593,593,Each Specimen must have a specimen type code,"""Each Specimen Must Have: 1. a specimen type code""",Mandatory data element that must always be present in any US Core Specimen instance,Test,System implementers creating Specimen resources,MUST,False,Section 14.164.1 - Mandatory and Must Support Data Elements
REQ-594,594,Server system SHALL support at least one of Specimen.identifier or Specimen.accessionIdentifier,"""Although both Specimen.identifier and Specimen.accessionIdentifier are marked as Must Support, the Server system is not required to support both, but SHALL support at least one of these elements""",Server systems must provide support for at least one form of specimen identification,Test,Server systems,SHALL,True,Section 14.164.1 - Profile Specific Implementation Guidance
REQ-595,595,Client application SHALL support both identifier and accessionIdentifier elements,"""The Client application SHALL support both elements [Specimen.identifier and Specimen.accessionIdentifier]""",Client applications must be capable of handling both types of specimen identifiers when present,Test,Client applications,SHALL,False,Section 14.164.1 - Profile Specific Implementation Guidance
REQ-596,596,Servers providing specimen data SHALL support US Core SMART Scopes,"""Servers providing access to specimen data SHALL support these [US Core SMART Scopes](scopes.html#smart-scopes): * [resource level scopes]: <patient user system>/Specimen.rs""",Authorization and access control requirements for servers exposing specimen data,Test,Servers providing specimen data access,SHALL,False,Section 14.164.3.1 - US Core Scopes
REQ-597,597,Server SHALL support read Specimen by id,"""SHALL support both read Specimen by id AND Specimen search using the [_id](SearchParameter-us-core-specimen-id.html) search parameter: GET [base]/Specimen/[id] or GET [base]/Specimen?_id=[id]""",Mandatory search capability for retrieving specific specimen resources,Test,Server systems,SHALL,False,Section 14.164.3.2 - Mandatory Search Parameters
REQ-598,598,Server SHALL support Specimen search using _id parameter,"""SHALL support both read Specimen by id AND Specimen search using the [_id](SearchParameter-us-core-specimen-id.html) search parameter: GET [base]/Specimen/[id] or GET [base]/Specimen?_id=[id]""",Mandatory search capability for retrieving specific specimen resources using search parameter syntax,Test,Server systems,SHALL,False,Section 14.164.3.2 - Mandatory Search Parameters
REQ-599,599,Contained resources SHALL NOT contain nested resources,"""If the resource is contained in another resource, it SHALL NOT contain nested Resources (contained.contained.empty())""",This is a general FHIR resource constraint that applies to QuestionnaireResponse resources when they are contained within other resources,Test,Systems implementing USCoreQuestionnaireResponseProfile,SHALL,False,Section 14.158 - QuestionnaireResponse invariant dom-2
REQ-600,600,Contained resources SHALL be referred to from elsewhere or refer to containing resource,"""If the resource is contained in another resource, it SHALL be referred to from elsewhere in the resource or SHALL refer to the containing resource""",This ensures proper referential integrity for contained QuestionnaireResponse resources,Test,Systems implementing USCoreQuestionnaireResponseProfile,SHALL,False,Section 14.158 - QuestionnaireResponse invariant dom-3
REQ-601,601,Contained resources SHALL NOT have meta.versionId or meta.lastUpdated,"""If a resource is contained in another resource, it SHALL NOT have a meta.versionId or a meta.lastUpdated (contained.meta.versionId.empty() and contained.meta.lastUpdated.empty())""",This prevents metadata conflicts for contained QuestionnaireResponse resources,Test,Systems implementing USCoreQuestionnaireResponseProfile,SHALL,False,Section 14.158 - QuestionnaireResponse invariant dom-4
REQ-602,602,Contained resources SHALL NOT have security labels,"""If a resource is contained in another resource, it SHALL NOT have a security label (contained.meta.security.empty())""",This prevents security label conflicts for contained QuestionnaireResponse resources,Test,Systems implementing USCoreQuestionnaireResponseProfile,SHALL,False,Section 14.158 - QuestionnaireResponse invariant dom-5
REQ-603,603,Subject SHOULD be present in QuestionnaireResponse,"""Subject SHOULD be present (searching is difficult without subject). Almost all QuestionnaireResponses should be with respect to some sort of subject. (subject.exists())""",This is an SDC-specific requirement for QuestionnaireResponse resources to facilitate searching and context,Test,Systems implementing USCoreQuestionnaireResponseProfile,SHOULD,False,Section 14.158 - QuestionnaireResponse invariant sdcqr-1
REQ-604,604,"For SDC, questionnaire SHALL be version-specific URL hosted on Form Manager","""For SDC, this SHALL be the version-specific URL of the form as hosted on the Form Manager.""",This requirement applies to the questionnaire element and ensures proper form versioning and location for SDC conformance,Test,SDC-conformant systems implementing USCoreQuestionnaireResponseProfile,SHALL,True,Section 14.158 - QuestionnaireResponse.questionnaire element
REQ-605,605,Questionnaire display extension SHALL be the title at time of authoring,"""This SHALL be the title of the Questionnaire at the time the QuestionnaireResponse was originally authored.""",This applies to the questionnaireDisplay extension and ensures accurate historical context,Test,Systems implementing USCoreQuestionnaireResponseProfile,SHALL,True,Section 14.158 - QuestionnaireResponse.questionnaire.extension:questionnaireDisplay element
REQ-606,606,Status codes SHALL be taken from QuestionnaireResponseStatus value set,"""The codes SHALL be taken from QuestionnaireResponseStatus""",This constrains the allowed values for the status element to ensure interoperability,Test,Systems implementing USCoreQuestionnaireResponseProfile,SHALL,False,Section 14.158 - QuestionnaireResponse.status element binding
REQ-607,607,Applications SHALL meet requirements for modifier extension definition,"""Applications processing a resource are required to check for modifier extensions. Modifier extensions SHALL NOT change the meaning of any elements on Resource or DomainResource (including cannot change the meaning of modifierExtension itself).""",This is a general FHIR requirement for handling modifier extensions that applies to QuestionnaireResponse processing,Test,Applications processing USCoreQuestionnaireResponseProfile resources,SHALL,False,Section 14.158 - QuestionnaireResponse.modifierExtension element
REQ-608,608,Item modifier extensions SHALL NOT change meaning of elements,"""Modifier extensions SHALL NOT change the meaning of any elements on Resource or DomainResource (including cannot change the meaning of modifierExtension itself).""",This applies specifically to modifier extensions on QuestionnaireResponse item elements,Test,Systems implementing USCoreQuestionnaireResponseProfile,SHALL,False,Section 14.158 - QuestionnaireResponse.item.modifierExtension element
REQ-609,609,Answer modifier extensions SHALL NOT change meaning of elements,"""Modifier extensions SHALL NOT change the meaning of any elements on Resource or DomainResource (including cannot change the meaning of modifierExtension itself).""",This applies specifically to modifier extensions on QuestionnaireResponse answer elements,Test,Systems implementing USCoreQuestionnaireResponseProfile,SHALL,False,Section 14.158 - QuestionnaireResponse.item.answer.modifierExtension element
REQ-610,610,Authored element SHOULD be populated if possible,"""This element is optional to allow for systems that might not know the value, however it SHOULD be populated if possible.""",This applies to the authored timestamp element to encourage capturing when answers were gathered,Test,Systems implementing USCoreQuestionnaireResponseProfile,SHOULD,True,Section 14.158 - QuestionnaireResponse.authored element
REQ-611,611,"US Core PractitionerRole profile SHALL specify core elements, extensions, vocabularies, and value sets","""This profile sets minimum expectations for the PractitionerRole Resource to record, search, and fetch the practitioner role information. It specifies which core elements, extensions, vocabularies, and value sets SHALL be present and constrains how the elements are used.""",The US Core PractitionerRole Profile inherits from the FHIR PractitionerRole resource and defines minimum requirements for practitioner role information exchange,Test,US Core PractitionerRole Profile implementers,SHALL,False,Section 14.154 - US Core PractitionerRole Profile
REQ-612,612,US Core PractitionerRole profile SHOULD be used as default when referenced by other US Core profiles,"""However, the US Core PractitionerRole Profile SHOULD be used as the default profile if referenced by another US Core profile.""",Some US Core Profiles may reference the base PractitionerRole resource instead of the US Core PractitionerRole Profile due to implementer feedback,Test,US Core profile implementers,SHOULD,True,Section 14.154.1 - Profile Specific Implementation Guidance
REQ-613,613,Implementers SHOULD choose role codes that reflect specific duties performed,"""implementers SHOULD choose the code that reflects the specific duties performed within that role rather than the specialty unless the individual's professional specialization characterizes the role.""",When selecting role codes for the PractitionerRole.code element,Test,Implementers,SHOULD,False,Section 14.154.1 - Profile Specific Implementation Guidance
REQ-614,614,PractitionerRole SHALL have contact information or reference to an Endpoint,"""SHALL have contact information or a reference to an Endpoint : telecom.exists() or endpoint.exists()""",Constraint pd-1 on the PractitionerRole resource to ensure contact availability,Test,PractitionerRole implementers,SHALL,False,Section 14.154.2.4 - Constraints pd-1
REQ-615,615,"PractitionerRole SHALL have at least one of practitioner, organization, healthcare service, or location","""SHALL have a practitioner, an organization, a healthcare service, or a location. : practitioner.exists() or organization.exists() or healthcareService.exists() or location.exists()""",Constraint us-core-13 to ensure the PractitionerRole has at least one key reference element,Test,PractitionerRole implementers,SHALL,False,Section 14.154.2.4 - Constraints us-core-13
REQ-616,616,Servers providing practitioner role data SHALL support US Core SMART Scopes,"""Servers providing access to practitioner role data SHALL support these US Core SMART Scopes""",US Core Scopes requirement for servers supporting practitioner role data access,Test,Servers,SHALL,True,Section 14.154.3.1 - US Core Scopes
REQ-617,617,Servers SHALL support searching practitioner role by specialty,"""SHALL support searching practitioner role by specialty using the specialty search parameter""",Mandatory search parameter support for practitioner role specialty searches,Test,Servers,SHALL,False,Section 14.154.3.2 - Mandatory Search Parameters
REQ-618,618,Servers SHALL support searching practitioner role by practitioner name and identifier using chained parameters,"""SHALL support searching practitioner role by practitioner name and identifier using chained parameters using the practitioner search parameter""",Mandatory search parameter support for practitioner role searches via practitioner references,Test,Servers,SHALL,False,Section 14.154.3.2 - Mandatory Search Parameters
REQ-619,619,DataAbsentReason only present when value is absent,"""dataAbsentReason SHALL only be present if Observation.value[x] is not present (dataAbsentReason.empty() or value.empty())""",OBS-6 invariant for Observation resource ensuring proper use of dataAbsentReason element,Test,FHIR Implementation,SHALL,False,Section 14.145 - Invariants
REQ-620,620,Value element must not be present when code matches component code,"""If Observation.code is the same as an Observation.component.code then the value element associated with the code SHALL NOT be present (value.empty() or component.code.where(coding.intersect(%resource.code.coding).exists()).empty())""",OBS-7 invariant for Observation resource preventing duplicate value representation,Test,FHIR Implementation,SHALL,False,Section 14.145 - Invariants
REQ-621,621,Observation status codes must be from ObservationStatus value set,"""The codes SHALL be taken from ObservationStatus""",Binding requirement for Observation.status element to ensure proper status values,Test,FHIR Implementation,SHALL,False,Section 14.145 - Element 6 (Observation.status)
REQ-622,622,Category codes should be from ObservationCategoryCodes value set,"""The codes SHOULD be taken from ObservationCategoryCodes""",Binding requirement for Observation.category element to provide standard categorization,Test,FHIR Implementation,SHOULD,False,Section 14.145 - Element 8 (Observation.category)
REQ-623,623,Observation code must have specific LOINC pattern for pregnancy status,"""Pattern Value { \""coding\"" : [{ \""system\"" : \""http://loinc.org\"", \""code\"" : \""82810-3\"" }] }""",Fixed pattern requirement for Observation.code to identify pregnancy status observations using LOINC code 82810-3,Test,FHIR Implementation,SHALL,False,Section 14.145 - Element 12 (Observation.code)
REQ-624,624,Category must include social-history pattern for pregnancy status observations,"""Pattern Value { \""coding\"" : [{ \""system\"" : \""http://terminology.hl7.org/CodeSystem/observation-category\"", \""code\"" : \""social-history\"" }] }""",Fixed pattern requirement for Observation.category:SocialHistory slice to categorize pregnancy status as social history,Test,FHIR Implementation,SHALL,False,Section 14.145 - Element 10 (Observation.category:SocialHistory)
REQ-625,625,Value codes should be from Pregnancy Status Observation value set,"""The codes SHOULD be taken from Pregnancy Status Observation""",Binding requirement for Observation.valueCodeableConcept to ensure appropriate pregnancy status values,Test,FHIR Implementation,SHOULD,False,Section 14.145 - Element 24 (Observation.value[x]:valueCodeableConcept)
REQ-626,626,"Reference range must have at least low, high, or text","""Must have at least a low or a high or text (low.exists() or high.exists() or text.exists())""",OBS-3 invariant for Observation.referenceRange ensuring meaningful reference range information,Test,FHIR Implementation,SHALL,True,Section 14.145 - Element 64 (Observation.referenceRange)
REQ-627,627,Modifier extensions must not change meaning of Resource or DomainResource elements,"""Modifier extensions SHALL NOT change the meaning of any elements on Resource or DomainResource (including cannot change the meaning of modifierExtension itself)""",Constraint on modifier extensions to preserve semantic integrity of core FHIR elements,Test,FHIR Implementation,SHALL,False,Section 14.145 - Element 4 (Observation.modifierExtension)
REQ-628,628,Extension requirements must be met for extension definitions,"""There is a set of requirements that SHALL be met as part of the definition of the extension""",General requirement for proper extension definition and usage in FHIR resources,Test,FHIR Implementation,SHALL,False,Section 14.145 - Element 4 (Observation.modifierExtension)
REQ-629,629,Applications must check for modifier extensions,"""Applications processing a resource are required to check for modifier extensions""",Processing requirement for FHIR applications to handle modifier extensions appropriately,Test,FHIR Application,REQUIRED,False,Section 14.145 - Element 4 (Observation.modifierExtension)
REQ-630,630,Observation resource SHALL NOT contain nested resources when contained in another resource,"""If the resource is contained in another resource, it SHALL NOT contain nested Resources (contained.contained.empty())""",FHIR containment rules for Observation resources to prevent deeply nested structures,Test,FHIR Implementation,SHALL,False,"Section 14.144, dom-2 invariant"
REQ-631,631,Contained observation resource SHALL be referenced from elsewhere or refer to containing resource,"""If the",,,,,,
REQ-632,632,Clinical status SHALL be present if verification status is not entered-in-error,"""AllergyIntolerance.clinicalStatus SHALL be present if verificationStatus is not entered-in-error""",This constraint ensures data integrity in AllergyIntolerance resources by requiring clinical status to be populated unless the record is marked as entered-in-error,Test,FHIR Server/Client implementing US Core AllergyIntolerance Profile,SHALL,True,Section 14.114.2.2 Constraints (ait-1)
REQ-633,633,Clinical status SHALL NOT be present if verification status is entered-in-error,"""AllergyIntolerance.clinicalStatus SHALL NOT be present if verification Status is entered-in-error""",This constraint ensures data integrity by preventing clinical status from being populated when the record is marked as entered-in-error,Test,FHIR Server/Client implementing US Core AllergyIntolerance Profile,SHALL NOT,True,Section 14.114.2.2 Constraints (ait-2)
REQ-634,634,Servers SHALL support US Core SMART Scopes for allergy data access,"""Servers providing access to allergy and intolerance data SHALL support these [US Core SMART Scopes]: [resource level scopes]: <patient user system>/AllergyIntolerance.rs""",This requirement ensures proper authorization scope support for accessing allergy and intolerance data through SMART on FHIR,Test,FHIR Server implementing US Core AllergyIntolerance Profile,SHALL,False,Section 14.114.3.1 US Core Scopes
REQ-635,635,SHALL support searching for all allergies by patient,"""SHALL support searching for all allergies for a patient using the [patient] search parameter: GET [base]/AllergyIntolerance?patient={Type/}[id]""",This is a mandatory search capability for retrieving all allergy records for a specific patient,Test,FHIR Server implementing US Core AllergyIntolerance Profile,SHALL,False,Section 14.114.3.2 Mandatory Search Parameters
REQ-636,636,SHOULD support searching by patient and clinical-status combination,"""SHOULD support searching using the combination of the [patient] and [clinical-status] search parameters: GET [base]/AllergyIntolerance?patient={Type/}[id]&clinical-status={system }[code]""",This is an optional but recommended search capability for filtering allergy records by patient and clinical status,Test,FHIR Server implementing US Core AllergyIntolerance Profile,SHOULD,False,Section 14.114.3.3 Optional Search Parameters
REQ-637,637,US Core category slice codes SHALL be taken from US Core Simple Observation Category,"""The codes SHALL be taken from US Core Simple Observation Category (ValueSet-us-core-simple-observation-category.html)""",Category slice binding requirement for US Core specific categorization,Test,System implementing US Core Simple Observation Profile,SHALL,True,Section 14.162 - Observation.category:us-core binding
REQ-638,638,Observation SHALL be matched to patient when device observation lacks subject,"""The only circumstance in which the subject can be missing is when the observation is made by a device that does not know the patient. In this case, the observation SHALL be matched to a patient through some context/channel matching technique, and at this point, the observation should be updated.""",Subject element requirement for device-generated observations,Test,System implementing US Core Simple Observation Profile,SHALL,True,Section 14.162 - Observation.subject comments
REQ-639,639,CarePlan text status must use US Core Narrative Status value set,"""The codes SHALL be taken from [US Core Narrative Status](ValueSet-us-core-narrative-status.html)""","This requirement applies to the CarePlan.text.status element, which indicates whether the narrative is generated, additional, etc. The requirement constrains the allowable values to a specific US Core value set.",Test,System implementing US Core CarePlan Profile,SHALL,False,"Section 14.122, CarePlan.text.status element"
REQ-640,640,CarePlan narrative div content must contain only basic HTML formatting elements,"""The narrative SHALL contain only the basic html formatting elements and attributes described in chapters 7-11 (except section 4 of chapter 9) and 15 of the HTML 4.0 standard, <a> elements (either name or href), images and internally contained style attributes""",This requirement applies to the CarePlan.text.div element which contains the actual narrative content as XHTML. It restricts the HTML elements that can be used.,Test,System implementing US Core CarePlan Profile,SHALL,False,"Section 14.122, CarePlan.text.div element invariant txt-1"
REQ-641,641,CarePlan narrative must have non-whitespace content,"""The narrative SHALL have some non-whitespace content""",This requirement ensures that the CarePlan.text.div element contains meaningful content rather than being empty or containing only whitespace.,Test,System implementing US Core CarePlan Profile,SHALL,False,"Section 14.122, CarePlan.text.div element invariant txt-2"
REQ-642,642,CarePlan status must use RequestStatus value set,"""The codes SHALL be taken from [RequestStatus](http://hl7.org/fhir/R4/valueset-request-status.html)""","This requirement applies to the CarePlan.status element which indicates whether the plan is currently being acted upon, represents future intentions or is now a historical record.",Test,System implementing US Core CarePlan Profile,SHALL,False,"Section 14.122, CarePlan.status element"
REQ-643,643,CarePlan intent must use CarePlanIntent value set,"""The codes SHALL be taken from [CarePlanIntent](http://hl7.org/fhir/R4/valueset-care-plan-intent.html)""",This requirement applies to the CarePlan.intent element which indicates the level of authority/intentionality associated with the care plan.,Test,System implementing US Core CarePlan Profile,SHALL,False,"Section 14.122, CarePlan.intent element"
REQ-644,644,CarePlan activity detail kind must use CarePlanActivityKind value set,"""The codes SHALL be taken from [CarePlanActivityKind](http://hl7.org/fhir/R4/valueset-care-plan-activity-kind.html)""",This requirement applies to the CarePlan.activity.detail.kind element which describes the kind of resource the in-line definition of a care plan activity is representing.,Test,System implementing US Core CarePlan Profile,SHALL,True,"Section 14.122, CarePlan.activity.detail.kind element"
REQ-645,645,CarePlan activity detail status must use CarePlanActivityStatus value set,"""The codes SHALL be taken from [CarePlanActivityStatus](http://hl7.org/fhir/R4/valueset-care-plan-activity-status.html)""",This requirement applies to the CarePlan.activity.detail.status element which identifies what progress is being made for the specific activity.,Test,System implementing US Core CarePlan Profile,SHALL,True,"Section 14.122, CarePlan.activity.detail.status element"
REQ-646,646,Modifier extensions must not change meaning of core elements,"""Modifier extensions SHALL NOT change the meaning of any elements on Resource or DomainResource (including cannot change the meaning of modifierExtension itself)""",This requirement applies to any modifier extensions used within the CarePlan and ensures they do not alter the meaning of base FHIR elements.,Test,System implementing US Core CarePlan Profile,SHALL,False,"Section 14.122, CarePlan.modifierExtension and CarePlan.activity.modifierExtension elements"
REQ-647,647,CarePlan activity must provide reference or detail but not both,"""Provide a reference or detail, not both (detail.empty() or reference.empty())""","This requirement ensures that each CarePlan activity is defined either through a reference to another resource or through inline detail, but not both methods simultaneously.",Test,System implementing US Core CarePlan Profile,SHALL,False,"Section 14.122, CarePlan.activity invariant cpl-3"
REQ-648,648,Observation resource SHALL NOT contain nested contained resources,"""If the resource is contained in another resource, it SHALL NOT contain nested Resources""",Invariant validation rule for US Core Observation Clinical Result Profile ensuring proper containment hierarchy,Test,System implementing US Core Observation Clinical Result Profile,SHALL,True,Section 14.142 - Invariant dom-2
REQ-649,649,Contained observation resource SHALL be referenced or refer to containing resource,"""If the resource is contained in another resource, it SHALL be referred to from elsewhere in the resource or SHALL refer to the containing resource""",Invariant validation rule for US Core Observation Clinical Result Profile ensuring proper reference relationships for contained resources,Test,System implementing US Core Observation Clinical Result Profile,SHALL,True,Section 14.142 - Invariant dom-3
REQ-650,650,Contained observation resource SHALL NOT have meta.versionId or meta.lastUpdated,"""If a resource is contained in another resource, it SHALL NOT have a meta.versionId or a meta.lastUpdated""",Invariant validation rule for US Core Observation Clinical Result Profile ensuring contained resources do not have version metadata,Test,System implementing US Core Observation Clinical Result Profile,SHALL,True,Section 14.142 - Invariant dom-4
REQ-651,651,Contained observation resource SHALL NOT have security label,"""If a resource is contained in another resource, it SHALL NOT have a security label""",Invariant validation rule for US Core Observation Clinical Result Profile ensuring contained resources do not have security labels,Test,System implementing US Core Observation Clinical Result Profile,SHALL,True,Section 14.142 - Invariant dom-5
REQ-652,652,dataAbsentReason SHALL only be present if Observation.value[x] is not present,"""dataAbsentReason SHALL only be present if Observation.value[x] is not present""",Invariant validation rule for US Core Observation Clinical Result Profile ensuring proper use of dataAbsentReason element,Test,System implementing US Core Observation Clinical Result Profile,SHALL,False,Section 14.142 - Invariant obs-6
REQ-653,653,Value element SHALL NOT be present when Observation.code same as component.code,"""If Observation.code is the same as an Observation.component.code then the value element associated with the code SHALL NOT be present""",Invariant validation rule for US Core Observation Clinical Result Profile ensuring no duplicate value representation,Test,System implementing US Core Observation Clinical Result Profile,SHALL,True,Section 14.142 - Invariant obs-7
REQ-654,654,Value or data absent reason must be present when no component or hasMember,"""If there is no component or hasMember element then either a value[x] or a data absent reason must be present""",US Core specific invariant ensuring observation has meaningful content when not grouped,Test,System implementing US Core Observation Clinical Result Profile,SHALL,True,Section 14.142 - Invariant us-core-2
REQ-655,655,Status codes SHALL be taken from ObservationStatus value set,"""The codes SHALL be taken from ObservationStatus""",Binding requirement for observation status field in US Core Observation Clinical Result Profile,Test,System implementing US Core Observation Clinical Result Profile,SHALL,False,Section 14.142 - Observation.status binding
REQ-656,656,Category codes SHALL be taken from US Core Clinical Result Observation Category,"""The codes SHALL be taken from US Core Clinical Result Observation Category""",Required binding for us-core category slice in US Core Observation Clinical Result Profile,Test,System implementing US Core Observation Clinical Result Profile,SHALL,True,Section 14.142 - Observation.category:us-core binding
REQ-657,657,LOINC SHALL be used for observation code if concept present in LOINC,"""The name of the clinical test or procedure performed on a patient. A LOINC SHALL be used if the concept is present in LOINC.""",Coding requirement for clinical test identification in US Core Observation Clinical Result Profile,Test,System implementing US Core Observation Clinical Result Profile,SHALL,True,Section 14.142 - Observation.code definition
REQ-658,658,Systems SHALL be capable of sending local code if one exists,"""Systems SHALL be capable of sending the local code if one exists.""",System capability requirement for local code transmission in observation coding patterns,Test,System implementing US Core Observation Clinical Result Profile,SHALL,True,Section 14.142 - Observation.code comments
REQ-659,659,Observation SHALL be matched to patient when subject missing,"""In this case, the observation SHALL be matched to a patient through some context/channel matching technique, and at this point, the observation should be updated.""",Requirement for device-generated observations without known patient context,Test,System implementing US Core Observation Clinical Result Profile,SHALL,True,Section 14.142 - Observation.subject comments
REQ-660,660,DateTime must be at least to day precision,"""Datetime must be at least to day. ($this is dateTime implies $this.toString().length() >= 10)""",US Core specific invariant ensuring minimum precision for effective datetime in observations,Test,System implementing US Core Observation Clinical Result Profile,SHALL,True,Section 14.142 - Invariant us-core-1
REQ-661,661,UCUM SHALL be used for coded quantity units in value element,"""SHALL use UCUM for coded quantity units. (ofType(Quantity).system.empty() or ofType(Quantity).system = 'http://unitsofmeasure.org')""",US Core specific invariant ensuring standardized units for numeric observation values,Test,System implementing US Core Observation Clinical Result Profile,SHALL,True,Section 14.142 - Invariant us-core-3
REQ-662,662,Numeric value SHALL use UCUM code from unitsofmeasure.org,"""If a numeric value, valueQuantity.code SHALL be selected from [UCUM](http://unitsofmeasure.org). A FHIR [UCUM Codes value set](http://hl7.org/fhir/STU3/valueset-ucum-units.html) that defines all UCUM codes is in the FHIR specification.""",Requirement for standardized units when observation value is numeric quantity,Test,System implementing US Core Observation Clinical Result Profile,SHALL,True,Section 14.142 - Observation.value[x] definition
REQ-663,663,"Reference range must have low, high, or text","""Must have at least a low or a high or text (low.exists() or high.exists() or text.exists())""",Invariant validation rule ensuring reference ranges contain meaningful content,Test,System implementing US Core Observation Clinical Result Profile,SHALL,True,Section 14.142 - Invariant obs-3
REQ-664,664,Modifier extensions SHALL NOT change meaning of Resource or DomainResource elements,"""Modifier extensions SHALL NOT change the meaning of any elements on Resource or DomainResource (including cannot change the meaning of modifierExtension itself).""",FHIR extension constraint ensuring modifier extensions maintain semantic integrity,Test,System implementing US Core Observation Clinical Result Profile,SHALL,True,Section 14.142 - Observation.modifierExtension definition
REQ-665,665,Applications SHALL check for modifier extensions,"""Applications processing a resource are required to check for modifier extensions.""",FHIR processing requirement ensuring applications handle modifier extensions appropriately,Test,Applications processing US Core Observation Clinical Result Profile resources,SHALL,False,Section 14.142 - Observation.modifierExtension definition
REQ-666,666,Contained resources shall not contain nested resources,"""If the resource is contained in another resource, it SHALL NOT contain nested Resources (contained.contained.empty())""",Domain-level invariant for the USCoreProvenance profile ensuring proper containment hierarchy,Test,FHIR resource implementer,SHALL,False,"Section 14.156, invariant dom-2"
REQ-667,667,Contained resources shall be referenced or refer to containing resource,"""If the resource is contained in another resource, it SHALL be referred to from elsewhere in the resource or SHALL refer to the containing resource""",Domain-level invariant for the USCoreProvenance profile ensuring contained resources are properly linked,Test,FHIR resource implementer,SHALL,True,"Section 14.156, invariant dom-3"
REQ-668,668,Contained resources shall not have version metadata,"""If a resource is contained in another resource, it SHALL NOT have a meta.versionId or a meta.lastUpdated (contained.meta.versionId.empty() and contained.meta.lastUpdated.empty())""",Domain-level invariant for the USCoreProvenance profile preventing version conflicts in containment,Test,FHIR resource implementer,SHALL,True,"Section 14.156, invariant dom-4"
REQ-669,669,Contained resources shall not have security labels,"""If a resource is contained in another resource, it SHALL NOT have a security label (contained.meta.security.empty())""",Domain-level invariant for the USCoreProvenance profile preventing security label conflicts in containment,Test,FHIR resource implementer,SHALL,True,"Section 14.156, invariant dom-5"
REQ-670,670,Modifier extensions shall not change meaning of resource elements,"""Modifier extensions SHALL NOT change the meaning of any elements on Resource or DomainResource (including cannot change the meaning of modifierExtension itself)""",Constraint on modifier extensions for USCoreProvenance to preserve semantic integrity,Test,Extension implementer,SHALL,True,"Section 14.156, Provenance.modifierExtension"
REQ-671,671,Applications shall check for modifier extensions,"""Applications processing a resource are required to check for modifier extensions""",Processing requirement for applications handling USCoreProvenance resources with modifier extensions,Test,Application processor,REQUIRED,False,"Section 14.156, Provenance.modifierExtension"
REQ-672,672,OnBehalfOf shall be present when agent is Practitioner or Device,"""onBehalfOf SHALL be present when Provenance.agent.who is a Practitioner or Device (who.exists((resolve() is Practitioner) or (resolve() is Device)) implies onBehalfOf.exists())""",Constraint ensuring organizational context is provided when individual practitioners or devices are agents,Test,Provenance resource creator,SHALL,True,"Section 14.156, invariant provenance-1"
REQ-673,673,Agent type codes should be taken from US Core value set,"""Unless not suitable, these codes SHALL be taken from [US Core Provenance Participant Type Codes]""",Terminology binding requirement for agent participation types in USCoreProvenance,Test,Provenance resource creator,SHALL,True,"Section 14.156, Provenance.agent.type binding"
REQ-674,674,DiagnosticReport must have status element,"""Each Diagnostic Report Must Have: 1. a status""",The US Core DiagnosticReport Profile for Report and Note Exchange defines mandatory data elements that must always be present in any DiagnosticReport resource conforming to this profile.,Test,Systems implementing US Core DiagnosticReport Profile for Report and Note Exchange,SHALL,False,Section 14.128.1 Mandatory and Must Support Data Elements
REQ-675,675,DiagnosticReport must have category element when status requires it,"""Each Diagnostic Report Must Have: 2. a category* [with constraint] *This element has the following constraint: SHALL be present if status is 'partial', 'preliminary', 'final', 'amended', 'corrected', or 'appended'.""",The US Core DiagnosticReport Profile requires category to be present under specific status conditions to ensure proper categorization of diagnostic reports.,Test,Systems implementing US Core DiagnosticReport Profile for Report and Note Exchange,SHALL,True,Section 14.128.1 Mandatory and Must Support Data Elements
REQ-676,676,DiagnosticReport must have code describing type of report,"""Each Diagnostic Report Must Have: 3. a code describing the type of report""",The US Core DiagnosticReport Profile requires a code element to specify what type of diagnostic report or note is being represented.,Test,Systems implementing US Core DiagnosticReport Profile for Report and Note Exchange,SHALL,False,Section 14.128.1 Mandatory and Must Support Data Elements
REQ-677,677,DiagnosticReport must have patient element,"""Each Diagnostic Report Must Have: 4. a patient""",The US Core DiagnosticReport Profile requires identification of the patient who is the subject of the diagnostic report.,Test,Systems implementing US Core DiagnosticReport Profile for Report and Note Exchange,SHALL,False,Section 14.128.1 Mandatory and Must Support Data Elements
REQ-678,678,DiagnosticReport must have effective time when status requires it,"""Each Diagnostic Report Must Have: 5. the diagnostically relevant time (known as the 'effective time' and typically the time of the procedure)* [with constraint] *This element has the following constraint: SHALL be present if status is 'partial', 'preliminary', 'final', 'amended', 'corrected', or 'appended'.""",The US Core DiagnosticReport Profile requires the effective time to be captured when the diagnostic report has reached certain status levels to establish the temporal context of the diagnostic findings.,Test,Systems implementing US Core DiagnosticReport Profile for Report and Note Exchange,SHALL,True,Section 14.128.1 Mandatory and Must Support Data Elements
REQ-679,679,DiagnosticReport category binding must support minimum required codes,"""The DiagnosticReport.category binding Must Support, at a minimum, the [US Core DiagnosticReport Category Codes](ValueSet-us-core-diagnosticreport-category.html) of Cardiology, Radiology, and Pathology.""",The US Core DiagnosticReport Profile requires specific category codes to be supported to enable consistent categorization across different types of diagnostic reports.,Test,Systems implementing US Core DiagnosticReport Profile for Report and Note Exchange,SHALL,False,Section 14.128.1 Profile Specific Implementation Guidance
REQ-680,680,effective[x] SHALL be present for specific status values,"""effective[x] SHALL be present if the status is 'partial', 'preliminary', 'final', 'amended', 'corrected' or 'appended' : (status='partial' or status='preliminary' or status='final' or status='amended' or status='corrected' or status='appended' ) implies effective.exists()""",The US Core DiagnosticReport Profile constraint us-core-10 ensures that timing information is captured for diagnostic reports that have reached clinically significant status levels.,Test,Systems implementing US Core DiagnosticReport Profile for Report and Note Exchange,SHALL,True,Section 14.128.2.12 Constraints
REQ-681,681,Servers providing clinical note data SHALL support US Core SMART Scopes,"""Servers providing access to clniical note data SHALL support these [US Core SMART Scopes](scopes.html#smart-scopes): * [resource level scopes](http://hl7.org/fhir/smart-app-launch/STU2.2/scopes-and-launch-context.html#scopes-for-requesting-clinical-data): <patient user system>/DiagnosticReport.rs""",The US Core DiagnosticReport Profile requires specific SMART scope support for secure access to clinical note data through FHIR APIs.,Test,Servers providing access to clinical note data using US Core DiagnosticReport Profile for Report and Note Exchange,SHALL,False,Section 14.128.3.1 US Core Scopes
REQ-682,682,SHALL support searching for all diagnosticreports for a patient,"""SHALL support searching for all diagnosticreports for a patient using the [patient](SearchParameter-us-core-diagnosticreport-patient.html) search parameter: GET [base]/DiagnosticReport?patient={Type/}[id]""",The US Core DiagnosticReport Profile requires basic patient-based search capability as a fundamental requirement for accessing diagnostic reports.,Test,Systems implementing US Core DiagnosticReport Profile for Report and Note Exchange,SHALL,False,Section 14.128.3.2 Mandatory Search Parameters
REQ-683,683,SHALL support searching using patient and category combination,"""SHALL support searching using the combination of the [patient](SearchParameter-us-core-diagnosticreport-patient.html) and [category](SearchParameter-us-core-diagnosticreport-category.html) search parameters: GET [base]/DiagnosticReport?patient={Type/}[id]&category={system }[code]""",The US Core DiagnosticReport Profile requires the ability to search for diagnostic reports by both patient and category to enable filtered retrieval by report type.,Test,Systems implementing US Core DiagnosticReport Profile for Report and Note Exchange,SHALL,False,Section 14.128.3.2 Mandatory Search Parameters
REQ-684,684,SHALL support searching using patient and code combination,"""SHALL support searching using the combination of the [patient](SearchParameter-us-core-diagnosticreport-patient.html) and [code](SearchParameter-us-core-diagnosticreport-code.html) search parameters: * including optional support for *OR* search on code (e.g.code={system }[code],{system }[code],.) GET [base]/DiagnosticReport?patient={Type/}[id]&code={system }[code]{,{system }[code],.}""",The US Core DiagnosticReport Profile requires the ability to search for diagnostic reports by patient and specific report codes to enable precise retrieval of particular types of reports.,Test,Systems implementing US Core DiagnosticReport Profile for Report and Note Exchange,SHALL,False,Section 14.128.3.2 Mandatory Search Parameters
REQ-685,685,"SHALL support searching using patient, category and date combination","""SHALL support searching using the combination of the [patient](SearchParameter-us-core-diagnosticreport-patient.html) and [category](SearchParameter-us-core-diagnosticreport-category.html) and [date](SearchParameter-us-core-diagnosticreport-date.html) search parameters: * including support for these date comparators: gt,lt,ge,le * including optional support for *AND* search on date (e.g.date=[date]&date=[date]]&.) GET [base]/DiagnosticReport?patient={Type/}[id]&category={system }[code]&date={gt lt ge le}[date]{&date={gt lt ge le}[date]&.}""",The US Core DiagnosticReport Profile requires temporal search capabilities combined with patient and category filtering to enable date-range based retrieval of diagnostic reports.,Test,Systems implementing US Core DiagnosticReport Profile for Report and Note Exchange,SHALL,False,Section 14.128.3.2 Mandatory Search Parameters
REQ-686,686,Resource shall not contain nested resources when contained in another resource,"""If the resource is contained in another resource, it SHALL NOT contain nested Resources""",Constraint on DocumentReference resources when they are contained within other FHIR resources to maintain proper resource hierarchy,Test,FHIR server/client implementing DocumentReference resources,SHALL,True,
REQ-687,687,Device type query support requirement,"""Servers SHOULD support query by Device.type to allow Clients to request the patient's devices by a specific type.""","This requirement enables clients to search for specific types of devices associated with a patient, facilitating more targeted device queries within the US Core Implantable Device Profile.",Test,Servers implementing US Core Implantable Device Profile,SHOULD,False,Section 14.135.1 Mandatory and Must Support Data Elements - Profile Specific Implementation Guidance
REQ-688,688,US Core SMART Scopes support requirement,"""Servers providing access to implantable device data SHALL support these [US Core SMART Scopes]: [resource level scopes]: <patient user system>/Device.rs""","This requirement ensures that servers implement appropriate SMART on FHIR scopes for accessing implantable device data, supporting secure and authorized access to Device resources.",Test,Servers providing access to implantable device data,SHALL,False,Section 14.135.3.1 US Core Scopes
REQ-689,689,Mandatory patient search parameter support,"""SHALL support searching for all devices for a patient, including implantable devices using the [patient](SearchParameter-us-core-device-patient.html) search parameter: GET [base]/Device?patient={Type/}[id]""","This requirement establishes the fundamental search capability for retrieving all devices associated with a specific patient, which is essential for implantable device management and clinical workflows.",Test,Systems implementing US Core Implantable Device Profile,SHALL,False,Section 14.135.3.2 Mandatory Search Parameters
REQ-690,690,Optional patient and type combination search support,"""SHOULD support searching using the combination of the [patient](SearchParameter-us-core-device-patient.html) and [type](SearchParameter-us-core-device-type.html) search parameters: GET [base]/Device?patient={Type/}[id]&type={system }[code]""","This requirement provides enhanced search functionality allowing clients to retrieve devices of a specific type for a particular patient, enabling more targeted device queries.",Test,Systems implementing US Core Implantable Device Profile,SHOULD,False,Section 14.135.3.3 Optional Search Parameters
REQ-691,691,Optional patient and status combination search support,"""SHOULD support searching using the combination of the [patient](SearchParameter-us-core-device-patient.html) and [status](SearchParameter-us-core-device-status.html) search parameters: including support for *OR* search on status (e.g.status={system }[code],{system }[code],.) GET [base]/Device?patient={Type/}[id]&status={system }[code]{,{system }[code],.}""","This requirement enables filtering of device searches by status, including support for multiple status values using OR logic, which supports clinical workflows that need to focus on devices in specific states.",Test,Systems implementing US Core Implantable Device Profile,SHOULD,False,Section 14.135.3.3 Optional Search Parameters
REQ-692,692,DocumentReference type codes must be taken from US Core DocumentReference Type value set,"""The codes SHALL be taken from [US Core DocumentReference Type](ValueSet-us-core-documentreference-type.html)""",DocumentReference.type element binding requirement in US Core DocumentReference Profile,Test,Systems implementing US Core DocumentReference Profile,SHALL,False,Section 10 - DocumentReference.type
REQ-693,693,DocumentReference category uscore slice codes must be taken from US Core DocumentReference Category value set,"""The codes SHALL be taken from [US Core DocumentReference Category](ValueSet-us-core-documentreference-category.html)""",DocumentReference.category:uscore slice binding requirement in US Core DocumentReference Profile,Test,Systems implementing US Core DocumentReference Profile,SHALL,False,Section 14 - DocumentReference.category:uscore
REQ-694,694,"If contained resource exists, it must not contain nested resources","""If the resource is contained in another resource, it SHALL NOT contain nested Resources (contained.contained.empty())""",DOM-2 invariant for DocumentReference resource containment validation,Test,Systems implementing DocumentReference resources,SHALL,True,DocumentReference invariants - dom-2
REQ-695,695,Contained resource must be referenced or refer to containing resource,"""If the resource is contained in another resource, it SHALL be referred to from elsewhere in the resource or SHALL refer to the containing resource""",DOM-3 invariant for DocumentReference resource containment validation,Test,Systems implementing DocumentReference resources,SHALL,True,DocumentReference invariants - dom-3
REQ-696,696,Contained resource must not have meta.versionId or meta.lastUpdated,"""If a resource is contained in another resource, it SHALL NOT have a meta.versionId or a meta.lastUpdated (contained.meta.versionId.empty() and contained.meta.lastUpdated.empty())""",DOM-4 invariant for DocumentReference resource containment validation,Test,Systems implementing DocumentReference resources,SHALL,True,DocumentReference invariants - dom-4
REQ-697,697,Contained resource must not have security label,"""If a resource is contained in another resource, it SHALL NOT have a security label (contained.meta.security.empty())""",DOM-5 invariant for DocumentReference resource containment validation,Test,Systems implementing DocumentReference resources,SHALL,True,DocumentReference invariants - dom-5
REQ-698,698,Applications must check for modifier extensions when processing resources,"""Applications processing a resource are required to check for modifier extensions""",DocumentReference modifier extension processing requirement,Test,Applications processing DocumentReference resources,REQUIRED,False,Section 4 - DocumentReference.modifierExtension
REQ-699,699,Extension requirements must be met for extension definition,"""There is a set of requirements that SHALL be met as part of the definition of the extension""",DocumentReference extension governance requirement,Test,Systems defining extensions,SHALL,False,Section 4 - DocumentReference.modifierExtension
REQ-700,700,Observation resource SHALL NOT contain nested Resources when contained,"""If the resource is contained in another resource, it SHALL NOT contain nested Resources (contained.contained.empty())""",FHIR resource containment rules for US Core Smoking Status Profile Observation resources to ensure proper resource hierarchy,Test,FHIR Server/Client,SHALL,True,Section 14.163 - Invariant dom-2
REQ-701,701,Contained observation resource SHALL be properly referenced,"""If the resource is contained in another resource, it SHALL be referred to from elsewhere in the resource or SHALL refer to the containing resource""",FHIR resource containment validation for US Core Smoking Status Profile to ensure contained resources are properly linked,Test,FHIR Server/Client,SHALL,True,Section 14.163 - Invariant dom-3
REQ-702,702,Contained observation resource SHALL NOT have meta versioning information,"""If a resource is contained in another resource, it SHALL NOT have a meta.versionId or a meta.lastUpdated (contained.meta.versionId.empty() and contained.meta.lastUpdated.empty())""",FHIR resource containment rules for US Core Smoking Status Profile to prevent version conflicts in contained resources,Test,FHIR Server/Client,SHALL,True,Section 14.163 - Invariant dom-4
REQ-703,703,Contained observation resource SHALL NOT have security labels,"""If a resource is contained in another resource, it SHALL NOT have a security label (contained.meta.security.empty())""",FHIR resource containment security rules for US Core Smoking Status Profile to prevent security label conflicts,Test,FHIR Server/Client,SHALL,True,Section 14.163 - Invariant dom-5
REQ-704,704,dataAbsentReason SHALL only be present when observation value is missing,"""dataAbsentReason SHALL only be present if Observation.value[x] is not present (dataAbsentReason.empty() or value.empty())""",US Core Smoking Status Profile observation value validation to ensure proper use of dataAbsentReason,Test,FHIR Server/Client,SHALL,False,Section 14.163 - Invariant obs-6
REQ-705,705,Observation value SHALL NOT be present when code matches component code,"""If Observation.code is the same as an Observation.component.code then the value element associated with the code SHALL NOT be present (value.empty() or component.code.where(coding.intersect(%resource.code.coding).exists()).empty())""",US Core Smoking Status Profile observation structure validation to prevent duplicate value representation,Test,FHIR Server/Client,SHALL,True,Section 14.163 - Invariant obs-7
REQ-706,706,Tobacco smoking status codes SHALL use valueCodeableConcept,"""Observation.code 72166-2 Tobacco smoking status or 11367-0 History of Tobacco use SHALL use valueCodeableConcept (code.coding.where(code in '72166-2' '11367-0').exists() implies value.is(CodeableConcept))""",US Core Smoking Status Profile value type enforcement for specific tobacco-related observation codes,Test,FHIR Server/Client,SHALL,True,Section 14.163 - Invariant us-core-24
REQ-707,707,Cigarette pack-years codes SHOULD use valueQuantity,"""For Observation.code 401201003 Cigarette pack-years or 782516008 Number of calculated smoking pack years SHOULD use valueQuantity (code.coding.where(code in '401201003' '782516008').exists() implies value.is(Quantity))""",US Core Smoking Status Profile value type recommendation for pack-years calculation codes,Test,FHIR Server/Client,SHOULD,True,Section 14.163 - Invariant us-core-25
REQ-708,708,Observation status SHALL use specified value set,"""The codes SHALL be taken from US Core Status for Smoking Status Observation""",US Core Smoking Status Profile status field validation using restricted value set for smoking status observations,Test,FHIR Server/Client,SHALL,False,Section 14.163 - Observation.status binding
REQ-709,709,Observation category SHALL include social-history,"""Pattern Value { \""coding\"" : [{ \""system\"" : \""http://terminology.hl7.org/CodeSystem/observation-category\"", \""code\"" : \""social-history\"" }] }""",US Core Smoking Status Profile category classification requirement for proper observation categorization,Test,FHIR Server/Client,SHALL,False,Section 14.163 - Observation.category:SocialHistory
REQ-710,710,Observation code SHALL use Smoking Status Type value set,"""Unless not suitable, these codes SHALL be taken from Smoking Status Type ([extensible] to http://cts.nlm.nih.gov/fhir/ValueSet/2.16.840.1.113762.1.4.1267.6)""",US Core Smoking Status Profile code validation using smoking status type value set for observation identification,Test,FHIR Server/Client,SHALL,False,Section 14.163 - Observation.code binding
REQ-711,711,Observation subject SHALL reference US Core Patient Profile,"""Type [Reference](US Core Patient Profile)""",US Core Smoking Status Profile subject reference requirement to ensure proper patient association,Test,FHIR Server/Client,SHALL,False,Section 14.163 - Observation.subject
REQ-712,712,valueQuantity units SHALL use UnitsOfMeasureCaseSensitive value set,"""The codes SHALL be taken from UnitsOfMeasureCaseSensitive ([required] to http://terminology.hl7.org/ValueSet/v3-UnitsOfMeasureCaseSensitive)""",US Core Smoking Status Profile quantity value units validation for smoking-related measurements,Test,FHIR Server/Client,SHALL,True,Section 14.163 - Observation.value[x]:valueQuantity binding
REQ-713,713,valueCodeableConcept SHALL use smoking status comprehensive value set,"""Unless not suitable, these codes SHALL be taken from Smoking status comprehensive ([extensible] to http://cts.nlm.nih.gov/fhir/ValueSet/2.16.840.1.113762.1.4.1267.3)""",US Core Smoking Status Profile coded value validation using comprehensive smoking status value set,Test,FHIR Server/Client,SHALL,True,Section 14.163 - Observation.value[x]:valueCodeableConcept binding
REQ-714,714,US Core DocumentReference Type ValueSet must include HL7 v3 Code System NullFlavor concept 'unknown',"""The US Core DocumentReference Type Value Set includes all LOINC values whose SCALE is 'Doc' in the LOINC database and the HL7 v3 Code System NullFlavor concept 'unknown'""",ValueSet definition specifying required code systems and concepts for US Core DocumentReference Type,Test,Implementation systems implementing US Core DocumentReference Profile,SHALL,False,Section 14.186 ValueSet: US Core DocumentReference Type - Logical Definition
REQ-715,715,US Core DocumentReference Type ValueSet must include all LOINC codes with SCALE_TYP = LP32888-7 (Doc),"""Include codes from http://loinc.org where SCALE_TYP = LP32888-7 (Doc)""",ValueSet logical definition specifying inclusion criteria for LOINC codes based on SCALE_TYP property,Test,Implementation systems implementing US Core DocumentReference Profile,SHALL,False,Section 14.186.1 Logical Definition (CLD)
REQ-716,716,Observation resource SHALL NOT contain nested resources when contained in another resource,"""If the resource is contained in another resource, it SHALL NOT contain nested Resources (contained.contained.empty())""",Constraint on the US Core Observation ADI Documentation Profile to prevent nested contained resources,Test,System implementing US Core Observation ADI Documentation Profile,SHALL,True,Section 14.141 - Invariant dom-2
REQ-717,717,Observation resource SHALL be referenced when contained in another resource,"""If the resource is contained in another resource, it SHALL be referred to from elsewhere in the resource or SHALL refer to the containing resource""",Constraint on the US Core Observation ADI Documentation Profile to ensure contained resources are properly referenced,Test,System implementing US Core Observation ADI Documentation Profile,SHALL,True,Section 14.141 - Invariant dom-3
REQ-718,718,Observation resource SHALL NOT have meta.versionId or meta.lastUpdated when contained,"""If a resource is contained in another resource, it SHALL NOT have a meta.versionId or a meta.lastUpdated (contained.meta.versionId.empty() and contained.meta.lastUpdated.empty())""",Constraint on the US Core Observation ADI Documentation Profile for contained resources,Test,System implementing US Core Observation ADI Documentation Profile,SHALL,True,Section 14.141 - Invariant dom-4
REQ-719,719,Observation resource SHALL NOT have security labels when contained,"""If a resource is contained in another resource, it SHALL NOT have a security label (contained.meta.security.empty())""",Constraint on the US Core Observation ADI Documentation Profile for contained resources,Test,System implementing US Core Observation ADI Documentation Profile,SHALL,True,Section 14.141 - Invariant dom-5
REQ-720,720,dataAbsentReason SHALL only be present if Observation.value[x] is not present,"""dataAbsentReason SHALL only be present if Observation.value[x] is not present (dataAbsentReason.empty() or value.empty())""",Constraint on the US Core Observation ADI Documentation Profile for data absent reason usage,Test,System implementing US Core Observation ADI Documentation Profile,SHALL,False,Section 14.141 - Invariant obs-6
REQ-721,721,Value element SHALL NOT be present if Observation.code is same as component.code,"""If Observation.code is the same as an Observation.component.code then the value element associated with the code SHALL NOT be present (value.empty() or component.code.where(coding.intersect(%resource.code.coding).exists()).empty())""",Constraint on the US Core Observation ADI Documentation Profile to prevent duplicate code-value pairs,Test,System implementing US Core Observation ADI Documentation Profile,SHALL,True,Section 14.141 - Invariant obs-7
REQ-722,722,Extension definition SHALL be a URI for Structure Definition,"""The definition SHALL be a URI for the Structure Definition defining the extension""",Requirements for extension URL in supporting-info extension,Test,System implementing US Core Observation ADI Documentation Profile,SHALL,False,Section 14.141 - Observation.extension:supporting-info.url
REQ-723,723,Observation status codes SHALL be taken from ObservationStatus value set,"""The codes SHALL be taken from ObservationStatus""",Binding requirement for Observation.status element in ADI Documentation Profile,Test,System implementing US Core Observation ADI Documentation Profile,SHALL,False,Section 14.141 - Observation.status binding
REQ-724,724,Observation value codes SHALL be taken from Answer Set with Yes No and Unknowns,"""The codes SHALL be taken from Answer Set with Yes No and Unknowns (required to http://cts.nlm.nih.gov/fhir/ValueSet/2.16.840.1.113762.1.4.1267.16)""",Binding requirement for Observation.value[x] element in ADI Documentation Profile,Test,System implementing US Core Observation ADI Documentation Profile,SHALL,False,Section 14.141 - Observation.value[x] binding
REQ-725,725,observation SHALL be matched to patient when subject is missing,"""The only circumstance in which the subject can be missing is when the observation is made by a device that does not know the patient. In this case, the observation SHALL be matched to a patient through some context/channel matching technique, and at this point, the observation should be updated""",Requirement for patient matching when Observation.subject is missing in device-generated observations,Test,System implementing US Core Observation ADI Documentation Profile,SHALL,True,Section 14.141 - Observation.subject
REQ-726,726,Applications SHALL check for modifier extensions,"""Applications processing a resource are required to check for modifier extensions""",Requirement for processing modifier extensions in Observation resource,Test,System implementing US Core Observation ADI Documentation Profile,SHALL,False,Section 14.141 - Observation.modifierExtension
REQ-727,727,Modifier extensions SHALL NOT change meaning of Resource or DomainResource elements,"""Modifier extensions SHALL NOT change the meaning of any elements on Resource or DomainResource (including cannot change the meaning of modifierExtension itself)""",Constraint on modifier extensions in Observation resource,Test,System implementing US Core Observation ADI Documentation Profile,SHALL,False,Section 14.141 - Observation.modifierExtension
REQ-728,728,QuestionnaireResponse must have a reference to the assessment questionnaire,"""Each QuestionnaireResponse Must Have: 1. a reference back to the assessment upon which it is based""",The US Core QuestionnaireResponse Profile defines mandatory data elements that must always be present in any QuestionnaireResponse resource instance,Test,US Core QuestionnaireResponse implementers,SHALL,False,Section 14.158.1 Mandatory and Must Support Data Elements
REQ-729,729,QuestionnaireResponse must have a status,"""Each QuestionnaireResponse Must Have: 2. a status""",The US Core QuestionnaireResponse Profile defines mandatory data elements that must always be present in any QuestionnaireResponse resource instance,Test,US Core QuestionnaireResponse implementers,SHALL,False,Section 14.158.1 Mandatory and Must Support Data Elements
REQ-730,730,QuestionnaireResponse must have a patient reference,"""Each QuestionnaireResponse Must Have: 3. a patient""",The US Core QuestionnaireResponse Profile defines mandatory data elements that must always be present in any QuestionnaireResponse resource instance,Test,US Core QuestionnaireResponse implementers,SHALL,False,Section 14.158.1 Mandatory and Must Support Data Elements
REQ-731,731,QuestionnaireResponse must have the date answers were gathered,"""Each QuestionnaireResponse Must Have: 4. the date the answers were gathered""",The US Core QuestionnaireResponse Profile defines mandatory data elements that must always be present in any QuestionnaireResponse resource instance,Test,US Core QuestionnaireResponse implementers,SHALL,False,Section 14.158.1 Mandatory and Must Support Data Elements
REQ-732,732,Each question must have an identifier pointing to the question,"""each question must have an identifier pointing to the question""",Within the must support requirements for questions and answers in QuestionnaireResponse,Test,US Core QuestionnaireResponse implementers,MUST,False,Section 14.158.1 Mandatory and Must Support Data Elements
REQ-733,733,Nested item cannot be beneath both item and answer,"""Nested item can't be beneath both item and answer : (answer.exists() and item.exists()).not()""",Constraint qrs-1 that prevents incorrect nesting structure in questionnaire response items,Test,US Core QuestionnaireResponse implementers,SHALL,False,Section 14.158.2.2 Constraints
REQ-734,734,Subject should be present in QuestionnaireResponse,"""Subject SHOULD be present (searching is difficult without subject). Almost all QuestionnaireResponses should be with respect to some sort of subject. : subject.exists()""",Constraint sdcqr-1 that recommends including subject for better searchability,Test,US Core QuestionnaireResponse implementers,SHOULD,False,Section 14.158.2.2 Constraints
REQ-735,735,Servers shall support resource level SMART scopes for QuestionnaireResponse,"""Servers providing access to completed questionnnaire, survey and assessement data SHALL support these [US Core SMART Scopes]: resource level scopes: <patient user system>/QuestionnaireResponse.rs""",SMART on FHIR scopes requirements for servers implementing US Core QuestionnaireResponse access,Test,US Core Server implementers,SHALL,False,Section 14.158.3.1 US Core Scopes
REQ-736,736,Servers shall support read QuestionnaireResponse by id,"""SHALL support both read QuestionnaireResponse by id AND QuestionnaireResponse search using the [_id](SearchParameter-us-core-questionnaireresponse-id.html) search parameter: GET [base]/QuestionnaireResponse/[id] or GET [base]/QuestionnaireResponse?_id=[id]""",Mandatory search parameter support for QuestionnaireResponse resource access,Test,US Core Server implementers,SHALL,False,Section 14.158.3.2 Mandatory Search Parameters
REQ-737,737,Servers shall support searching QuestionnaireResponse by patient,"""SHALL support searching for all questionnaireresponses for a patient using the [patient](SearchParameter-us-core-questionnaireresponse-patient.html) search parameter: GET [base]/QuestionnaireResponse?patient={Type/}[id]""",Mandatory search parameter support for finding all QuestionnaireResponse resources for a specific patient,Test,US Core Server implementers,SHALL,False,Section 14.158.3.2 Mandatory Search Parameters
REQ-738,738,Servers should support searching QuestionnaireResponse by patient and status,"""SHOULD support searching using the combination of the [patient](SearchParameter-us-core-questionnaireresponse-patient.html) and [status](SearchParameter-us-core-questionnaireresponse-status.html) search parameters: including support for *OR* search on status [...] GET [base]/QuestionnaireResponse?patient={Type/}[id]&status={system }[code]{,{system }[code],.}""",Optional search parameter combinations for more specific QuestionnaireResponse queries,Test,US Core Server implementers,SHOULD,False,Section 14.158.3.3 Optional Search Parameters
REQ-739,739,Servers should support searching QuestionnaireResponse by patient and authored date,"""SHOULD support searching using the combination of the [patient](SearchParameter-us-core-questionnaireresponse-patient.html) and [authored](SearchParameter-us-core-questionnaireresponse-authored.html) search parameters: including support for these authored comparators: gt,lt,ge,le [...] GET [base]/QuestionnaireResponse?patient={Type/}[id]&authored={gt lt ge le}[date]{&authored={gt lt ge le}[date]&.}""",Optional search parameter combinations for date-based QuestionnaireResponse queries,Test,US Core Server implementers,SHOULD,False,Section 14.158.3.3 Optional Search Parameters
REQ-740,740,Servers should support searching QuestionnaireResponse by patient and questionnaire,"""SHOULD support searching using the combination of the [patient](SearchParameter-us-core-questionnaireresponse-patient.html) and [questionnaire](SearchParameter-us-core-questionnaireresponse-questionnaire.html) search parameters: GET [base]/QuestionnaireResponse?patient={Type/}[id]&questionnaire={Type/}[id]""",Optional search parameter combinations for finding responses to specific questionnaires,Test,US Core Server implementers,SHOULD,False,Section 14.158.3.3 Optional Search Parameters
REQ-741,741,Systems SHALL use location element when available in other resources,"""Systems SHALL use the location element for all resources where the element is available.""",Implementation guidance for referencing locations from other US Core profiles when location element differs from Encounter.location,Test,Systems,SHALL,True,Section 14.137.1
REQ-742,742,Systems SHOULD follow Project US@ Technical Specification for addresses,"""Systems SHOULD follow the [Project US@ Technical Specification for Patient Addresses Final Version 1.0](https://asapnet.org/wp-content/uploads/2022/03/Project_US_FINAL_Technical_Specification_Version_1.0.pdf) as the standard style guide for Location.address.line and Location.address.city.""",Address formatting guidance for Location address fields to ensure consistency,Test,Systems,SHOULD,False,Section 14.137.1
REQ-743,743,Servers SHALL support searching by location name,"""SHALL support searching by location name using the [name](SearchParameter-us-core-location-name.html) search parameter""",Mandatory search functionality for US Core Location Profile to enable finding locations by name,Test,Servers,SHALL,True,Section 14.137.3.2
REQ-744,744,Servers SHALL support searching location by address,"""SHALL support searching location based on text address using the [address](SearchParameter-us-core-location-address.html) search parameter""",Mandatory search functionality for US Core Location Profile to enable finding locations by address text,Test,Servers,SHALL,True,Section 14.137.3.2
REQ-745,745,Servers,,,,,,,
REQ-746,746,SHOULD support searching by patient and status combination,"""SHOULD support searching using the combination of the [patient] and [status] search parameters: * including support for *OR* search on status""",Optional but recommended search capability for US Core Procedure Profile implementation with status-based filtering,Test,"Systems supporting US Core Procedure Profile interactions, SHOULD",SHOULD,False,Section 14.155.3.3 Optional Search Parameters
REQ-747,747,"SHOULD support searching by patient, code, and date combination","""SHOULD support searching using the combination of the [patient] and [code] and [date] search parameters: * including optional support for *OR* search on code * including support for these date comparators: gt,lt,ge,le * including optional support for *AND* search on date""",Optional but recommended search capability for US Core Procedure Profile implementation with code and date-based filtering,Test,"Systems supporting US Core Procedure Profile interactions, SHOULD",SHOULD,False,Section 14.155.3.3 Optional Search Parameters
REQ-748,748,Observation resources contained in another resource must not contain nested Resources,"""If the resource is contained in another resource, it SHALL NOT contain nested Resources (contained.contained.empty())""",FHIR resource containment rules for Observation resources to prevent infinite nesting of contained resources,Test,"FHIR server/client implementations, SHALL, applies when Observation is contained in another resource",SHALL,True,Section 14.146 - Invariant dom-2
REQ-749,749,Contained Observation resources must be referenced or refer to containing resource,"""If the resource is contained in another resource, it SHALL be referred to from elsewhere in the resource or SHALL refer to the containing resource""",FHIR resource containment rules ensuring contained resources are properly linked,Test,"FHIR server/client implementations, SHALL, applies when Observation is contained in another resource",SHALL,True,Section 14.146 - Invariant dom-3
REQ-750,750,Contained Observation resources must not have meta.versionId or meta.lastUpdated,"""If a resource is contained in another resource, it SHALL NOT have a meta.versionId or a meta.lastUpdated (contained.meta.versionId.empty() and contained.meta.lastUpdated.empty())""",FHIR resource containment rules for metadata restrictions on contained resources,Test,"FHIR server/client implementations, SHALL, applies when Observation is contained in another resource",SHALL,True,Section 14.146 - Invariant dom-4
REQ-751,751,Contained Observation resources must not have security labels,"""If a resource is contained in another resource, it SHALL NOT have a security label (contained.meta.security.empty())""",FHIR resource containment rules for security label restrictions on contained resources,Test,"FHIR server/client implementations, SHALL, applies when Observation is contained in another resource",SHALL,True,Section 14.146 - Invariant dom-5
REQ-752,752,dataAbsentReason only allowed when Observation.value[x] is not present,"""dataAbsentReason SHALL only be present if Observation.value[x] is not present (dataAbsentReason.empty() or value.empty())""",FHIR Observation value handling to ensure proper use of dataAbsentReason,Test,"FHIR server/client implementations, SHALL",SHALL,False,Section 14.146 - Invariant obs-6
REQ-753,753,Observation.value must not be present when code matches component.code,"""If Observation.code is the same as an Observation.component.code then the value element associated with the code SHALL NOT be present (value.empty() or component.code.where(coding.intersect(%resource.code.coding).exists()).empty())""",FHIR Observation component structure to prevent redundant value representation,Test,"FHIR server/client implementations, SHALL",SHALL,False,Section 14.146 - Invariant obs-7
REQ-754,754,Value or data absent reason required when no component or hasMember elements,"""If there is no component or hasMember element then either a value[x] or a data absent reason must be present ((component.empty() and hasMember.empty()) implies (dataAbsentReason.exists() or value.exists()))""",US Core Observation requirements for ensuring meaningful observation content,Test,"US Core implementations, SHALL",SHALL,True,Section 14.146 - Invariant us-core-2
REQ-755,755,Observation status codes must be taken from ObservationStatus value set,"""The codes SHALL be taken from ObservationStatus http://hl7.org/fhir/ValueSet/observation-status 4.0.1""",FHIR terminology binding for observation status values,Test,"FHIR server/client implementations, SHALL",SHALL,False,Section 14.146 - Observation.status binding
REQ-756,756,Survey category slice must have required pattern value,"""Pattern Value { \""coding\"" : [{ \""system\"" : \""http://terminology.hl7.org/CodeSystem/observation-category\"", \""code\"" : \""survey\"" }] }""",US Core Observation Screening Assessment profile category slice requirements,Test,"US Core implementations, SHALL for survey slice",SHALL,True,Section 14.146 - Observation.category:survey pattern
REQ-757,757,Screening-assessment category codes must be from specified value set,"""The codes SHALL be taken from US Core Screening Assessment Observation Maximum Category ([required] to http://hl7.org/fhir/us/core/ValueSet/us-core-screening-assessment-observation-maximum-category)""",US Core terminology binding for screening assessment categories,Test,"US Core implementations, SHALL when using screening-assessment slice",SHALL,True,Section 14.146 - Observation.category:screening-assessment binding
REQ-758,758,Subject must reference US Core Patient Profile when referencing Patient,"""Reference([US Core Patient Profile], Group, Device, [US Core Location Profile]) [Must Support Types Reference([US Core Patient Profile])]""",US Core profile constraints for observation subject references,Test,"US Core implementations, MUST SUPPORT for US Core Patient Profile references",MUST SUPPORT,False,Section 14.146 - Observation.subject
REQ-759,759,Datetime must be at least to day precision,"""Datetime must be at least to day. ($this is dateTime implies $this.toString().length() >= 10)""",US Core requirements for effective datetime precision,Test,"US Core implementations, SHALL when using dateTime type",SHALL,True,Section 14.146 - Invariant us-core-1
REQ-760,760,Coded quantity units must use UCUM,"""SHALL use UCUM for coded quantity units. (ofType(Quantity).system.empty() or ofType(Quantity).system = 'http://unitsofmeasure.org')""",US Core requirements for standardized quantity units,Test,"US Core implementations, SHALL when using Quantity values",SHALL,True,Section 14.146 - Invariant us-core-3
REQ-761,761,DataAbsentReason codes must be from specified value set,"""Unless not suitable, these codes SHALL be taken from DataAbsentReason http://hl7.org/fhir/ValueSet/data-absent-reason""",FHIR terminology binding for data absent reason values,Test,"FHIR server/client implementations, SHALL (extensible binding)",SHALL,True,Section 14.146 - Observation.dataAbsentReason binding
REQ-762,762,Category fixed value requirement,"""Fixed Value: encounter-diagnosis""",The US Core slice for category must have a fixed coding with system http://terminology.hl7.org/CodeSystem/condition-category and code encounter-diagnosis,Test,Systems implementing US Core Condition Encounter Diagnosis Profile,SHALL,False,"Section 14.124.2 Formal Views, category:us-core element definition"
REQ-763,763,Clinical status constraint for abated conditions,"""If condition is abated, then clinicalStatus must be either inactive, resolved, or remission : abatement.empty() or clinicalStatus.coding.where(system='http://terminology.hl7.org/CodeSystem/condition-clinical' and (code='resolved' or code='remission' or code='inactive')).exists()""",Business rule ensuring logical consistency between abatement status and clinical status values,Test,Systems implementing US Core Condition Encounter Diagnosis Profile,SHALL,True,"Section 14.124.2.5 Constraints, con-4"
REQ-764,764,Clinical status exclusion for entered-in-error verification,"""Condition.clinicalStatus SHALL NOT be present if verification Status is entered-in-error : verificationStatus.coding.where(system='http://terminology.hl7.org/CodeSystem/condition-ver-status' and code='entered-in-error').empty() or clinicalStatus.empty()""",Business rule preventing conflicting status information when a condition is marked as entered-in-error,Test,Systems implementing US Core Condition Encounter Diagnosis Profile,SHALL NOT,True,"Section 14.124.2.5 Constraints, con-5"
REQ-765,765,Mandatory search support for patient parameter,"""SHALL support searching for all conditions including problems, health concerns, and encounter diagnosis for a patient using the [patient](SearchParameter-us-core-condition-patient.html) search parameter: GET [base]/Condition?patient={Type/}[id]""",Server capability requirement for supporting patient-based condition searches as part of US Core interactions,Test,Servers supporting US Core interactions for this profile,SHALL,False,Section 14.124.3.2 Mandatory Search Parameters
REQ-766,766,Mandatory search support for patient and category combination,"""SHALL support searching using the combination of the [patient](SearchParameter-us-core-condition-patient.html) and [category](SearchParameter-us-core-condition-category.html) search parameters: GET [base]/Condition?patient={Type/}[id]&category={system }[code]""",Server capability requirement for supporting filtered condition searches by patient and category,Test,Servers supporting US Core interactions for this profile,SHALL,False,Section 14.124.3.2 Mandatory Search Parameters
REQ-767,767,US Core SMART Scopes support requirement,"""Servers providing access to encounter diagnosis data SHALL support these [US Core SMART Scopes](scopes.html#smart-scopes): [resource level scopes](http://hl7.org/fhir/smart-app-launch/STU2.2/scopes-and-launch-context.html#scopes-for-requesting-clinical-data): <patient user system>/Condition.rs""",Authorization framework requirement for servers to support appropriate SMART on FHIR scopes for encounter diagnosis data access,Test,Servers providing access to encounter diagnosis data,SHALL,False,Section 14.124.3.1 US Core Scopes
REQ-768,768,US Core granular SMART Scopes support requirement,"""Servers providing access to encounter diagnosis data SHALL support these [US Core SMART Scopes](scopes.html#smart-scopes): [granular scopes](http://hl7.org/fhir/smart-app-launch/STU2.2/scopes-and-launch-context.html#finer-grained-resource-constraints-using-search-parameters): <patient user system>/Condition.rs?category=http://terminology.hl7.org/CodeSystem/condition-category encounter-diagnosis""",Authorization framework requirement for servers to support fine-grained SMART on FHIR scopes specifically for encounter diagnosis conditions,Test,Servers providing access to encounter diagnosis data,SHALL,False,Section 14.124.3.1 US Core Scopes
REQ-769,769,"Status value must be present when status is ""completed""","""whenHandedOver SHALL be present if the status is 'completed' (status='completed' implies whenHandedOver.exists())""",US Core MedicationDispense Profile constraint ensuring that completed medication dispenses have a recorded hand-over time,Test,"System implementing US Core MedicationDispense Profile, SHALL, when status=""completed""",SHALL,True,Section 14.139 - Invariant us-core-20
REQ-770,770,Status codes must come from MedicationDispense Status Codes value set,"""The codes SHALL be taken from [MedicationDispense Status Codes](http://hl7.org/fhir/R4/valueset-medicationdispense-status.html)""",Binding requirement for MedicationDispense.status element in US Core profile,Test,"System implementing US Core MedicationDispense Profile, SHALL, always",SHALL,False,Section 14.139 - MedicationDispense.status binding
REQ-771,771,Medication codes must come from Medication Clinical Drug value set unless not suitable,"""Unless not suitable, these codes SHALL be taken from [Medication Clinical Drug](https://vsac.nlm.nih.gov/valueset/2.16.840.1.113762.1.4.1010.4/expansion)""",Extensible binding requirement for MedicationDispense.medication[x] element in US Core profile,Test,"System implementing US Core MedicationDispense Profile, SHALL, unless not suitable",SHALL,True,Section 14.139 - MedicationDispense.medication[x] binding
REQ-772,772,Type codes must come from ActPharmacySupplyType value set unless not suitable,"""Unless not suitable, these codes SHALL be taken from [ActPharmacySupplyType](http://terminology.hl7.org/5.5.0/ValueSet-v3-ActPharmacySupplyType.html)""",Extensible binding requirement for MedicationDispense.type element in US Core profile,Test,"System implementing US Core MedicationDispense Profile, SHALL, unless not suitable",SHALL,True,Section 14.139 - MedicationDispense.type binding
REQ-773,773,Route codes must come from Route of Administration value set unless not suitable,"""Unless not suitable, these codes SHALL be taken from [Route of Administration of Therapeutic Agents](https://vsac.nlm.nih.gov/valueset/2.16.840.1.113762.1.4.1267.22/expansion)""",Extensible binding requirement for MedicationDispense.dosageInstruction.route element in US Core profile,Test,"System implementing US Core MedicationDispense Profile, SHALL, unless not suitable",SHALL,True,Section 14.139 - MedicationDispense.dosageInstruction.route binding
REQ-774,774,whenHandedOver cannot be before whenPrepared,"""whenHandedOver cannot be before whenPrepared (whenHandedOver.empty() or whenPrepared.empty() or whenHandedOver >= whenPrepared)""",FHIR invariant mdd-1 for MedicationDispense temporal validation,Test,"System implementing US Core MedicationDispense Profile, SHALL, when both dates are present",SHALL,True,Section 14.139 - Invariant mdd-1
REQ-775,775,Applications must check for modifier extensions,"""Applications processing a resource are required to check for modifier extensions. Modifier extensions SHALL NOT change the meaning of any elements on Resource or DomainResource (including cannot change the meaning of modifierExtension itself).""",FHIR modifier extension processing requirement for MedicationDispense resources,Test,"Applications processing US Core MedicationDispense, SHALL, always",SHALL,False,Section 14.139 - MedicationDispense.modifierExtension definition
REQ-776,776,Extension definition requirements must be met,"""Though any implementer can define an extension, there is a set of requirements that SHALL be met as part of the definition of the extension.""",FHIR extension governance requirement for MedicationDispense profile extensions,Test,"Implementers defining extensions for US Core MedicationDispense, SHALL, when defining extensions",SHALL,True,Section 14.139 - Extension definition requirements
REQ-777,777,URI values with full URI must use urn:ietf:rfc:3986 system,"""If the value is a full URI, then the system SHALL be urn:ietf:rfc:3986""",Requirement for proper URI formatting in Practitioner identifier values,Test,FHIR Implementation,SHALL,True,"Section 14.153 Resource Profile: USCorePractitionerProfile - Detailed Texts, Practitioner.identifier.value"
REQ-778,778,NPI must be 10 digits,"""NPI must be 10 digits (value.matches('^[0-9]{10}$'))""",Validation requirement for National Provider Identifier format in US Core Practitioner profile,Test,FHIR Implementation,SHALL,True,"Section 14.153 Resource Profile: USCorePractitionerProfile - Detailed Texts, us-core-16 invariant"
REQ-779,779,NPI check digit must pass Luhn algorithm validation,"""NPI check digit must be valid (Luhn algorithm check)""",Validation requirement for National Provider Identifier check digit using Luhn algorithm,Test,FHIR Implementation,SHALL,True,"Section 14.153 Resource Profile: USCorePractitionerProfile - Detailed Texts, us-core-17 invariant"
REQ-780,780,Identifier use codes must be from IdentifierUse value set,"""The codes SHALL be taken from [IdentifierUse]""",Binding requirement for Practitioner identifier use field to specific FHIR value set,Test,FHIR Implementation,SHALL,False,"Section 14.153 Resource Profile: USCorePractitionerProfile - Detailed Texts, Practitioner.identifier.use"
REQ-781,781,Name use codes must be from NameUse value set,"""The codes SHALL be taken from [NameUse]""",Binding requirement for Practitioner name use field to specific FHIR value set,Test,FHIR Implementation,SHALL,False,"Section 14.153 Resource Profile: USCorePractitionerProfile - Detailed Texts, Practitioner.name.use"
REQ-782,782,Contact point system codes must be from ContactPointSystem value set,"""The codes SHALL be taken from [ContactPointSystem]""",Binding requirement for Practitioner telecom system field to specific FHIR value set,Test,FHIR Implementation,SHALL,False,"Section 14.153 Resource Profile: USCorePractitionerProfile - Detailed Texts, Practitioner.telecom.system"
REQ-783,783,Contact point use codes must be from ContactPointUse value set,"""The codes SHALL be taken from [ContactPointUse]""",Binding requirement for Practitioner telecom use field to specific FHIR value set,Test,FHIR Implementation,SHALL,False,"Section 14.153 Resource Profile: USCorePractitionerProfile - Detailed Texts, Practitioner.telecom.use"
REQ-784,784,Address use codes must be from AddressUse value set,"""The codes SHALL be taken from [AddressUse]""",Binding requirement for Practitioner address use field to specific FHIR value set,Test,FHIR Implementation,SHALL,False,"Section 14.153 Resource Profile: USCorePractitionerProfile - Detailed Texts, Practitioner.address.use"
REQ-785,785,Address state codes should be from USPS state codes,"""Unless not suitable, these codes SHALL be taken from [USPS Two Letter Alphabetic Codes]""",Binding requirement for Practitioner address state field to USPS standard codes,Test,FHIR Implementation,SHALL,True,"Section 14.153 Resource Profile: USCorePractitionerProfile - Detailed Texts, Practitioner.address.state"
REQ-786,786,Name text must not contain content absent from name parts,"""Applications updating a name SHALL ensure that when both text and parts are present, no content is included in the text that isn't found in a part""",Data consistency requirement for Practitioner name fields when both structured and text representations exist,Test,FHIR Application,SHALL,True,"Section 14.153 Resource Profile: USCorePractitionerProfile - Detailed Texts, Practitioner.name.text"
REQ-787,787,Address text must not contain content absent from address parts,"""Applications updating an address SHALL ensure that when both text and parts are present, no content is included in the text that isn't found in a part""",Data consistency requirement for Practitioner address fields when both structured and text representations exist,Test,FHIR Application,SHALL,True,"Section 14.153 Resource Profile: USCorePractitionerProfile - Detailed Texts, Practitioner.address.text"
REQ-788,788,DiagnosticReport SHALL be present in conformant implementations,"""which core elements, extensions, vocabularies, and value sets SHALL be present and constrains how the elements are used""","US Core DiagnosticReport Profile for Laboratory Results Reporting sets minimum expectations for the DiagnosticReport resource to record, search, and fetch laboratory results associated with a patient",Test,Implementation systems,SHALL,False,Section 14.127 Resource Profile
REQ-789,789,Updates to meta.lastUpdated SHOULD reflect specific changes,"""Updates to .meta.lastUpdated SHOULD reflect: + New laboratory reports + Changes in the status of laboratory reports, including events that trigger the same status (e.g., amended → amended)""",Profile specific implementation guidance for tracking resource changes,Test,DiagnosticReport implementations,SHOULD,False,Section 14.127.1 Profile Specific Implementation Guidance
REQ-790,790,Systems initiating lab orders SHOULD use basedOn element,"""Systems that initiate the lab order SHOULD use this element when reporting the results""",The DiagnosticRequest.basedOn element connects the DiagnosticReport to the originating order in the EHR,Test,Systems that initiate lab orders,SHOULD,True,Section 14.127.1 Profile Specific Implementation Guidance
REQ-791,791,effective[x] SHALL be present for specific statuses constraint,"""effective[x] SHALL be present if the status is 'partial', 'preliminary', 'final', 'amended', 'corrected' or 'appended' : (status='partial' or status='preliminary' or status='final' or status='amended' or status='corrected' or status='appended' ) implies effective.exists()""",US Core constraint us-core-8 for DiagnosticReport profile,Test,DiagnosticReport implementations,SHALL,True,Section 14.127.2.2 Constraints
REQ-792,792,issued SHALL be present for specific statuses constraint,"""issued SHALL be present if the status is 'partial', 'preliminary', 'final', 'amended', 'corrected' or 'appended' : (status='partial' or status='preliminary' or status='final' or status='amended' or status='corrected' or status='appended' ) implies issued.exists()""",US Core constraint us-core-9 for DiagnosticReport profile,Test,DiagnosticReport implementations,SHALL,True,Section 14.127.2.4 Constraints
REQ-793,793,Servers SHALL support US Core SMART Scopes for laboratory data,"""Servers providing access to laboratory data SHALL support these [US Core SMART Scopes]: * [resource level scopes]: <patient user system>/DiagnosticReport.rs""",US Core Scopes requirements for server implementations accessing laboratory data,Test,Server implementations,SHALL,True,Section 14.127.3.1 US Core Scopes
REQ-794,794,SHALL support patient search parameter,"""SHALL support searching for all diagnosticreports for a patient using the [patient] search parameter""",Mandatory search parameters for DiagnosticReport profile,Test,Server implementations,SHALL,False,Section 14.127.3.2 Mandatory Search Parameters
REQ-795,795,SHALL support patient and category search parameter combination,"""SHALL support searching using the combination of the [patient] and [category] search parameters""",Mandatory search parameters for DiagnosticReport profile,Test,Server implementations,SHALL,False,Section 14.127.3.2 Mandatory Search Parameters
REQ-796,796,SHALL support patient and code search parameter combination,"""SHALL support searching using the combination of the [patient] and [code] search parameters""",Mandatory search parameters for DiagnosticReport profile,Test,Server implementations,SHALL,False,Section 14.127.3.2 Mandatory Search Parameters
REQ-797,797,"SHALL support patient, category and date search parameter combination","""SHALL support searching using the combination of the [patient] and [category] and [date] search parameters""",Mandatory search parameters for DiagnosticReport profile,Test,Server implementations,SHALL,False,Section 14.127.3.2 Mandatory Search Parameters
REQ-798,798,US Core Immunization Profile SHALL be present with specified core elements,"""It specifies which core elements, extensions, vocabularies, and value sets SHALL be present and constrains how the elements are used.""",The profile defines mandatory requirements for immunization data elements to ensure consistent implementation across systems.,Test,US Core Immunization Profile implementers,SHALL,False,Section 14.134 Resource Profile
REQ-799,799,NDC vaccine codes SHOULD be supported as additional coding,"""the [NDC vaccine codes](http://www2a.cdc.gov/vaccines/iis/iisstandards/ndc_crosswalk.asp) SHOULD be supported as an additional code""","While CVX codes are required, systems should also support NDC codes for more granular vaccine identification when available.",Test,Systems implementing US Core Immunization Profile,SHOULD,False,Section 14.134.1 Profile Specific Implementation Guidance
REQ-800,800,Additional coding to NDC value set SHOULD be present when CVX coding exists,"""SHOULD have an additional coding to the NDC value set : vaccineCode.coding.where(system='http://hl7.org/fhir/sid/cvx').exists() implies vaccineCode.coding.where(system='http://hl7.org/fhir/sid/ndc').exists()""",The us-core-5 constraint encourages including NDC codes alongside CVX codes for enhanced vaccine identification.,Test,Systems implementing US Core Immunization Profile,SHOULD,True,Section 14.134.2 Constraints
REQ-801,801,Implementers MAY communicate manufacturer to ensure lot number uniqueness,"""Implementers MAY communicate the Immunization.manufacturer to ensure global uniqueness to lot numbers.""","Since vaccine lot numbers are not globally unique, manufacturers may be included to disambiguate lot numbers across different vaccine products.",Test,Systems implementing US Core Immunization Profile,MAY,True,Section 14.134.1 Profile Specific Implementation Guidance
REQ-802,802,Educational material SHALL have either documentType or reference present,"""",,,,,,
REQ-803,803,Beneficiary SHALL reference US Core Patient Profile,"""The beneficiary SHALL reference a [US Core Patient Profile]""",Coverage.beneficiary must reference the specific US Core Patient Profile,Test,Systems implementing Coverage.beneficiary,SHALL,False,Coverage.beneficiary type constraint
REQ-804,804,Relationship codes SHALL be taken from SubscriberRelationshipCodes unless not suitable,"""Unless not suitable, these codes SHALL be taken from [SubscriberRelationshipCodes] ([extensible] to http://hl7.org/fhir/ValueSet/subscriber-relationship)""",Extensible value set binding for Coverage.relationship element,Test,Systems implementing Coverage.relationship,SHALL,False,Coverage.relationship binding
REQ-805,805,Member ID identifier type SHALL have specific pattern,"""Pattern Value { \""coding\"" : [{ \""system\"" : \""http://terminology.hl7.org/CodeSystem/v2-0203\"", \""code\"" : \""MB\"" }] }""",Member ID identifier slice must use specific coding pattern for identifier type,Test,Systems implementing Coverage.identifier:memberid.type,SHALL,False,Coverage.identifier:memberid.type pattern
REQ-806,806,Group class type SHALL have specific pattern,"""Pattern Value { \""coding\"" : [{ \""system\"" : \""http://terminology.hl7.org/CodeSystem/coverage-class\"", \""code\"" : \""group\"" }] }""",Group classification slice must use specific coding pattern,Test,Systems implementing Coverage.class:group.type,SHALL,False,Coverage.class:group.type pattern
REQ-807,807,Plan class type SHALL have specific pattern,"""Pattern Value { \""coding\"" : [{ \""system\"" : \""http://terminology.hl7.org/CodeSystem/coverage-class\"", \""code\"" : \""plan\"" }] }""",Plan classification slice must use specific coding pattern,Test,Systems implementing Coverage.class:plan.type,SHALL,False,Coverage.class:plan.type pattern
REQ-808,808,US Core ServiceRequest Profile shall be present for core elements,"""This profile sets minimum expectations for recording, searching, and fetching the ServiceRequest information. It specifies which core elements, extensions, vocabularies, and value sets SHALL be present and constrains how the elements are used.""",US Core ServiceRequest Profile defines mandatory data elements and constraints for FHIR ServiceRequest resources to promote interoperability,Test,Systems implementing US Core ServiceRequest Profile,SHALL,False,Section 14.161
REQ-809,809,ServiceRequest must have a status,"""Each Service Request Must Have: 1. a status""",Mandatory data elements that must always be present in US Core ServiceRequest resources,Test,Systems implementing US Core ServiceRequest Profile,MUST,False,Section 14.161.1
REQ-810,810,ServiceRequest must have an intent code,"""Each Service Request Must Have: 2. an intent code indicating whether the request is a proposal, plan, or order.""",Mandatory data elements that must always be present in US Core ServiceRequest resources,Test,Systems implementing US Core ServiceRequest Profile,MUST,False,Section 14.161.1
REQ-811,811,ServiceRequest must have a code defining what is being requested,"""Each Service Request Must Have: 3. a code defining what is being requested""",Mandatory data elements that must always be present in US Core ServiceRequest resources,Test,Systems implementing US Core ServiceRequest Profile,MUST,False,Section 14.161.1
REQ-812,812,ServiceRequest must have a patient,"""Each Service Request Must Have: 4. a patient""",Mandatory data elements that must always be present in US Core ServiceRequest resources,Test,Systems implementing US Core ServiceRequest Profile,MUST,False,Section 14.161.1
REQ-813,813,Implementers should use corresponding category codes for USCDI Order Data Elements,"""For the USCDI *Laboratory Order*, *Imaging Order*, *Clinical Test Order*, and *Procedure Order* Data Elements, implementers SHOULD use the corresponding category codes listed in the table below.""",Profile-specific implementation guidance for categorizing service requests according to USCDI data elements,Test,Implementers of US Core ServiceRequest Profile,SHOULD,False,Section 14.161.1
REQ-814,814,Implementers should constrain ServiceRequest.code value set for particular domains,"""However, implementers SHOULD constrain the value set to a subset for a particular domain.""",ServiceRequest.code binding guidance for domain-specific implementations,Test,Implementers of US Core ServiceRequest Profile,SHOULD,False,Section 14.161.1
REQ-815,815,Implementers should conform to binding strengths for USCDI Order contexts,"""Implementers SHOULD conform to the binding strengths listed for each USCDI Order context.""","Additional value set bindings for Laboratory Order, Imaging Order, and Clinical Test Order data elements",Test,Implementers of US Core ServiceRequest Profile,SHOULD,False,Section 14.161.1
REQ-816,816,Servers and Clients shall support US Core ServiceRequest and Procedure Profiles for referral reasons,"""*Servers and Clients SHALL support both US Core ServiceRequest and US Core Procedure Profiles for communicating the reason or justification for a referral as Additional USCDI Requirements.""",Requirements for communicating referral reasons through linked profiles,Test,Servers and Clients,SHALL,False,Section 14.161.1
REQ-817,817,Certifying Server system shall support at least one reasonCode or reasonReference element,"""Although both ServiceRequest.reasonCode and ServiceRequest.reasonReference are marked as Additional USCDI Requirements, the certifying Server system is not required to support both, but SHALL support at least one of these elements.""",Additional USCDI Requirements for reason documentation with flexibility for Server implementations,Test,Certifying Server system,SHALL,False,Section 14.161.1
REQ-818,818,Certifying Client application shall support both reasonCode and reasonReference elements,"""The certifying Client application SHALL support both elements.""",Additional USCDI Requirements for reason documentation with full support required for Client applications,Test,Certifying Client application,SHALL,False,Section 14.161.1
REQ-819,819,Servers shall support at least one target resource in ServiceRequest.reasonReference,"""when using ServiceRequest.reasonReference: * Servers SHALL support *at least one* target resource in ServiceRequest.reasonReference.""",Requirements for servers when implementing ServiceRequest.reasonReference,Test,Servers,SHALL,True,Section 14.161.1
REQ-820,820,Clients shall support all target resources in ServiceRequest.reasonReference,"""Clients SHALL support all target resources.""",Requirements for clients when implementing ServiceRequest.reasonReference,Test,Clients,SHALL,True,Section 14.161.1
REQ-821,821,Referenced resources should be US Core Profiles,"""The referenced resources SHOULD be a US Core Profile as documented in [Referencing US Core Profiles](general-guidance.html#referencing-us-core-profiles).""",Best practice guidance for resource references in ServiceRequest.reasonReference,Test,Systems implementing ServiceRequest.reasonReference,SHOULD,True,Section 14.161.1
REQ-822,822,orderDetail shall only be present if code is present,"""orderDetail SHALL only be present if code is present : orderDetail.empty() or code.exists()""",Constraint prr-1 defining conditional requirement for orderDetail element,Test,Systems implementing US Core ServiceRequest Profile,SHALL,True,Section 14.161.2.2
REQ-823,823,Servers shall support patient search parameter,"""SHALL support searching for all servicerequests for a patient using the [patient](SearchParameter-us-core-servicerequest-patient.html) search parameter""",Mandatory search parameters for US Core ServiceRequest profile,Test,Servers,SHALL,False,Section 14.161.3.2
REQ-824,824,Servers shall support read by id and _id search parameter,"""SHALL support both read ServiceRequest by id AND ServiceRequest search using the [_id](SearchParameter-us-core-servicerequest-id.html) search parameter""",Mandatory search parameters for US Core ServiceRequest profile,Test,Servers,SHALL,False,Section 14.161.3.2
REQ-825,825,Servers shall support patient and category search parameter combination,"""SHALL support searching using the combination of the [patient](SearchParameter-us-core-servicerequest-patient.html) and [category](SearchParameter-us-core-servicerequest-category.html) search parameters""",Mandatory search parameters for US Core ServiceRequest profile,Test,Servers,SHALL,False,Section 14.161.3.2
REQ-826,826,Servers shall support patient and code search parameter combination,"""SHALL support searching using the combination of the [patient](SearchParameter-us-core-servicerequest-patient.html) and [code](SearchParameter-us-core-servicerequest-code.html) search parameters""",Mandatory search parameters for US Core ServiceRequest profile including optional OR search on code,Test,Servers,SHALL,False,Section 14.161.3.2
REQ-827,827,"Servers shall support patient, category, and authored search parameter combination","""SHALL support searching using the combination of the [patient](SearchParameter-us-core-servicerequest-patient.html) and [category](SearchParameter-us-core-servicerequest-category.html) and [authored](SearchParameter-us-core-servicerequest-authored.html) search parameters""",Mandatory search parameters for US Core ServiceRequest profile including support for authored comparators,Test,Servers,SHALL,False,Section 14.161.3.2
REQ-828,828,Servers should support patient and status search parameter combination,"""SHOULD support searching using the combination of the [patient](SearchParameter-us-core-servicerequest-patient.html) and [status](SearchParameter-us-core-servicerequest-status.html) search parameters""",Optional search parameters for US Core ServiceRequest profile including OR search on status,Test,Servers,SHOULD,False,Section 14.161.3.3
REQ-829,829,"Servers should support patient, code, and authored search parameter combination","""SHOULD support searching using the combination of the [patient](SearchParameter-us-core-servicerequest-patient.html) and [code](SearchParameter-us-core-servicerequest-code.html) and [authored](SearchParameter-us-core-servicerequest-authored.html) search parameters""",Optional search parameters for US Core ServiceRequest profile with multiple optional features,Test,Servers,SHOULD,False,Section 14.161.3.3
REQ-830,830,Servers providing order and referral data shall support US Core resource level scopes,"""Servers providing access to order and referral data SHALL support these [US Core SMART Scopes](scopes.html#smart-scopes): * [resource level scopes](http://hl7.org/fhir/smart-app-launch/STU2.2/scopes-and-launch-context.html#scopes-for-requesting-clinical-data): <patient user system>/ServiceRequest.rs""",US Core SMART Scopes requirements for servers providing access to ServiceRequest data,Test,Servers providing access to order and referral data,SHALL,False,Section 14.161.3.1
REQ-831,831,Servers providing order and referral data may support US Core granular scopes,"""Servers providing access to order and referral data MAY support these [US Core SMART Scopes](scopes.html#smart-scopes): * [granular scopes](http://hl7.org/fhir/smart-app-launch/STU2.2/scopes-and-launch-context.html#finer-grained-resource-constraints-using-search-parameters): <patient user system>/ServiceRequest.rs?category=http://hl7.org/fhir/us/core/CodeSystem/us-core-category sdoh""",Optional US Core SMART Scopes for servers providing access to ServiceRequest data,Test,Servers providing access to order and referral data,MAY,False,Section 14.161.3.1
REQ-832,832,US Core Laboratory Test Codes ValueSet must include codes from LOINC where CLASSTYPE equals 1,"""Include codes from[http://loinc.org](http://loinc.org) where CLASSTYPE = 1""","This requirement defines the logical definition for the US Core Laboratory Test Codes ValueSet, specifying that it must contain LOINC codes with CLASSTYPE equal to 1, which represents laboratory observations as defined in the LOINC Users' guide covering chemistry, hematology, serology, blood bank, microbiology, cytology, surgical pathology, and fertility testing.",Test,FHIR Implementation Guide implementer,SHALL,False,Section 14.188.1
REQ-833,833,Resource must not contain nested resources when contained in another resource,"""If the resource is contained in another resource, it SHALL NOT contain nested Resources (contained.contained.empty())""",This is a base FHIR invariant for the USCoreLaboratoryResultObservationProfile that ensures proper resource containment structure,Test,Systems implementing USCoreLaboratoryResultObservationProfile,SHALL,True,Section 14.136
REQ-834,834,Contained resource must be referenced or refer to containing resource,"""If the resource is contained in another resource, it SHALL be referred to from elsewhere in the resource or SHALL refer to the containing resource""",This is a base FHIR invariant for the USCoreLaboratoryResultObservationProfile that ensures proper referencing of contained resources,Test,Systems implementing USCoreLaboratoryResultObservationProfile,SHALL,True,Section 14.136
REQ-835,835,Contained resource must not have version or lastUpdated metadata,"""If a resource is contained in another resource, it SHALL NOT have a meta.versionId or a meta.lastUpdated (contained.meta.versionId.empty() and contained.meta.lastUpdated.empty())""",This is a base FHIR invariant for the USCoreLaboratoryResultObservationProfile that controls metadata on contained resources,Test,Systems implementing USCoreLaboratoryResultObservationProfile,SHALL,True,Section 14.136
REQ-836,836,Contained resource must not have security labels,"""If a resource is contained in another resource, it SHALL NOT have a security label (contained.meta.security.empty())""",This is a base FHIR invariant for the USCoreLaboratoryResultObservationProfile that controls security labeling on contained resources,Test,Systems implementing USCoreLaboratoryResultObservationProfile,SHALL,True,Section 14.136
REQ-837,837,dataAbsentReason only present when value is missing,"""dataAbsentReason SHALL only be present if Observation.value[x] is not present (dataAbsentReason.empty() or value.empty())""",This is a FHIR invariant for the USCoreLaboratoryResultObservationProfile that ensures proper use of dataAbsentReason,Test,Systems implementing USCoreLaboratoryResultObservationProfile,SHALL,True,Section 14.136
REQ-838,838,Observation code must not duplicate component code values,"""If Observation.code is the same as an Observation.component.code then the value element associated with the code SHALL NOT be present (value.empty() or component.code.where(coding.intersect(%resource.code.coding).exists()).empty())""",This is a FHIR invariant for the USCoreLaboratoryResultObservationProfile that prevents duplication between main observation and component observations,Test,Systems implementing USCoreLaboratoryResultObservationProfile,SHALL,True,Section 14.136
REQ-839,839,Observation must have value or data absent reason when no components,"""If there is no component or hasMember element then either a value[x] or a data absent reason must be present ((component.empty() and hasMember.empty()) implies (dataAbsentReason.exists() or value.exists()))""",This is a US Core invariant for the USCoreLaboratoryResultObservationProfile that ensures observations have meaningful content,Test,Systems implementing USCoreLaboratoryResultObservationProfile,SHALL,True,Section 14.136
REQ-840,840,Status codes must be taken from ObservationStatus value set,"""The codes SHALL be taken from ObservationStatus""",This binding requirement applies to the status element of the USCoreLaboratoryResultObservationProfile,Test,Systems implementing USCoreLaboratoryResultObservationProfile,SHALL,False,Section 14.136
REQ-841,841,Category codes must be taken from US Core Clinical Result Observation Category,"""The codes SHALL be taken from US Core Clinical Result Observation Category""",This binding requirement applies to the category:us-core slice of the USCoreLaboratoryResultObservationProfile,Test,Systems implementing USCoreLaboratoryResultObservationProfile,SHALL,False,Section 14.136
REQ-842,842,Laboratory test codes should be taken from US Core Laboratory Test Codes,"""Unless not suitable, these codes SHALL be taken from US Core Laboratory Test Codes""",This extensible binding requirement applies to the code element of the USCoreLaboratoryResultObservationProfile for laboratory test identification,Test,Systems implementing USCoreLaboratoryResultObservationProfile,SHALL,True,Section 14.136
REQ-843,843,LOINC must be used for laboratory test codes when concept exists,"""A LOINC SHALL be used if the concept is present in LOINC""","This requirement applies to the code element definition for the USCoreLaboratoryResultObservationProfile, specifically for laboratory test naming",Test,Systems implementing USCoreLaboratoryResultObservationProfile,SHALL,True,Section 14.136
REQ-844,844,Systems must be capable of sending local codes,"""Systems SHALL be capable of sending the local code if one exists""","This requirement applies to the code element for the USCoreLaboratoryResultObservationProfile, ensuring local codes are preserved",Test,Systems implementing USCoreLaboratoryResultObservationProfile,SHALL,True,Section 14.136
REQ-845,845,DateTime must be at least to day precision,"""Datetime must be at least to day. ($this is dateTime implies $this.toString().length() >= 10)""",This US Core invariant applies to the effective[x] element of the USCoreLaboratoryResultObservationProfile,Test,Systems implementing USCoreLaboratoryResultObservationProfile,SHALL,False,Section 14.136
REQ-846,846,SNOMED CT should be used for coded result values,"""If a coded value, the valueCodeableConcept.code SHOULD be selected from SNOMED CT if the concept exists""",This requirement applies to the value[x] element definition for the USCoreLaboratoryResultObservationProfile when using coded values,Test,Systems implementing USCoreLaboratoryResultObservationProfile,SHOULD,True,Section 14.136
REQ-847,847,UCUM must be used for numeric value units,"""If a numeric value, valueQuantity.code SHALL be selected from UCUM""",This requirement applies to the value[x] element definition for the USCoreLaboratoryResultObservationProfile when using numeric values,Test,Systems implementing USCoreLaboratoryResultObservationProfile,SHALL,True,Section 14.136
REQ-848,848,Quantity values must use UCUM for units,"""SHALL use UCUM for coded quantity units. (ofType(Quantity).system.empty() or ofType(Quantity).system = 'http://unitsofmeasure.org')""",This US Core invariant applies to the value[x] element of the USCoreLaboratoryResultObservationProfile when using Quantity types,Test,Systems implementing USCoreLaboratoryResultObservationProfile,SHALL,True,Section 14.136
REQ-849,849,CodeableConcept values should use SNOMED CT,"""SHOULD use Snomed CT for coded Results (ofType(CodeableConcept).coding.system.empty() or (ofType(CodeableConcept).coding.system contains 'http://snomed.info/sct'))""",This US Core invariant applies to the value[x] element of the USCoreLaboratoryResultObservationProfile when using CodeableConcept types,Test,Systems implementing USCoreLaboratoryResultObservationProfile,SHOULD,True,Section 14.136
REQ-850,850,Reference range must use UCUM for quantity units,"""SHALL use UCUM for coded quantity units. ((low.system.empty() or low.system = 'http://unitsofmeasure.org') and (high.system.empty() or high.system = 'http://unitsofmeasure.org'))""",This US Core invariant applies to the referenceRange element of the USCoreLaboratoryResultObservationProfile,Test,Systems implementing USCoreLaboratoryResultObservationProfile,SHALL,False,Section 14.136
REQ-851,851,"Reference range must have at least low, high, or text","""Must have at least a low or a high or text (low.exists() or high.exists() or text.exists())""",This FHIR invariant applies to the referenceRange element of the USCoreLaboratoryResultObservationProfile,Test,Systems implementing USCoreLaboratoryResultObservationProfile,SHALL,False,Section 14.136
REQ-852,852,Modifier extensions must not change meaning of base elements,"""Modifier extensions SHALL NOT change the meaning of any elements on Resource or DomainResource (including cannot change the meaning of modifierExtension itself)""",This requirement applies to modifierExtension elements throughout the USCoreLaboratoryResultObservationProfile,Test,Systems implementing USCoreLaboratoryResultObservationProfile,SHALL,False,Section 14.136
REQ-853,853,Observation resource SHALL include required minimum data elements,"""It specifies which core elements, extensions, vocabularies, and value sets SHALL be present in the resource and constrains how the elements are used.""","US Core Observation Sexual Orientation Profile defines minimum expectations for Observation resource to record, search, and fetch sexual orientation observations associated with a patient",Test,US Core Sexual Orientation Observation implementers,SHALL,False,Section 14.147
REQ-854,854,Observation must have mandatory data elements,"""Each Observation Must Have: 1. a status 2. a fixed code for sexual orientation 3. a patient""",Mandatory data elements that must always be present in US Core Observation Sexual Orientation Profile,Test,US Core Sexual Orientation Observation implementers,MUST,False,Section 14.147.1
REQ-855,855,Observation must support specific data elements when present,"""Each Observation Must Support: 1. a time indicating when the observation was made 2. a sexual orientation value""",Must Support data elements that must be supported if the data is present in the sending system,Test,US Core Sexual Orientation Observation implementers,MUST,True,Section 14.147.1
REQ-856,856,Status element is mandatory with required value set binding,"""The status of the result value. Binding: [ObservationStatus] ([required])""",Status field in Observation resource with cardinality 1..1 and required binding to ObservationStatus value set,Test,US Core Sexual Orientation Observation implementers,SHALL,False,Section 14.147.2
REQ-857,857,Code element must use fixed LOINC coding pattern,"""Sexual Orientation Required Pattern: At least the following - Fixed Value: system: http://loinc.org, code: 76690-7""",Code element must include specific LOINC coding with fixed system and code values for sexual orientation,Test,US Core Sexual Orientation Observation implementers,SHALL,False,Section 14.147.2
REQ-858,858,Subject element must reference US Core Patient Profile,"""Who and/or what the observation is about - Reference([US Core Patient Profile])""",Subject field with cardinality 1..1 must reference US Core Patient Profile,Test,US Core Sexual Orientation Observation implementers,SHALL,False,Section 14.147.2
REQ-859,859,Value must use extensible binding to Sexual Orientation value set,"""Sexual Orientation value. Binding: [Sexual Orientation Including nulls and Data Absent Reason] ([extensible])""",valueCodeableConcept element with extensible binding to sexual orientation value set,Test,US Core Sexual Orientation Observation implementers,SHALL,True,Section 14.147.2
REQ-860,860,Data absent reason constraint when value is missing,"""If there is no component or hasMember element then either a value[x] or a data absent reason must be present""",US Core constraint us-core-2 requiring either value or data absent reason when no component/hasMember elements,Test,US Core Sexual Orientation Observation implementers,SHALL,True,Section 14.147.2.4
REQ-861,861,Server SHALL support patient and category search combination,"""SHALL support searching using the combination of the [patient] and [category] search parameters""",Mandatory search parameter combination for US Core server implementations supporting this profile,Test,US Core Server implementers,SHALL,False,Section 14.147.3.1
REQ-862,862,Server SHALL support patient and code search combination,"""SHALL support searching using the combination of the [patient] and [code] search parameters""",Mandatory search parameter combination including optional OR search on code,Test,US Core Server implementers,SHALL,False,Section 14.147.3.1
REQ-863,863,"Server SHALL support patient, category, and date search combination","""SHALL support searching using the combination of the [patient] and [category] and [date] search parameters""",Mandatory search parameter combination including support for date comparators and optional AND search on date,Test,US Core Server implementers,SHALL,False,Section 14.147.3.1
REQ-864,864,"Server SHOULD support patient, category, and status search combination","""SHOULD support searching using the combination of the [patient] and [category] and [status] search parameters""",Optional search parameter combination including support for OR search on status,Test,US Core Server implementers,SHOULD,False,Section 14.147.3.2
REQ-865,865,Observation resource SHALL NOT contain nested resources when contained,"""If the resource is contained in another resource, it SHALL NOT contain nested Resources (contained.",,,,,,
REQ-866,866,CarePlan must have category,"""Each CarePlan Must Have: a category""",US Core CarePlan Profile defines mandatory data elements that must always be present in CarePlan resources,Test,System implementing US Core CarePlan Profile,SHALL,False,Section 14.122.1 Mandatory and Must Support Data Elements
REQ-867,867,CarePlan must have intent,"""Each CarePlan Must Have: an intent""",US Core CarePlan Profile defines mandatory data elements that must always be present in CarePlan resources,Test,System implementing US Core CarePlan Profile,SHALL,False,Section 14.122.1 Mandatory and Must Support Data Elements
REQ-868,868,CarePlan must have patient,"""Each CarePlan Must Have: a patient""",US Core CarePlan Profile defines mandatory data elements that must always be present in CarePlan resources,Test,System implementing US Core CarePlan Profile,SHALL,False,Section 14.122.1 Mandatory and Must Support Data Elements
REQ-869,869,CarePlan text status must use required value set,"""The status of the narrative...Binding: [US Core Narrative Status] ([required])""",CarePlan text status element must conform to required terminology binding,Test,System implementing US Core CarePlan Profile,SHALL,False,Section 14.122.2.1 Terminology Bindings
REQ-870,870,CarePlan status must use required value set,"""CarePlan.status [required] [RequestStatus]""",CarePlan status element must conform to required terminology binding,Test,System implementing US Core CarePlan Profile,SHALL,False,Section 14.122.2.1 Terminology Bindings
REQ-871,871,CarePlan intent must use required value set,"""CarePlan.intent [required] [CarePlanIntent]""",CarePlan intent element must conform to required terminology binding,Test,System implementing US Core CarePlan Profile,SHALL,False,Section 14.122.2.1 Terminology Bindings
REQ-872,872,CarePlan narrative shall contain only basic HTML formatting,"""The narrative SHALL contain only the basic html formatting elements and attributes described in chapters 7-11 (except section 4 of chapter 9) and 15 of the HTML 4.0 standard, <a> elements (either name or href), images and internally contained style attributes""",Constraint on CarePlan.text.div element content,Test,System implementing US Core CarePlan Profile,SHALL,False,Section 14.122.2.2 Constraints
REQ-873,873,CarePlan narrative shall have non-whitespace content,"""The narrative SHALL have some non-whitespace content""",Constraint on CarePlan.text.div element content,Test,System implementing US Core CarePlan Profile,SHALL,False,Section 14.122.2.2 Constraints
REQ-874,874,CarePlan shall not contain nested resources when contained,"""If the resource is contained in another resource, it SHALL NOT contain nested Resources""",FHIR resource containment rules,Test,System implementing US Core CarePlan Profile,SHALL,True,Section 14.122.2.2 Constraints
REQ-875,875,CarePlan shall be referred to when contained,"""If the resource is contained in another resource, it SHALL be referred to from elsewhere in the resource or SHALL refer to the containing resource""",FHIR resource containment rules,Test,System implementing US Core CarePlan Profile,SHALL,True,Section 14.122.2.2 Constraints
REQ-876,876,Contained CarePlan shall not have versionId or lastUpdated,"""If a resource is contained in another resource, it SHALL NOT have a meta.versionId or a meta.lastUpdated""",FHIR resource containment rules,Test,System implementing US Core CarePlan Profile,SHALL,True,Section 14.122.2.2 Constraints
REQ-877,877,Contained CarePlan shall not have security label,"""If a resource is contained in another resource, it SHALL NOT have a security label""",FHIR resource containment rules,Test,System implementing US Core CarePlan Profile,SHALL,True,Section 14.122.2.2 Constraints
REQ-878,878,CarePlan activity must provide reference or detail but not both,"""Provide a reference or detail, not both : detail.empty() or reference.empty()""",CarePlan activity element constraint,Test,System implementing US Core CarePlan Profile,SHALL,True,Section 14.122.2.5 Constraints
REQ-879,879,Extensions must have either extensions or value,"""Must have either extensions or value[x], not both : extension.exists() != value.exists()""",FHIR extension constraint,Test,System implementing US Core CarePlan Profile,SHALL,True,Section 14.122.2.2 Constraints
REQ-880,880,Server shall support US Core CarePlan SMART scopes,"""Servers providing access to care plan data SHALL support these [US Core SMART Scopes]: [resource level scopes]: <patient user system>/CarePlan.rs""",Server capability requirements for accessing CarePlan data,Test,Server implementing US Core CarePlan Profile,SHALL,False,Section 14.122.3.1 US Core Scopes
REQ-881,881,Server shall support mandatory search by patient and category,"""SHALL support searching using the combination of the [patient] and [category] search parameters""",Mandatory search parameter requirements for CarePlan,Test,Server implementing US Core CarePlan Profile,SHALL,False,Section 14.122.3.2 Mandatory Search Parameters
REQ-882,882,DataAbsentReason only present when value is missing,"""dataAbsentReason SHALL only be present if Observation.value[x] is not present (dataAbsentReason.empty() or value.empty())""",US Core Vital Signs Profile observation value requirements,Test,FHIR resource implementer,SHALL,False,Section 14.166 Resource Profile: USCoreVitalSignsProfile - obs-6 invariant
REQ-883,883,Code value exclusion when component code matches observation code,"""If Observation.code is the same as an Observation.component.code then the value element associated with the code SHALL NOT be present (value.empty() or component.code.where(coding.intersect(%resource.code.coding).exists()).empty())""",US Core Vital Signs Profile observation code and component code relationship,Test,FHIR resource implementer,SHALL,True,Section 14.166 Resource Profile: USCoreVitalSignsProfile - obs-7 invariant
REQ-884,884,Value or data absent reason required when no components,"""If there is no component or hasMember element then either a value[x] or a data absent reason must be present. ((component.empty() and hasMember.empty()) implies (dataAbsentReason.exists() or value.exists()))""",US Core Vital Signs Profile observation value requirements for observations without components,Test,FHIR resource implementer,SHALL,True,Section 14.166 Resource Profile: USCoreVitalSignsProfile - vs-2 invariant
REQ-885,885,Observation status codes must be from required value set,"""The codes SHALL be taken from [ObservationStatus](http://hl7.org/fhir/R4/valueset-observation-status.html)""",US Core Vital Signs Profile observation status binding requirement,Test,FHIR resource implementer,SHALL,False,Section 14.166 Resource Profile: USCoreVitalSignsProfile - Observation.status binding
REQ-886,886,Vital signs category system must be observation-category,"""The identification of the code system that defines the meaning of the symbol in the code"" with Fixed Value http://terminology.hl7.org/CodeSystem/observation-category",US Core Vital Signs Profile category coding system requirement for VSCat slice,Test,FHIR resource implementer,SHALL,False,Section 14.166 Resource Profile: USCoreVitalSignsProfile - Observation.category:VSCat.coding.system
REQ-887,887,Vital signs category code must be vital-signs,"""A symbol in syntax defined by the system"" with Fixed Value vital-signs",US Core Vital Signs Profile category coding code requirement for VSCat slice,Test,FHIR resource implementer,SHALL,False,Section 14.166 Resource Profile: USCoreVitalSignsProfile - Observation.category:VSCat.coding.code
REQ-888,888,Observation code must be from Vital Sign Result Type value set,"""Unless not suitable, these codes SHALL be taken from [Vital Sign Result Type .](https://vsac.nlm.nih.gov/valueset/2.16.840.1.113883.3.88.12.80.62/expansion)""",US Core Vital Signs Profile observation code binding requirement for vital sign types,Test,FHIR resource implementer,SHALL,False,Section 14.166 Resource Profile: USCoreVitalSignsProfile - Observation.code binding
REQ-889,889,DateTime effective value must be precise to the day,"""if Observation.effective[x] is dateTime and has a value then that value shall be precise to the day ($this is dateTime implies $this.toString().length() >= 10)""",US Core Vital Signs Profile effective datetime precision requirement,Test,FHIR resource implementer,SHALL,True,Section 14.166 Resource Profile: USCoreVitalSignsProfile - vs-1 invariant
REQ-890,890,Vital signs units must be from UCUM value set,"""Unless not suitable, these codes SHALL be taken from [VitalSignsUnits](http://hl7.org/fhir/R4/valueset-ucum-vitals-common.html)""",US Core Vital Signs Profile observation value unit binding requirement,Test,FHIR resource implementer,SHALL,True,Section 14.166 Resource Profile: USCoreVitalSignsProfile - Observation.value[x] binding
REQ-891,891,Component value must exist or data absent reason must be present,"""If there is no a value a data absent reason must be present (value.exists() or dataAbsentReason.exists())""",US Core Vital Signs Profile component observation value requirements,Test,FHIR resource implementer,SHALL,False,Section 14.166 Resource Profile: USCoreVitalSignsProfile - vs-3 invariant
REQ-892,892,Component code must be from Vital Sign Result Type value set,"""Unless not suitable, these codes SHALL be taken from [Vital Sign Result Type .](https://vsac.nlm.nih.gov/valueset/2.16.840.1.113883.3.88.12.80.62/expansion)""",US Core Vital Signs Profile component code binding requirement for vital sign component types,Test,FHIR resource implementer,SHALL,False,Section 14.166 Resource Profile: USCoreVitalSignsProfile - Observation.component.code binding
REQ-893,893,Component vital signs units must be from UCUM value set,"""Unless not suitable, these codes SHALL be taken from [VitalSignsUnits](http://hl7.org/fhir/R4/valueset-ucum-vitals-common.html)""",US Core Vital Signs Profile component observation value unit binding requirement,Test,FHIR resource implementer,SHALL,True,Section 14.166 Resource Profile: USCoreVitalSignsProfile - Observation.component.value[x] binding
REQ-894,894,NPI identifier system URI requirement,"""Fixed Value: http://hl7.org/fhir/sid/us-npi""",US Core Practitioner Profile constrains the NPI identifier slice to use a specific system URI to identify National Provider Identifiers,Test,System implementing US Core Practitioner Profile,SHALL,False,"Section 14.153.2.2 - Constraints table, identifier:NPI system element"
REQ-895,895,NPI format validation requirement,"""NPI must be 10 digits : value.matches('^[0-9]{10}$')""",US Core Practitioner Profile constraint us-core-16 ensures NPI identifiers conform to the expected 10-digit numeric format,Test,System implementing US Core Practitioner Profile,SHALL,True,"Section 14.153.2.2 - Constraints table, us-core-16"
REQ-896,896,NPI Luhn algorithm validation requirement,"""NPI check digit must be valid (Luhn algorithm check) : (((select(value.substring(0,1).toInteger()).select(iif($this<5, $this*2, (($this*2)-9))))+(value.substring(1,1).toInteger())+(select(value.substring(2,1).toInteger()).select(iif($this<5, $this*2, (($this*2)-9))))+(value.substring(3,1).toInteger())+(select(value.substring(4,1).toInteger()).select(iif($this<5, $this*2, (($this*2)-9))))+(value.substring(5,1).toInteger())+(select(value.substring(6,1).toInteger()).select(iif($this<5, $this*2, (($this*2)-9))))+(value.substring(7,1).toInteger())+(select(value.substring(8,1).toInteger()).select(iif($this<5, $this*2, (($this*2)-9))))+(value.substring(9,1).toInteger()) + 24)mod 10=0)""",US Core Practitioner Profile constraint us-core-17 ensures NPI identifiers pass Luhn algorithm checksum validation,Test,System implementing US Core Practitioner Profile,SHALL,True,"Section 14.153.2.2 - Constraints table, us-core-17"
REQ-897,897,Server without PractitionerRole profile support requirement,"""Servers that support only the US Core Practitioner Profile and do not support the US Core PractitionerRole Profile SHALL provide implementation-specific guidance on how to access a provider's location and contact information using only the Practitioner resource.""",Implementation guidance for servers that choose to support only the Practitioner profile without the related PractitionerRole profile,Test,Server supporting only US Core Practitioner Profile,SHALL,True,Section 14.153.1 - Profile Specific Implementation Guidance
REQ-898,898,Server Practitioner address support requirement,"""Although Practitioner.address is marked as Must Support, the Server system is not required to support it if they support the US Core PractitionerRole Profile, but SHALL support it if they do not support the US Core PractitionerRole Profile.""",Server address support requirements depend on whether the server also supports the PractitionerRole profile,Test,Server implementing US Core Practitioner Profile,SHALL,True,Section 14.153.1 - Profile Specific Implementation Guidance
REQ-899,899,Client Practitioner address support requirement,"""The Client application SHALL support both [Practitioner.address and PractitionerRole address].""",Client applications must support address information from both Practitioner and PractitionerRole resources regardless of server capabilities,Test,Client application,SHALL,False,Section 14.153.1 - Profile Specific Implementation Guidance
REQ-900,900,Project US@ address format recommendation,"""Systems SHOULD follow the Project US@ Technical Specification for Patient Addresses Final Version 1.0 as the standard style guide for Practitioner.address.line and Practitioner.address.city.""",Recommended formatting standard for practitioner address fields to promote consistency,Test,System implementing US Core Practitioner Profile,SHOULD,False,Section 14.153.1 - Profile Specific Implementation Guidance
REQ-901,901,Professional contact information privacy requirement,"""Only professional/work contact information about the practitioner SHOULD be available to the patient (such as a work address or office telephone number).""",Privacy guidance to balance healthcare worker privacy with patient access to information,Test,System implementing US Core Practitioner Profile,SHOULD,False,Section 14.153.1 - Profile Specific Implementation Guidance
REQ-902,902,US Core SMART Scopes support requirement,"""Servers providing access to practitioner data SHALL support these US Core SMART Scopes: resource level scopes: <patient user system>/Practitioner.rs""",SMART on FHIR scope requirements for servers providing access to practitioner data,Test,Server providing access to practitioner data,SHALL,False,Section 14.153.3.1 - US Core Scopes
REQ-903,903,Practitioner name search requirement,"""SHALL support searching for a practitioner by a string match of any part of name using the name search parameter""",Mandatory search capability for finding practitioners by name,Test,Server supporting US Core interactions,SHALL,False,Section 14.153.3.2 - Mandatory Search Parameters
REQ-904,904,Practitioner identifier search requirement,"""SHALL support searching a practitioner by an identifier such as an NPI using the identifier search parameter""",Mandatory search capability for finding practitioners by identifier,Test,Server supporting US Core interactions,SHALL,False,Section 14.153.3.2 - Mandatory Search Parameters
REQ-905,905,Practitioner read and _id search recommendation,"""SHOULD support both read Practitioner by id AND Practitioner search using the _id search parameter""",Recommended search capability for reading practitioners by logical ID,Test,Server supporting US Core interactions,SHOULD,False,Section 14.153.3.3 - Optional Search Parameters
REQ-906,906,Certifying Systems shall support US Core Screening Assessment Observation Category codes,"""At a minimum, Certifying Systems SHALL support, the [US Core Screening Assessment Observation Category](ValueSet-us-core-screening-assessment-observation-category.html) codes, SHOULD support the other [US Core Simple Observation Category](ValueSet-us-core-simple-observation-category.html) codes, and MAY support other categories.""",Observation category support requirements for US Core Simple Observation Profile regarding observation categorization,Test,Certifying Systems,SHALL,False,Section 14.162.1 Profile Specific Implementation Guidance
REQ-907,907,Observation without value shall include data absent reason unless specific exceptions,"""An Observation without a value, SHALL include a reason why the data is absent *unless* there are 1) component observations, or 2) reporting panel observations using Observation.hasMember.""",Data absent reason requirements for observations in the US Core Simple Observation Profile,Test,Systems implementing US Core Simple Observation Profile,SHALL,True,Section 14.162.1 Profile Specific Implementation Guidance
REQ-908,908,Observation component without value shall include data absent reason,"""An Observation.component without a value, SHALL include a reason why the data is absent.""",Data absent reason requirements for observation components in the US Core Simple Observation Profile,Test,Systems implementing US Core Simple Observation Profile,SHALL,True,Section 14.162.1 Profile Specific Implementation Guidance
REQ-909,909,Observations formally part of assessment tool should use specific profile,"""Observations formally part of an assessment tool or survey SHOULD use the [US Core Observation Screening Assessment Profile](StructureDefinition-us-core-observation-screening-assessment.html). However, an assertion or determination derived from screening and assessment tools SHOULD reference them using Observation.derivedFrom.""",Profile selection guidance for assessment-related observations,Test,Systems implementing US Core Simple Observation Profile,SHOULD,True,Section 14.162.1 Profile Specific Implementation Guidance
REQ-910,910,Servers shall support at least one Observation.performer target profile,"""Although 'Observation.performer' target profiles [US Core Practitioner Profile](StructureDefinition-us-core-practitioner.html) and [US Core Patient Profile](StructureDefinition-us-core-patient.html) are labeled *Must Support*. Servers are not required to support both, but SHALL support at least one. Clients SHALL support both.""",Must Support requirements for Observation.performer element target profiles,Test,Servers implementing US Core Simple Observation Profile,SHALL,False,Section 14.162.1 Profile Specific Implementation Guidance
REQ-911,911,Clients shall support both Observation.performer target profiles,"""Although 'Observation.performer' target profiles [US Core Practitioner Profile](StructureDefinition-us-core-practitioner.html) and [US Core Patient Profile](StructureDefinition-us-core-patient.html) are labeled *Must Support*. Servers are not required to support both, but SHALL support at least one. Clients SHALL support both.""",Must Support requirements for Observation.performer element target profiles,Test,Clients implementing US Core Simple Observation Profile,SHALL,False,Section 14.162.1 Profile Specific Implementation Guidance
REQ-912,912,Certifying System shall support at least one derivedFrom target profile,"""Although none of the Observation.derivedFrom [referenced target profiles are flagged as *Must Support*](must-support.html#must-support---resource-references), Certifying System SHALL support at least one of them. Client Applications SHALL support all.""",Support requirements for Observation.derivedFrom target profiles,Test,Certifying System,SHALL,False,Section 14.162.1 Profile Specific Implementation Guidance
REQ-913,913,Client Applications shall support all derivedFrom target profiles,"""Although none of the Observation.derivedFrom [referenced target profiles are flagged as *Must Support*](must-support.html#must-support---resource-references), Certifying System SHALL support at least one of them. Client Applications SHALL support all.""",Support requirements for Observation.derivedFrom target profiles,Test,Client Applications,SHALL,False,Section 14.162.1 Profile Specific Implementation Guidance
REQ-914,914,Referenced Observation should be US Core Observation when using derivedFrom,"""As documented [here](general-guidance.html#referencing-us-core-profiles), when using Observation.derivedFrom to reference an Observation, the referenced Observation SHOULD be a US Core Observation.""",Profile consistency guidance for observation references,Test,Systems implementing US Core Simple Observation Profile,SHOULD,True,Section 14.162.1 Profile Specific Implementation Guidance
REQ-915,915,Servers providing access to assessment data shall support US Core SMART Scopes,"""Servers providing access to assessment data SHALL support these [US Core SMART Scopes](scopes.html#smart-scopes): * [resource level scopes](http://hl7.org/fhir/smart-app-launch/STU2.2/scopes-and-launch-context.html#scopes-for-requesting-clinical-data): <patient user system>/Observation.rs * [granular scopes](http://hl7.org/fhir/smart-app-launch/STU2.2/scopes-and-launch-context.html#finer-grained-resource-constraints-using-search-parameters): <patient user system>/Observation.rs?category=http://hl7.org/fhir/us/core/CodeSystem/us-core-category sdoh""",SMART scope support requirements for servers providing assessment data access,Test,Servers providing access to assessment data,SHALL,False,Section 14.162.3.1 US Core Scopes
REQ-916,916,Systems shall support search by patient and category parameters,"""SHALL support searching using the combination of the [patient](SearchParameter-us-core-observation-patient.html) and [category](SearchParameter-us-core-observation-category.html) search parameters: GET [base]/Observation?patient={Type/}[id]&category=http://terminology.hl7.org/CodeSystem/observation-category laboratory""",Mandatory search parameter combinations for US Core Simple Observation Profile,Test,Systems implementing US Core Simple Observation Profile,SHALL,False,Section 14.162.3.2 Mandatory Search Parameters
REQ-917,917,Systems shall support search by patient and code parameters,"""SHALL support searching using the combination of the [patient](SearchParameter-us-core-observation-patient.html) and [code](SearchParameter-us-core-observation-code.html) search parameters: * including optional support for *OR* search on code (e.g.code={system }[code],{system }[code],.) GET [base]/Observation?patient={Type/}[id]&code={system }[code]{,{system }[code],.}""",Mandatory search parameter combinations for US Core Simple Observation Profile,Test,Systems implementing US Core Simple Observation Profile,SHALL,False,Section 14.162.3.2 Mandatory Search Parameters
REQ-918,918,"Systems shall support search by patient, category, and date parameters","""SHALL support searching using the combination of the [patient](SearchParameter-us-core-observation-patient.html) and [category](SearchParameter-us-core-observation-category.html) and [date](SearchParameter-us-core-observation-date.html) search parameters: * including support for these date comparators: gt,lt,ge,le * including optional support for *AND* search on date (e.g.date=[date]&date=[date]]&.) GET [base]/Observation?patient={Type/}[id]&category=http://terminology.hl7.org/CodeSystem/observation-category laboratory&date={gt lt ge le}[date]{&date={gt lt ge le}[date]&.}""",Mandatory search parameter combinations for US Core Simple Observation Profile,Test,Systems implementing US Core Simple Observation Profile,SHALL,False,Section 14.162.3.2 Mandatory Search Parameters
REQ-919,919,US Core Provenance resource SHALL be supported for specific resource types,"""The US Core Provenance resource SHALL be supported for these US Core resource types: + AllergyIntolerance + CarePlan + CareTeam + Condition + Coverage + Device + DiagnosticReport + DocumentReference + Encounter + Goal + Immunization + MedicationDispense + MedicationRequest + Observation + Patient + Procedure + QuestionnaireResponse + RelatedPerson + ServiceRequest""",Defines the scope of resource types that must support provenance tracking in US Core implementations,Test,US Core implementers,SHALL,False,Section 14.156.1 Profile Specific Implementation Guidance
REQ-920,920,Systems SHALL provide organization as source when receiving provider as free text,"""If a system receives a provider in Provenance.agent.who as free text, they must capture who sent them the information as the organization. On request, they SHALL provide this organization as the source and MAY include the free text provider""",Handling of provenance information when provider information is received as free text rather than structured data,Test,US Core systems,SHALL,True,Section 14.156.1 Profile Specific Implementation Guidance
REQ-921,921,Systems SHOULD populate activity when activity occurrence needs to be known,"""Systems that need to know the activity has occurred SHOULD populate the activity""",,,,,,
REQ-922,922,"Server SHALL support patient, category, and date search parameters","""SHALL support searching using the combination of the [patient] and [category] and [date] search parameters""",Mandatory search parameters for US Core Pregnancy Status Profile,Test,FHIR Server,SHALL,False,Section 14.145.3.2
REQ-923,923,Server SHALL support required US Core SMART scopes,"""Servers providing access to social history data SHALL support these [US Core SMART Scopes]""",US Core scopes requirement for servers providing social history data access,Test,FHIR Server,SHALL,True,Section 14.145.3.1
REQ-924,924,Must Support category code requirement,"""Each Observation Must Support: a category code of 'care-experience-preference'""",US Core Care Experience Preference Profile must support data elements that systems must handle if present in sending system,Test,"FHIR system implementing US Core Care Experience Preference Profile, must support requirement",Must Support,False,Section 14.121.1 Mandatory and Must Support Data Elements
REQ-925,925,Must Support effective time requirement,"""Each Observation Must Support: a time indicating when the preference was made""",US Core Care Experience Preference Profile must support data elements for temporal information about when the care preference was documented,Test,"FHIR system implementing US Core Care Experience Preference Profile, must support requirement",Must Support,False,Section 14.121.1 Mandatory and Must Support Data Elements
REQ-926,926,Must Support care experience preference value requirement,"""Each Observation Must Support: care experience preference value""",US Core Care Experience Preference Profile must support data elements for the actual preference value expressed by the patient,Test,"FHIR system implementing US Core Care Experience Preference Profile, must support requirement",Must Support,False,Section 14.121.1 Mandatory and Must Support Data Elements
REQ-927,927,Context or precondition documentation requirement,"""The context or precondition of a patient's preference SHOULD be supplied in: the Observation.valueString (for example, 'If this [health scenario] were to occur, …') or an extension such as the PACIO Advance Directive Interoperability Implementation Guide's Enclosed Precondition Extension""",Profile-specific implementation guidance for documenting conditional aspects of patient care preferences,Test,"FHIR system implementing US Core Care Experience Preference Profile, recommended implementation",SHOULD,False,Section 14.121.1 Profile Specific Implementation Guidance
REQ-928,928,Fixed category coding system requirement,"""Fixed Value: http://hl7.org/fhir/us/core/CodeSystem/us-core-category""",Formal profile definition requiring specific US Core category code system for observation categorization,Test,"FHIR system implementing US Core Care Experience Preference Profile, fixed value requirement",Fixed Value,False,Section 14.121.2 Formal Views - category:us-core.coding.system
REQ-929,929,Fixed category code value requirement,"""Fixed Value: care-experience-preference""",Formal profile definition requiring specific category code to identify care experience preference observations,Test,"FHIR system implementing US Core Care Experience Preference Profile, fixed value requirement",Fixed Value,False,Section 14.121.2 Formal Views - category:us-core.coding.code
REQ-930,930,Fixed observation code system requirement,"""Fixed Value: http://loinc.org""",Formal profile definition requiring LOINC as the code system for the main observation code,Test,"FHIR system implementing US Core Care Experience Preference Profile, fixed value requirement",Fixed Value,False,Section 14.121.2 Formal Views - code.coding.system
REQ-931,931,Fixed observation code value requirement,"""Fixed Value: 95541-9""",Formal profile definition requiring specific LOINC code 95541-9 for care experience preference observations,Test,"FHIR system implementing US Core Care Experience Preference Profile, fixed value requirement",Fixed Value,False,Section 14.121.2 Formal Views - code.coding.code
REQ-932,932,Patient and category search parameter support requirement,"""SHALL support searching using the combination of the patient and category search parameters""",US Core Server capability requirements for mandatory search functionality to retrieve care experience preference observations,Test,"FHIR Server implementing US Core Care Experience Preference Profile search capabilities, mandatory requirement",SHALL,False,Section 14.121.3.2 Mandatory Search Parameters
REQ-933,933,Patient and code search parameter support requirement,"""SHALL support searching using the combination of the patient and code search parameters""",US Core Server capability requirements for mandatory search functionality using observation codes,Test,"FHIR Server implementing US Core Care Experience Preference Profile search capabilities, mandatory requirement",SHALL,False,Section 14.121.3.2 Mandatory Search Parameters
REQ-934,934,"Patient, category, and date search parameter support requirement","""SHALL support searching using the combination of the patient and category and date search parameters: including support for these date comparators: gt,lt,ge,le""",US Core Server capability requirements for mandatory temporal search functionality with date range support,Test,"FHIR Server implementing US Core Care Experience Preference Profile search capabilities, mandatory requirement",SHALL,False,Section 14.121.3.2 Mandatory Search Parameters
REQ-935,935,Resource level SMART scope support requirement,"""Servers providing access to care experience preference data SHALL support these US Core SMART Scopes: resource level scopes: <patient user system>/Observation.rs""",US Core SMART on FHIR scopes for secure access to care experience preference data,Test,"FHIR Server providing care experience preference data access, mandatory security requirement",SHALL,False,Section 14.121.3.1 US Core Scopes
REQ-936,936,Modifier extension meaning constraint,"""Modifier extensions SHALL NOT change the meaning of any elements on Resource or DomainResource (including cannot change the meaning of modifierExtension itself)""",FHIR resource integrity constraints ensuring modifier extensions do not alter core resource semantics,Test,"FHIR system implementing US Core Care Experience Preference Profile, constraint requirement",SHALL NOT,False,Section 14.121.2.5 Constraints - modifierExtension definitions
REQ-937,937,Data absent reason conditional presence constraint,"""dataAbsentReason SHALL only be present if Observation.value[x] is not present""",FHIR Observation resource constraint ensuring data absent reason is only used when observation value is missing,Test,"FHIR system implementing US Core Care Experience Preference Profile, constraint requirement",SHALL,True,Section 14.121.2.5 Constraints obs-6
REQ-938,938,Component code uniqueness constraint,"""If Observation.code is the same as an Observation.component.code then the value element associated with the code SHALL NOT be present""",FHIR Observation resource constraint preventing duplicate values when component codes match main observation code,Test,"FHIR system implementing US Core Care Experience Preference Profile, constraint requirement",SHALL NOT,True,Section 14.121.2.5 Constraints obs-7
REQ-939,939,Each Observation must have a status element,"""Each Observation Must Have: 1. a status""",Mandatory data elements for US Core Observation Pregnancy Intent Profile,Test,"FHIR Implementation creating Observation resources, MUST, unconditional",MUST,False,Section 14.144.1 - Mandatory and Must Support Data Elements
REQ-940,940,Each Observation must have a code for pregnancy intention observation,"""Each Observation Must Have: 2. a code for pregnancy intention observation""",Mandatory data elements for US Core Observation Pregnancy Intent Profile,Test,"FHIR Implementation creating Observation resources, MUST, unconditional",MUST,False,Section 14.144.1 - Mandatory and Must Support Data Elements
REQ-941,941,Each Observation must have a patient reference,"""Each Observation Must Have: 3. a patient""",Mandatory data elements for US Core Observation Pregnancy Intent Profile,Test,"FHIR Implementation creating Observation resources, MUST, unconditional",MUST,False,Section 14.144.1 - Mandatory and Must Support Data Elements
REQ-942,942,Each Observation must have effective date/time,"""Each Observation Must Have: 4. when the observation occurred""",Mandatory data elements for US Core Observation Pregnancy Intent Profile,Test,"FHIR Implementation creating Observation resources, MUST, unconditional",MUST,False,Section 14.144.1 - Mandatory and Must Support Data Elements
REQ-943,943,Each Observation must have pregnancy intention value,"""Each Observation Must Have: 5. the pregnancy intention""",Mandatory data elements for US Core Observation Pregnancy Intent Profile,Test,"FHIR Implementation creating Observation resources, MUST, unconditional",MUST,False,Section 14.144.1 - Mandatory and Must Support Data Elements
REQ-944,944,Each Observation must support social-history category,"""Each Observation Must Support: 1. a category code of \""social-history\""""",Must Support data elements for US Core Observation Pregnancy Intent Profile,Test,"FHIR Implementation creating Observation resources, MUST SUPPORT, unconditional",MUST SUPPORT,False,Section 14.144.1 - Mandatory and Must Support Data Elements
REQ-945,945,Servers SHALL support US Core SMART Scopes for social history,"""Servers providing access to social history data SHALL support these [US Core SMART Scopes](scopes.html#smart-scopes)""",Server capability requirements for accessing pregnancy intent observation data,Test,"FHIR Server, SHALL, unconditional",SHALL,False,Section 14.144.3.1 - US Core Scopes
REQ-946,946,SHALL support patient and category search parameter combination,"""SHALL support searching using the combination of the [patient](SearchParameter-us-core-observation-patient.html) and [category](SearchParameter-us-core-observation-category.html) search parameters""",Mandatory search capabilities for pregnancy intent observations,Test,"FHIR Server, SHALL, unconditional",SHALL,False,Section 14.144.3.2 - Mandatory Search Parameters
REQ-947,947,SHALL support patient and code search parameter combination,"""SHALL support searching using the combination of the [patient](SearchParameter-us-core-observation-patient.html) and [code](SearchParameter-us-core-observation-code.html) search parameters""",Mandatory search capabilities for pregnancy intent observations by code,Test,"FHIR Server, SHALL, unconditional",SHALL,False,Section 14.144.3.2 - Mandatory Search Parameters
REQ-948,948,"SHALL support patient, category, and date search parameter combination","""SHALL support searching using the combination of the [patient](SearchParameter-us-core-observation-patient.html) and [category](SearchParameter-us-core-observation-category.html) and [date](SearchParameter-us-core-observation-date.html) search parameters""",Mandatory search capabilities for pregnancy intent observations with date filtering,Test,"FHIR Server, SHALL, unconditional",SHALL,False,Section 14.144.3.2 - Mandatory Search Parameters
REQ-949,949,"SHOULD support patient, category, and status search parameter combination","""SHOULD support searching using the combination of the [patient](SearchParameter-us-core-observation-patient.html) and [category](SearchParameter-us-core-observation-category.html) and [status](SearchParameter-us-core-observation-status.html) search parameters""",Optional search capabilities for pregnancy intent observations by status,Test,"FHIR Server, SHOULD, unconditional",SHOULD,False,Section 14.144.3.3 - Optional Search Parameters
REQ-950,950,"SHOULD support patient, category, and _lastUpdated search parameter combination","""SHOULD support searching using the combination of the [patient](SearchParameter-us-core-observation-patient.html) and [category](SearchParameter-us-core-observation-category.html) and [_lastUpdated](SearchParameter-us-core-observation-lastupdated.html) search parameters""",Optional search capabilities for pregnancy intent observations by last updated date,Test,"FHIR Server, SHOULD, unconditional",SHOULD,False,Section 14.144.3.3 - Optional Search Parameters
REQ-951,951,"SHOULD support patient, code, and date search parameter combination","""SHOULD support searching using the combination of the [patient](SearchParameter-us-core-observation-patient.html) and [code](SearchParameter-us-core-observation-code.html) and [date](SearchParameter-us-core-observation-date.html) search parameters""",Optional search capabilities for pregnancy intent observations by code and date,Test,"FHIR Server, SHOULD, unconditional",SHOULD,False,Section 14.144.3.3 - Optional Search Parameters
REQ-952,952,Observation must have a status,"""Each Observation Must Have: 1. a status""",Mandatory data elements for the US Core Treatment Intervention Preference Profile,Test,"Implementers creating Observation resources conforming to this profile, mandatory requirement",MANDATORY,False,Section 14.165.1 Mandatory and Must Support Data Elements
REQ-953,953,Observation must have a fixed code for treatment intervention preference,"""Each Observation Must Have: 2. a fixed code for treatment intervention preference""",Mandatory data elements for the US Core Treatment Intervention Preference Profile,Test,"Implementers creating Observation resources conforming to this profile, mandatory requirement",MANDATORY,False,Section 14.165.1 Mandatory and Must Support Data Elements
REQ-954,954,Observation must have a patient,"""Each Observation Must Have: 3. a patient""",Mandatory data elements for the US Core Treatment Intervention Preference Profile,Test,"Implementers creating Observation resources conforming to this profile, mandatory requirement",MANDATORY,False,Section 14.165.1 Mandatory and Must Support Data Elements
REQ-955,955,Context or precondition of patient's preference should be supplied,"""The context or precondition of a patient's preference SHOULD be supplied in: + the Observation.valueString (for example, \""If this [health scenario] were to occur, …\"") or + an extension such as the PACIO Advance Directive Interoperability Implementation Guide's [Enclosed Precondition Extension]""",Profile specific implementation guidance for documenting treatment intervention preferences,Test,"Implementers documenting patient preferences, SHOULD conformance",SHOULD,False,Section 14.165.1 Profile Specific Implementation Guidance
REQ-956,956,Modifier extensions SHALL NOT change meaning of elements,"""Modifier extensions SHALL NOT change the meaning of any elements on Resource or DomainResource (including cannot change the meaning of modifierExtension itself).""",Constraints on modifier extensions for the Observation resource,Test,"Implementers using modifier extensions, SHALL conformance",SHALL,False,Section 14.165.2.2 Constraints
REQ-957,957,dataAbsentReason SHALL only be present if Observation.value[x] is not present,"""dataAbsentReason SHALL only be present if Observation.value[x] is not present : dataAbsentReason.empty() or value.empty()""",Constraint obs-6 ensuring proper use of dataAbsentReason element,Test,"Implementers populating Observation resources, SHALL conformance",SHALL,False,Section 14.165.2.2 Constraints (obs-6)
REQ-958,958,Value element SHALL NOT be present if code matches component code,"""If Observation.code is the same as an Observation.component.code then the value element associated with the code SHALL NOT be present : value.empty() or component.code.where(coding.intersect(%resource.code.coding).exists()).empty()""",Constraint obs-7 preventing duplication between main observation and components,Test,"Implementers creating Observation resources with components, SHALL conformance",SHALL,False,Section 14.165.2.2 Constraints (obs-7)
REQ-959,959,Contained resources SHALL NOT contain nested Resources,"""If the resource is contained in another resource, it SHALL NOT contain nested Resources : contained.contained.empty()""",Domain constraint dom-2 for contained resources,Test,"Implementers using contained resources, SHALL conformance",SHALL,True,Section 14.165.2.2 Constraints (dom-2)
REQ-960,960,Contained resources SHALL be referred to or refer to containing resource,"""If the resource is contained in another resource, it SHALL be referred to from elsewhere in the resource or SHALL refer to the containing resource : contained.where((('#'+id in (%resource.descendants().reference %resource.descendants().as(canonical) %resource.descendants().as(uri) %resource.descendants().as(url))) or descendants().where(reference = '#').exists() or descendants().where(as(canonical) = '#').exists() or descendants().where(as(canonical) = '#').exists()).not()).trace('unmatched', id).empty()""",Domain constraint dom-3 ensuring proper referencing of contained resources,Test,"Implementers using contained resources, SHALL conformance",SHALL,True,Section 14.165.2.2 Constraints (dom-3)
REQ-961,961,Contained resources SHALL NOT have meta.versionId or meta.lastUpdated,"""If a resource is contained in another resource, it SHALL NOT have a meta.versionId or a meta.lastUpdated : contained.meta.versionId.empty() and contained.meta.lastUpdated.empty()""",Domain constraint dom-4 for contained resource metadata,Test,"Implementers using contained resources, SHALL conformance",SHALL,True,Section 14.165.2.2 Constraints (dom-4)
REQ-962,962,Contained resources SHALL NOT have security labels,"""If a resource is contained in another resource, it SHALL NOT have a security label : contained.meta.security.empty()""",Domain constraint dom-5 for contained resource security,Test,"Implementers using contained resources, SHALL conformance",SHALL,True,Section 14.165.2.2 Constraints (dom-5)
REQ-963,963,Servers SHALL support patient and category search combination,"""SHALL support searching using the combination of the [patient](SearchParameter-us-core-observation-patient.html) and [category](SearchParameter-us-core-observation-category.html) search parameters""",Mandatory search parameters for US Core Treatment Intervention Preference Profile,Test,"Server implementers supporting this profile, SHALL conformance",SHALL,False,Section 14.165.3.2 Mandatory Search Parameters
REQ-964,964,Servers SHALL support patient and code search combination,"""SHALL support searching using the combination of the [patient](SearchParameter-us-core-observation-patient.html) and [code](SearchParameter-us-core-observation-code.html) search parameters""",Mandatory search parameters for US Core Treatment Intervention Preference Profile,Test,"Server implementers supporting this profile, SHALL conformance",SHALL,False,Section 14.165.3.2 Mandatory Search Parameters
REQ-965,965,"Servers SHALL support patient, category, and date search combination","""SHALL support searching using the combination of the [patient](SearchParameter-us-core-observation-patient.html) and [category](SearchParameter-us-core-observation-category.html) and [date](SearchParameter-us-core-observation-date.html) search parameters""",Mandatory search parameters for US Core Treatment Intervention Preference Profile,Test,"Server implementers supporting this profile, SHALL conformance",SHALL,False,Section 14.165.3.2 Mandatory Search Parameters
REQ-966,966,Servers SHALL support resource level scopes for treatment intervention preference data,"""Servers providing access to treatment intervention preference data SHALL support these [US Core SMART Scopes](scopes.html#smart-scopes): * [resource level scopes](http://hl7.org/fhir/smart-app-launch/STU2.2/scopes-and-launch-context.html#scopes-for-requesting-clinical-data): <patient user system>/Observation.rs""",US Core SMART Scopes requirements for servers providing treatment intervention preference data access,Test,"Servers providing access to treatment intervention preference data, SHALL conformance",SHALL,False,Section 14.165.3.1 US Core Scopes
REQ-967,967,LOINC code requirement for clinical test names,"""A LOINC SHALL be used if the concept is present in LOINC.""",This requirement applies to the Observation.code element which represents the name of the clinical test or procedure performed on a patient in the US Core Observation Clinical Result Profile.,Test,"Systems implementing US Core Observation Clinical Result Profile, SHALL conformance level",SHALL,True,Section 14.142 - Observation.code element definition
REQ-968,968,Servers SHOULD use base FHIR Observation Category Codes,"""Servers SHOULD use the base FHIR [Observation Category Codes](http://hl7.org/fhir/R4/valueset-observation-category.html).""","This guidance relates to the categorization of observations to provide efficient search context restrictions for procedure, exam, or laboratory observations.",Test,"Servers implementing US Core Observation Clinical Result Profile, SHOULD conformance level",SHOULD,False,Section 14.142.1 - Profile Specific Implementation Guidance
REQ-969,969,Systems SHOULD support effectivePeriod for measurements over time,"""Systems SHOULD support Observation.effectivePeriod to accurately represent measurements over time.""","This requirement ensures that observations can properly represent the time period during which measurements were taken, which is important for clinical accuracy.",Test,"Systems implementing US Core Observation Clinical Result Profile, SHOULD conformance level",SHOULD,False,Section 14.142.1 - Profile Specific Implementation Guidance
REQ-970,970,Observation without value SHALL include reason for absent data,"""An Observation without a value, SHALL include a reason why the data is absent *unless* there are 1) component observations, or 2) reporting panel observations using Observation.hasMember.""","This requirement ensures that when an observation lacks a primary value, there is either an explanation for the missing data or the observation contains component or member observations that provide the actual data.",Test,"Systems implementing US Core Observation Clinical Result Profile, SHALL conformance level",SHALL,True,Section 14.142.1 - Profile Specific Implementation Guidance
REQ-971,971,Component observation without value SHALL include reason for absent data,"""An Observation.component without a value, SHALL include a reason why the data is absent.""","This requirement applies to component observations within a multi-component observation, ensuring that missing component values are properly explained.",Test,"Systems implementing US Core Observation Clinical Result Profile, SHALL conformance level",SHALL,True,Section 14.142.1 - Profile Specific Implementation Guidance
REQ-972,972,UCUM units required for numeric quantities,"""If a numeric value, valueQuantity.code SHALL be selected from [UCUM](http://unitsofmeasure.org).""","This requirement applies to the value[x] element when it contains a numeric quantity, ensuring standardized units of measure are used.",Test,"Systems implementing US Core Observation Clinical Result Profile, SHALL conformance level",SHALL,True,Section 14.142.1 - Profile Specific Implementation Guidance and constraint us-core-3
REQ-973,973,Datetime must be at least to day precision,"""Datetime must be at least to day. : $this is dateTime implies $this.toString().length() >= 10""","This constraint applies to the effective[x] element when it is a dateTime, ensuring sufficient precision for clinical relevance.",Test,"Systems implementing US Core Observation Clinical Result Profile, SHALL conformance level",SHALL,True,Section 14.142.2.4 - Constraint us-core-1
REQ-974,974,Value or data absent reason required when no components or members,"""If there is no component or hasMember element then either a value[x] or a data absent reason must be present : (component.empty() and hasMember.empty()) implies (dataAbsentReason.exists() or value.exists())""",This constraint ensures that observations without component parts or group members must contain either actual data or an explanation for missing data.,Test,"Systems implementing US Core Observation Clinical Result Profile, SHALL conformance level",SHALL,False,Section 14.142.2.4 - Constraint us-core-2
REQ-975,975,UCUM system required for quantity units,"""SHALL use UCUM for coded quantity units. : ofType(Quantity).system.empty() or ofType(Quantity).system = 'http://unitsofmeasure.org'""","This constraint applies to value[x] elements of type Quantity, requiring the use of UCUM units system when units are specified.",Test,"Systems implementing US Core Observation Clinical Result Profile, SHALL conformance level",SHALL,True,Section 14.142.2.4 - Constraint us-core-3
REQ-976,976,Mandatory search support for patient and category combination,"""SHALL support searching using the combination of the [patient](SearchParameter-us-core-observation-patient.html) and [category](SearchParameter-us-core-observation-category.html) search parameters""",This requirement ensures that servers can search for observations by patient and observation category to support clinical workflows.,Test,"Servers supporting US Core interactions, SHALL conformance level",SHALL,False,Section 14.142.3.2 - Mandatory Search Parameters
REQ-977,977,Mandatory search support for patient and code combination,"""SHALL support searching using the combination of the [patient](SearchParameter-us-core-observation-patient.html) and [code](SearchParameter-us-core-observation-code.html) search parameters""","This requirement enables searching for specific types of observations by patient and observation code, supporting clinical decision making.",Test,"Servers supporting US Core interactions, SHALL conformance level",SHALL,False,Section 14.142.3.2 - Mandatory Search Parameters
REQ-978,978,"Mandatory search support for patient, category, and date combination","""SHALL support searching using the combination of the [patient](SearchParameter-us-core-observation-patient.html) and [category](SearchParameter-us-core-observation-category.html) and [date](SearchParameter-us-core-observation-date.html) search parameters""","This requirement supports time-based queries for observations within specific categories, enabling longitudinal care analysis.",Test,"Servers supporting US Core interactions, SHALL conformance level",SHALL,False,Section 14.142.3.2 - Mandatory Search Parameters
REQ-979,979,US Core SMART Scopes support requirement,"""Servers",,,,,,
REQ-980,980,Server SHALL support at least one of assertedDate Extension and Condition.onsetDateTime,"""A Server SHALL support at least one of [assertedDate Extension](http://hl7.org/fhir/R4/extension-condition-asserteddate.html) and Condition.onsetDateTime""",US Core Condition Problems and Health Concerns Profile date of diagnosis support requirements,Test,Server implementing US Core Condition Problems and Health Concerns Profile,SHALL,False,Section 14.125.1 Profile Specific Implementation Guidance
REQ-981,981,Client application SHALL support all three date elements,"""The Client application SHALL support all three elements [assertedDate Extension, Condition.onsetDateTime, and Condition.recordedDate]""",US Core Condition Problems and Health Concerns Profile client requirements for date elements,Test,Client application,SHALL,False,Section 14.125.1 Profile Specific Implementation Guidance
REQ-982,982,Only non-header ICD-10-CM codes SHOULD be used,"""When using ICD codes, only *non-header* ICD-10-CM codes SHOULD be used""",US Core Condition Problems and Health Concerns Profile vocabulary standards for condition coding,Test,System using ICD codes for conditions,SHOULD,True,Section 14.125.1 Profile Specific Implementation Guidance
REQ-983,983,Clinical status SHALL be present if verification status is not entered-in-error and category is problem-list-item,"""Condition.clinicalStatus SHALL be present if verificationStatus is not entered-in-error and category is problem-list-item : clinicalStatus.exists() or verificationStatus.coding.where(system='http://terminology.hl7.org/CodeSystem/condition-ver-status' and code = 'entered-in-error').exists() or category.select($this='problem-list-item').empty()""",US Core Condition Problems and Health Concerns Profile constraint con-3 for clinical status requirements,Test,FHIR Condition resource,SHALL,True,Section 14.125.2.2 Constraints
REQ-984,984,"If condition is abated then clinical status must be inactive, resolved, or remission","""If condition is abated, then clinicalStatus must be either inactive, resolved, or remission : abatement.empty() or clinicalStatus.coding.where(system='http://terminology.hl7.org/CodeSystem/condition-clinical' and (code='resolved' or code='remission' or code='inactive')).exists()""",US Core Condition Problems and Health Concerns Profile constraint con-4 for abatement and clinical status consistency,Test,FHIR Condition resource,SHALL,True,Section 14.125.2.2 Constraints
REQ-985,985,Clinical status SHALL NOT be present if verification status is entered-in-error,"""Condition.clinicalStatus SHALL NOT be present if verification Status is entered-in-error : verificationStatus.coding.where(system='http://terminology.hl7.org/CodeSystem/condition-ver-status' and code='entered-in-error').empty() or clinicalStatus.empty()""",US Core Condition Problems and Health Concerns Profile constraint con-5 for verification status and clinical status consistency,Test,FHIR Condition resource,SHALL,True,Section 14.125.2.2 Constraints
REQ-986,986,Servers SHALL support US Core SMART resource level scopes for Condition,"""Servers providing access to problems and health concern data SHALL support these [US Core SMART Scopes](scopes.html#smart-scopes): [resource level scopes](http://hl7.org/fhir/smart-app-launch/STU2.2/scopes-and-launch-context.html#scopes-for-requesting-clinical-data): <patient user system>/Condition.rs""",US Core Condition Problems and Health Concerns Profile SMART scope requirements for accessing condition data,Test,Server providing access to problems and health concern data,SHALL,False,Section 14.125.3.1 US Core Scopes
REQ-987,987,Servers SHALL support US Core SMART granular scopes for problem-list-item category,"""Servers providing access to problems and health concern data SHALL support these [US Core SMART Scopes](scopes.html#smart-scopes): [granular scopes](http://hl7.org/fhir/smart-app-launch/STU2.2/scopes-and-launch-context.html#finer-grained-resource-constraints-using-search-parameters): <patient user system>/Condition.rs?category=http://terminology.hl7.org/CodeSystem/condition-category problem-list-item""",US Core Condition Problems and Health Concerns Profile SMART scope requirements for accessing problem list items,Test,Server providing access to problems and health concern data,SHALL,False,Section 14.125.3.1 US Core Scopes
REQ-988,988,Servers SHALL support US Core SMART granular scopes for health-concern category,"""Servers providing access to problems and health concern data SHALL support these [US Core SMART Scopes](scopes.html#smart-scopes): [granular scopes](http://hl7.org/fhir/smart-app-launch/STU2.2/scopes-and-launch-context.html#finer-grained-resource-constraints-using-search-parameters): <patient user system>/Condition.rs?category=http://hl7.org/fhir/us/core/CodeSystem/condition-category health-concern""",US Core Condition Problems and Health Concerns Profile SMART scope requirements for accessing health concerns,Test,Server providing access to problems and health concern data,SHALL,False,Section 14.125.3.1 US Core Scopes
REQ-989,989,Server SHALL support searching for all conditions by patient,"""SHALL support searching for all conditions including problems, health concerns, and encounter diagnosis for a patient using the [patient](SearchParameter-us-core-condition-patient.html) search parameter: GET [base]/Condition?patient={Type/}[id]""",US Core Condition Problems and Health Concerns Profile mandatory search parameter requirements,Test,Server implementing US Core Condition Problems and Health Concerns Profile,SHALL,False,Section 14.125.3.2 Mandatory Search Parameters
REQ-990,990,Server SHALL support searching by patient and category combination,"""SHALL support searching using the combination of the [patient](SearchParameter-us-core-condition-patient.html) and [category](SearchParameter-us-core-condition-category.html) search parameters: GET [base]/Condition?patient={Type/}[id]&category={system }[code]""",US Core Condition Problems and Health Concerns Profile mandatory search parameter requirements,Test,Server implementing US Core Condition Problems and Health Concerns Profile,SHALL,False,Section 14.125.3.2 Mandatory Search Parameters
REQ-991,991,Organization resource contained resource nesting restriction,"""If the resource is contained in another resource, it SHALL NOT contain nested Resources""","This requirement applies to Organization resources when they are contained within other FHIR resources, establishing a fundamental constraint on resource containment to prevent infinite nesting scenarios.",Test,FHIR Server/Client implementing USCoreOrganizationProfile,SHALL,True,"Section 14.148, Invariant dom-2"
REQ-992,992,Organization resource contained resource reference requirement,"""If the resource is contained in another resource, it SHALL be referred to from elsewhere in the resource or SHALL refer to the containing resource""",This requirement ensures that contained Organization resources maintain proper referential integrity within the containing resource structure.,Test,FHIR Server/Client implementing USCoreOrganizationProfile,SHALL,True,"Section 14.148, Invariant dom-3"
REQ-993,993,Organization resource contained resource metadata restriction,"""If a resource is contained in another resource, it SHALL NOT have a meta.versionId or a meta.lastUpdated""",This requirement prevents contained Organization resources from having version-specific metadata that would conflict with the containing resource's versioning.,Test,FHIR Server/Client implementing USCoreOrganizationProfile,SHALL,True,"Section 14.148, Invariant dom-4"
REQ-994,994,Organization resource contained resource security label restriction,"""If a resource is contained in another resource, it SHALL NOT have a security label""",This requirement ensures that contained Organization resources do not have independent security labels that could conflict with the containing resource's security context.,Test,FHIR Server/Client implementing USCoreOrganizationProfile,SHALL,True,"Section 14.148, Invariant dom-5"
REQ-995,995,Organization identifier or name requirement,"""The organization SHALL at least have a name or an identifier, and possibly more than one""","This fundamental requirement ensures that every Organization resource can be identified through either a business identifier or a name, supporting basic identification and lookup capabilities.",Test,FHIR Server/Client implementing USCoreOrganizationProfile,SHALL,False,"Section 14.148, Invariant org-1"
REQ-996,996,Organization identifier use code binding requirement,"""The codes SHALL be taken from IdentifierUse""",This requirement constrains the identifier use codes to a specific value set to ensure consistent interpretation of identifier purposes across implementations.,Test,FHIR Server/Client implementing USCoreOrganizationProfile,SHALL,True,"Section 14.148, Organization.identifier.use binding"
REQ-997,997,Organization identifier value URI system requirement,"""If the value is a full URI, then the system SHALL be urn:ietf:rfc:3986""","This requirement ensures proper namespace identification when identifier values are expressed as full URIs, maintaining consistent URI handling across the system.",Test,FHIR Server/Client implementing USCoreOrganizationProfile,SHALL,True,"Section 14.148, Organization.identifier.value comments"
REQ-998,998,NPI identifier format validation,"""NPI must be 10 digits""",This requirement validates that National Provider Identifier values conform to the standard 10-digit format required by the National Provider System.,Test,FHIR Server/Client implementing USCoreOrganizationProfile,SHALL,True,"Section 14.148, Invariant us-core-16"
REQ-999,999,NPI identifier check digit validation,"""NPI check digit must be valid (Luhn algorithm check)""",This requirement ensures that NPI values include a valid check digit calculated using the Luhn algorithm to detect data entry errors and maintain data integrity.,Test,FHIR Server/Client implementing USCoreOrganizationProfile,SHALL,True,"Section 14.148, Invariant us-core-17"
REQ-1000,1000,CLIA identifier format validation,"""CLIA number must be 10 digits with a letter 'D' in third position""",This requirement validates that Clinical Laboratory Improvement Amendments numbers conform to the standard format of 10 characters with 'D' in the third position.,Test,FHIR Server/Client implementing USCoreOrganizationProfile,SHALL,True,"Section 14.148, Invariant us-core-18"
REQ-1001,1001,NAIC identifier format validation,"""NAIC must be 5 digits""",This requirement validates that NAIC company codes conform to the standard 5-digit format used by the National Association of Insurance Commissioners.,Test,FHIR Server/Client implementing USCoreOrganizationProfile,SHALL,True,"Section 14.148, Invariant us-core-19"
REQ-1002,1002,Organization telecom home use restriction,"""The telecom of an organization can never be of use 'home'""","This requirement prevents organizational contact points from being marked with 'home' use, as this use code is inappropriate for organizational contacts.",Test,FHIR Server/Client implementing USCoreOrganizationProfile,SHALL,False,"Section 14.148, Invariant org-3"
REQ-1003,1003,Organization telecom system code binding requirement,"""The codes SHALL be taken from ContactPointSystem""",This requirement constrains telecom system codes to ensure consistent representation of communication methods across implementations.,Test,FHIR Server/Client implementing USCoreOrganizationProfile,SHALL,False,"Section 14.148, Organization.telecom.system binding"
REQ-1004,1004,Organization telecom use code binding requirement,"""The codes SHALL be taken from ContactPointUse""",This requirement constrains telecom use codes to a specific value set to ensure consistent interpretation of contact point purposes.,Test,FHIR Server/Client implementing USCoreOrganizationProfile,SHALL,False,"Section 14.148, Organization.telecom.use binding"
REQ-1005,1005,Organization address home use restriction,"""An address of an organization can never be of use 'home'""","This requirement prevents organizational addresses from being marked with 'home' use, as this use code is inappropriate for organizational addresses.",Test,FHIR Server/Client implementing USCoreOrganizationProfile,SHALL,False,"Section 14.148, Invariant org-2"
REQ-1006,1006,Organization address use code binding requirement,"""The codes SHALL be taken from AddressUse""",This requirement constrains address use codes to ensure consistent representation of address purposes across implementations.,Test,FHIR Server/Client implementing USCoreOrganizationProfile,SHALL,False,"Section 14.148, Organization.address.use binding"
REQ-1007,1007,Organization address state code binding requirement,"""Unless not suitable, these codes SHALL be taken from USPS Two Letter Alphabetic Codes""","This requirement constrains state codes to USPS standard two-letter codes unless unsuitable, ensuring consistent state representation for US addresses.",Test,FHIR Server/Client implementing USCoreOrganizationProfile,SHALL,True,"Section 14.148, Organization.address.state binding"
REQ-1008,1008,Organization address text and parts consistency requirement,"""Applications updating an address SHALL ensure that when both text and parts are present, no content is included in the text that isn't found in a part""",This requirement ensures consistency between structured address parts and the text representation to prevent data conflicts and maintain address integrity.,Test,FHIR Server/Client implementing USCoreOrganizationProfile,SHALL,True,"Section 14.148, Organization.address.text comments"
REQ-1009,1009,Organization address type code binding requirement,"""The codes SHALL be taken from AddressType""",This requirement constrains address type codes to distinguish between physical and postal addresses consistently across implementations.,Test,FHIR Server/Client implementing USCoreOrganizationProfile,SHALL,False,"Section 14.148, Organization.address.type binding"
REQ-1010,1010,Modifier extension meaning preservation requirement,"""Modifier extensions SHALL NOT change the meaning of any elements on Resource or DomainResource (including cannot change the meaning of modifierExtension itself)""","This requirement ensures that modifier extensions do not alter the fundamental meaning of core FHIR elements, maintaining semantic consistency across extensions.",Test,FHIR Server/Client implementing USCoreOrganizationProfile,SHALL,False,"Section 14.148, Organization.modifierExtension definition"
REQ-1011,1011,Extension requirements compliance,"""There is a set of requirements that SHALL be met as part of the definition of the extension""",This requirement ensures that any extensions used comply with FHIR extension definition standards for governance and interoperability.,Test,FHIR Server/Client implementing USCoreOrganizationProfile,SHALL,False,"Section 14.148, Organization.extension definition"
REQ-1012,1012,DataAbsentReason must only be present when value is absent,"""dataAbsentReason SHALL only be present if Observation.value[x] is not present (dataAbsentReason.empty() or value.empty())""",This requirement ensures proper use of data absent reason codes in the US Core Heart Rate Profile when measurement values are missing,Test,FHIR implementation system,SHALL,False,Section 14.133 - obs-6 invariant
REQ-1013,1013,Value element must not be present when code matches component code,"""If Observation.code is the same as an Observation.component.code then the value element associated with the code SHALL NOT be present (value.empty() or component.code.where(coding.intersect(%resource.code.coding).exists()).empty())""",This requirement prevents duplicate data representation when component observations share the same code as the main observation in the US Core Heart Rate Profile,Test,FHIR implementation system,SHALL,False,Section 14.133 - obs-7 invariant
REQ-1014,1014,Value or data absent reason must be present when no components or hasMember elements,"""If there is no component or hasMember element then either a value[x] or a data absent reason must be present. ((component.empty() and hasMember.empty()) implies (dataAbsentReason.exists() or value.exists()))""",This requirement ensures that standalone heart rate observations in the US Core Heart Rate Profile contain either a measurement value or explanation for its absence,Test,FHIR implementation system,SHALL,False,Section 14.133 - vs-2 invariant
REQ-1015,1015,Observation status codes must be taken from ObservationStatus value set,"""The codes SHALL be taken from ObservationStatus""",This requirement ensures that heart rate observation status values conform to the standardized FHIR observation status codes,Test,FHIR implementation system,SHALL,False,Section 14.133 - Observation.status binding
REQ-1016,1016,Observation category VSCat coding system must be observation-category,"""The identification of the code system that defines the meaning of the symbol in the code"" with Fixed Value http://terminology.hl7.org/CodeSystem/observation-category",This requirement ensures that the vital signs category slice uses the correct terminology system for the US Core Heart Rate Profile,Test,FHIR implementation system,SHALL,False,Section 14.133 - Observation.category:VSCat.coding.system
REQ-1017,1017,Observation category VSCat coding code must be vital-signs,"""A symbol in syntax defined by the system"" with Fixed Value vital-signs",This requirement ensures that heart rate observations are properly categorized as vital signs in the US Core Heart Rate Profile,Test,FHIR implementation system,SHALL,False,Section 14.133 - Observation.category:VSCat.coding.code
REQ-1018,1018,Heart rate observation code must follow LOINC pattern,"""Coded Responses from C-CDA Vital Sign Results"" with Pattern Value containing LOINC system ""http://loinc.org"" and code ""8867-4""",This requirement ensures that heart rate observations use the standardized LOINC code 8867-4 for heart rate measurements,Test,FHIR implementation system,SHALL,False,Section 14.133 - Observation.code pattern
REQ-1019,1019,Heart rate value quantity system must be UCUM,"""The identification of the system that provides the coded form of the unit"" with Fixed Value http://unitsofmeasure.org",This requirement ensures that heart rate measurements use the Unified Code for Units of Measure (UCUM) system for unit representation,Test,FHIR implementation system,SHALL,False,Section 14.133 - Observation.valueQuantity.system
REQ-1020,1020,Heart rate value quantity code must be per minute,"""A computer processable form of the unit in some unit representation system"" with Fixed Value /min",This requirement ensures that heart rate measurements are expressed in beats per minute using the standardized UCUM code,Test,FHIR implementation system,SHALL,False,Section 14.133 - Observation.valueQuantity.code
REQ-1021,1021,Effective date/time must be precise to the day when dateTime type is used,"""if Observation.effective[x] is dateTime and has a value then that value shall be precise to the day ($this is dateTime implies $this.toString().length() >= 10)""",This requirement ensures adequate temporal precision for heart rate observations in the US Core Heart Rate Profile,Test,FHIR implementation system,SHALL,True,Section 14.133 - vs-1 invariant
REQ-1022,1022,Component observation must have value or data absent reason,"""If there is no a value a data absent reason must be present (value.exists() or dataAbsentReason.exists())""",This requirement ensures that component observations within the US Core Heart Rate Profile contain either measurement values or explanations for their absence,Test,FHIR implementation system,SHALL,False,Section 14.133 - vs-3 invariant
REQ-1023,1023,VSCat category system SHALL be http://terminology.hl7.org/CodeSystem/observation-category,"""Fixed Value: http://terminology.hl7.org/CodeSystem/observation-category""",This fixed value requirement ensures that vital signs category coding uses the standard HL7 observation category code system,Test,FHIR Implementation,SHALL,True,Section 14 (Observation.category:VSCat.coding.system)
REQ-1024,1024,VSCat category code SHALL be vital-signs,"""Fixed Value: vital-signs""",This fixed value requirement ensures that the vital signs category slice uses the correct code to identify vital signs observations,Test,FHIR Implementation,SHALL,True,Section 16 (Observation.category:VSCat.coding.code)
REQ-1025,1025,Observation code SHALL be selected from HITSP Vital Sign Result Type value set,"""SHALL contain exactly one [1.1] code, where the @code SHOULD be selected from ValueSet HITSP Vital Sign Result Type 2.16.840.1.113883.3.88.12.80.62 DYNAMIC (CONF:7301)""",This requirement ensures that observation codes for pediatric weight-for-height observations use standardized vital sign terminology,Test,FHIR Implementation,SHALL,False,Section 18 (Observation.code Requirements)
REQ-1026,1026,Observation SHALL contain exactly one value with type PQ,"""SHALL contain exactly one [1.1] value with @xsi:type=\""PQ\"" (CONF:7305)""",This requirement ensures that vital signs observations include a properly typed quantity value for the measurement,Test,FHIR Implementation,SHALL,False,Section 26 (Observation.value[x] Requirements)
REQ-1027,1027,Observation subject SHALL be matched to patient when device doesn't know patient,"""The only circumstance in which the subject can be missing is when the observation is made by a device that does not know the patient. In this case, the observation SHALL be matched to a patient through some context/channel matching technique, and at this point, the observation should be updated""",This requirement addresses the scenario where observations are initially created without patient context and ensures proper patient association,Test,FHIR Implementation,SHALL,True,Section 20 (Observation.subject Comments)
REQ-1028,1028,Effective dateTime SHALL be precise to the day when present,"""if Observation.effective[x] is dateTime and has a value then that value shall be precise to the day ($this is dateTime implies $this.toString().length() >= 10)""","This constraint ensures that when dateTime is used for the effective time, it includes at least day-level precision for proper temporal tracking",Test,FHIR Implementation,SHALL,True,Invariant vs-1
REQ-1029,1029,Value quantity system SHALL be http://unitsofmeasure.org,"""Fixed Value: http://unitsofmeasure.org""",This requirement ensures that quantity values use the UCUM (Unified Code for Units of Measure) system for standardized unit representation,Test,FHIR Implementation,SHALL,True,Section 36 (Observation.value[x]:valueQuantity.system)
REQ-1030,1030,Value quantity code SHALL be %,"""Fixed Value: %""",This requirement specifies that pediatric weight-for-height observations must use percentage as the unit of measure,Test,FHIR Implementation,SHALL,True,Section 38 (Observation.value[x]:valueQuantity.code)
REQ-1031,1031,Component SHALL have value or dataAbsentReason,"""If there is no a value a data absent reason must be present (value.exists() or dataAbsentReason.exists())""",This constraint ensures that observation components provide either a measurement value or a reason why the value is not available,Test,FHIR Implementation,SHALL,True,Invariant vs-3
REQ-1032,1032,Resource should have narrative text,"""A resource should have narrative for robust management (text.div.exists())""",Best practice recommendation for including human-readable narrative in FHIR resources,Inspection,FHIR implementation,SHOULD,False,Observation invariant dom-6
REQ-1033,1033,Data absent reason only present when value is missing,"""dataAbsentReason SHALL only be present if Observation.value[x] is not present (dataAbsentReason.empty() or value.empty())""",Constraint ensuring proper use of dataAbsentReason element in observations,Test,FHIR implementation,SHALL,False,Observation invariant obs-6
REQ-1034,1034,Value element not present when observation code matches component code,"""If Observation.code is the same as an Observation.component.code then the value element associated with the code SHALL NOT be present (value.empty() or component.code.where(coding.intersect(%resource.code.coding).exists()).empty())""",Constraint preventing duplicate representation of the same measurement in both main observation and component,Test,FHIR implementation,SHALL,True,Observation invariant obs-7
REQ-1035,1035,Value or data absent reason required when no components,"""If there is no component or hasMember element then either a value[x] or a data absent reason must be present. ((component.empty() and hasMember.empty()) implies (dataAbsentReason.exists() or value.exists()))""",Constraint ensuring observations have meaningful content when not structured as panels,Test,FHIR implementation,SHALL,True,Observation invariant vs-2
REQ-1036,1036,Status codes must be from ObservationStatus value set,"""The codes SHALL be taken from ObservationStatus""",Required binding for observation status field to ensure consistent status representation,Test,FHIR implementation,SHALL,False,Observation.status binding
REQ-1037,1037,"Reference range must have low, high, or text","""Must have at least a low or a high or text (low.exists() or high.exists() or text.exists())""",Constraint ensuring reference ranges provide meaningful comparison values,Test,FHIR implementation,SHALL,True,Observation.referenceRange invariant obs-3
REQ-1038,1038,Contained resource SHALL NOT contain nested Resources,"""If the resource is contained in another resource, it SHALL NOT contain nested Resources (contained.contained.empty())""","This requirement applies to the USCoreBodyHeightProfile when it is contained within another FHIR resource, ensuring proper resource containment hierarchy",Test,FHIR Server/Client implementing USCoreBodyHeightProfile,SHALL,True,Section 14.118 - Observation element invariant dom-2
REQ-1039,1039,Contained resource SHALL be referred to from elsewhere or refer to containing resource,"""If the resource is contained in another resource, it SHALL be referred to from elsewhere in the resource or SHALL refer to the containing resource (contained.where((('#'+id in (%resource.descendants().reference %resource.descendants().as(canonical) %resource.descendants().as(uri) %resource.descendants().as(url))) or descendants().where(reference = '#').exists() or descendants().where(as(canonical) = '#').exists() or descendants().where(as(canonical) = '#').exists()).not()).trace('unmatched', id).empty())""",This requirement ensures proper referential integrity when USCoreBodyHeightProfile is contained within another FHIR resource,Test,FHIR Server/Client implementing USCoreBodyHeightProfile,SHALL,True,Section 14.118 - Observation element invariant dom-3
REQ-1040,1040,Contained resource SHALL NOT have meta.versionId or meta.lastUpdated,"""If a resource is contained in another resource, it SHALL NOT have a meta.versionId or a meta.lastUpdated (contained.meta.versionId.empty() and contained.meta.lastUpdated.empty())""","This requirement applies to USCoreBodyHeightProfile when contained, restricting metadata elements that are inappropriate for contained resources",Test,FHIR Server/Client implementing USCoreBodyHeightProfile,SHALL,True,Section 14.118 - Observation element invariant dom-4
REQ-1041,1041,Contained resource SHALL NOT have security label,"""If a resource is contained in another resource, it SHALL NOT have a security label (contained.meta.security.empty())""",This requirement ensures contained USCoreBodyHeightProfile resources do not have security labels which are inappropriate for contained resources,Test,FHIR Server/Client implementing USCoreBodyHeightProfile,SHALL,True,Section 14.118 - Observation element invariant dom-5
REQ-1042,1042,Observation codes SHALL be taken from Vital Sign Result Type value set,"""Unless not suitable, these codes SHALL be taken from Vital Sign Result Type 2.16.840.1.113883.3.88.12.80.62 (extensible)""","This requirement constrains the observation code for USCoreBodyHeightProfile to use appropriate vital sign result type codes, with extensibility allowed when unsuitable",Test,FHIR Server/Client implementing USCoreBodyHeightProfile,SHALL,False,Section 14.118 - Observation.code binding
REQ-1043,1043,Value quantity unit codes SHALL be taken from BodyLengthUnits value set,"""The codes SHALL be taken from BodyLengthUnits http://hl7.org/fhir/ValueSet/ucum-bodylength 4.0.1 (required)""",This requirement constrains the unit codes for body height measurements in USCoreBodyHeightProfile to appropriate length units,Test,FHIR Server/Client implementing USCoreBodyHeightProfile,SHALL,False,Section 14.118 - Observation.valueQuantity.code binding
REQ-1044,1044,Value quantity code shall be from body weight units value set,"""The codes SHALL be taken from BodyWeightUnits (required to http://hl7.org/fhir/ValueSet/ucum-bodyweight 4.0.1)""",US Core Body Weight Profile value quantity code binding for weight unit validation,Test,FHIR resource implementers,SHALL,False,Section 14.120 - Observation.valueQuantity.code binding
REQ-1045,1045,Value quantity code SHALL be taken from BodyTemperatureUnits,"""The codes SHALL be taken from [BodyTemperatureUnits](http://hl7.org/fhir/R4/valueset-ucum-bodytemp.html)""",US Core Body Temperature Profile value quantity code binding,Test,FHIR Implementation,SHALL,True,Section 14.119 - Observation.value[x]:valueQuantity.code binding
REQ-1046,1046,Encounter status codes SHALL be taken from EncounterStatus value set,"""The codes SHALL be taken from [EncounterStatus](http://hl7.org/fhir/R4/valueset-encounter-status.html) ([required] binding)""","This requirement constrains the encounter status field to use only codes from the specified FHIR EncounterStatus value set, ensuring standardized status representation across implementations.",Test,System implementing US Core Encounter Profile,SHALL,False,Section 14.130 - Encounter.status binding
REQ-1047,1047,Encounter class codes SHALL be taken from ActEncounterCode value set unless not suitable,"""Unless not suitable, these codes SHALL be taken from [ActEncounterCode](http://terminology.hl7.org/5.5.0/ValueSet-v3-ActEncounterCode.html) ([extensible] binding)""",This requirement constrains the encounter class field to primarily use codes from the ActEncounterCode value set while allowing extensions when the standard codes are not suitable for the use case.,Test,System implementing US Core Encounter Profile,SHALL,False,Section 14.130 - Encounter.class binding
REQ-1048,1048,Encounter type codes SHALL be taken from Encounter Type value set unless not suitable,"""Unless not suitable, these codes SHALL be taken from [Encounter Type](https://vsac.nlm.nih.gov/valueset/2.16.840.1.113762.1.4.1267.23/expansion) ([extensible] binding)""",This requirement constrains the encounter type field to primarily use codes from the specified Encounter Type value set while allowing extensions when standard codes are insufficient.,Test,System implementing US Core Encounter Profile,SHALL,False,Section 14.130 - Encounter.type binding
REQ-1049,1049,Identifier use codes SHALL be taken from IdentifierUse value set,"""The codes SHALL be taken from [IdentifierUse](http://hl7.org/fhir/R4/valueset-identifier-use.html) ([required] binding)""","This requirement applies to identifier use fields within encounter identifiers, ensuring standardized representation of identifier purposes using the FHIR IdentifierUse value set.",Test,System implementing US Core Encounter Profile,SHALL,True,Section 14.130 - Encounter.identifier.use binding
REQ-1050,1050,"If identifier value is full URI, system SHALL be urn:ietf:rfc:3986","""If the value is a full URI, then the system SHALL be urn:ietf:rfc:3986""","This requirement applies to encounter identifier values that are formatted as full URIs, ensuring proper system designation for URI-based identifiers to maintain identifier format consistency.",Test,System implementing US Core Encounter Profile,SHALL,True,Section 14.130 - Encounter.identifier.value comments
REQ-1051,1051,Participant type codes SHALL be taken from ParticipantType value set unless not suitable,"""Unless not suitable, these codes SHALL be taken from [ParticipantType](http://hl7.org/fhir/R4/valueset-encounter-participant-type.html) ([extensible] binding)""",This requirement constrains participant type codes to primarily use the standard ParticipantType value set while allowing extensions when standard codes don't adequately describe the participant role.,Test,System implementing US Core Encounter Profile,SHALL,True,Section 14.130 - Encounter.participant.type binding
REQ-1052,1052,Encounter location status codes SHALL be taken from EncounterLocationStatus value set,"""The codes SHALL be taken from [EncounterLocationStatus](http://hl7.org/fhir/R4/valueset-encounter-location-status.html) ([required] binding)""","This requirement constrains encounter location status codes to use only values from the specified EncounterLocationStatus value set, ensuring standardized representation of location participation status.",Test,System implementing US Core Encounter Profile,SHALL,True,Section 14.130 - Encounter.location.status binding
REQ-1053,1053,Profile must specify which core elements SHALL be present in the resource,"""It specifies which core elements, extensions, vocabularies, and value sets SHALL be present in the resource and constrains how the elements are used""",The profile defines mandatory data elements and constraints for advance directive documentation observations,Test,Systems implementing US Core Observation ADI Documentation Profile,SHALL,False,Section 14.141
REQ-1054,1054,Each Observation must have a status,"""Each Observation Must Have: 1. a status""",Mandatory data elements that must always be present in US Core Observation ADI Documentation Profile instances,Test,Systems implementing US Core Observation ADI Documentation Profile,SHALL,False,Section 14.141.1
REQ-1055,1055,Each Observation must have a fixed code for the presence of advance directives,"""Each Observation Must Have: 2. a fixed code for the presence of advance directives""",Mandatory data elements that must always be present in US Core Observation ADI Documentation Profile instances,Test,Systems implementing US Core Observation ADI Documentation Profile,SHALL,False,Section 14.141.1
REQ-1056,1056,Each Observation must have a patient,"""Each Observation Must Have: 3. a patient""",Mandatory data elements that must always be present in US Core Observation ADI Documentation Profile instances,Test,Systems implementing US Core Observation ADI Documentation Profile,SHALL,False,Section 14.141.1
REQ-1057,1057,System should reference ADI documents when patient has them and references are known,"""If the system asserts the patient has ADI documents and the references to the (electronic) documents are known, it SHOULD reference them in the [Supporting Info Extension]""",Implementation guidance for systems that assert patients have advance directive documents with known document references,Test,Systems implementing US Core Observation ADI Documentation Profile,SHOULD,True,Section 14.141.1
REQ-1058,1058,Observation value must be bound to required Answer Set with Yes No and Unknowns value set,"""Observation.value[x] [required] [Answer Set with Yes No and Unknowns] - Answer Set with Yes No and Unknowns""",Terminology binding requirement for observation value field to constrain answers to yes/no/unknown,Test,Systems implementing US Core Observation ADI Documentation Profile,SHALL,False,Section 14.141.2.1
REQ-1059,1059,DataAbsentReason SHALL only be present if Observation.value[x] is not present,"""obs-6 error Observation dataAbsentReason SHALL only be present if Observation.value[x] is not present : dataAbsentReason.empty() or value.empty()""",Constraint ensuring data absent reason is only used when observation value is missing,Test,Systems implementing US Core Observation ADI Documentation Profile,SHALL,False,Section 14.141.2.2
REQ-1060,1060,If Observation.code is the same as an Observation.component.code then the value element SHALL NOT be present,"""obs-7 error Observation If Observation.code is the same as an Observation.component.code then the value element associated with the code SHALL NOT be present : value.empty() or component.code.where(coding.intersect(%resource.code.coding).exists()).empty()""",Constraint preventing duplicate codes between main observation and components when value is present,Test,Systems implementing US Core Observation ADI Documentation Profile,SHALL,False,Section 14.141.2.2
REQ-1061,1061,Server SHALL support searching using patient and category search parameters,"""SHALL support searching using the combination of the [patient] and [category] search parameters""",Mandatory search capability for servers supporting US Core interactions for this profile,Test,Servers supporting US Core interactions,SHALL,False,Section 14.141.3.1
REQ-1062,1062,Server SHALL support searching using patient and code search parameters,"""SHALL support searching using the combination of the [patient] and [code] search parameters""",Mandatory search capability for servers supporting US Core interactions for this profile,Test,Servers supporting US Core interactions,SHALL,False,Section 14.141.3.1
REQ-1063,1063,"Server SHALL support searching using patient, category and date search parameters","""SHALL support searching using the combination of the [patient] and [category] and [date] search parameters""",Mandatory search capability for servers supporting US Core interactions for this profile,Test,Servers supporting US Core interactions,SHALL,False,Section 14.141.3.1
REQ-1064,1064,Each Observation must have a status,"""Each Observation Must Have: 1. a status""",All smoking status observations must include a status field to indicate the current state of the observation data.,Test,US Core Smoking Status Observation implementers,SHALL,False,Section 14.163.1
REQ-1065,1065,"Each Observation must have a category code of ""social-history""","""Each Observation Must Have: 2. a category code of \""social-history\""""",Smoking status observations must be categorized as social history to ensure proper classification and searchability.,Test,US Core Smoking Status Observation implementers,SHALL,False,Section 14.163.1
REQ-1066,1066,Each Observation must have a code for smoking observation,"""Each Observation Must Have: 3. a code for smoking observation*""","A specific code must be present to identify the observation as related to smoking status, enabling proper identification and retrieval.",Test,US Core Smoking Status Observation implementers,SHALL,False,Section 14.163.1
REQ-1067,1067,Each Observation must have a patient,"""Each Observation Must Have: 4. a patient""",The observation must be associated with a specific patient to ensure proper attribution and medical record association.,Test,US Core Smoking Status Observation implementers,SHALL,False,Section 14.163.1
REQ-1068,1068,Each Observation must have when the observation occurred,"""Each Observation Must Have: 5. when the observation occurred""",Temporal information is required to establish when the smoking status was assessed or recorded.,Test,US Core Smoking Status Observation implementers,SHALL,False,Section 14.163.1
REQ-1069,1069,Each Observation must have a performer,"""Each Observation Must Have: 6. a performer*""",The observation must identify who was responsible for making or recording the smoking status assessment.,Test,US Core Smoking Status Observation implementers,SHALL,False,Section 14.163.1
REQ-1070,1070,Each Observation must have a result value,"""Each Observation Must Have: 7. a result value*""",The actual smoking status value or result must be present to convey the clinical information.,Test,US Core Smoking Status Observation implementers,SHALL,False,Section 14.163.1
REQ-1071,1071,Observation status must use US Core Status value set,"""Observation.status SHALL be from the US Core Status for Smoking Status Observation value set with required binding""",The status field must conform to a specific value set to ensure consistent status reporting across implementations.,Test,US Core Smoking Status Observation implementers,SHALL,False,Section 14.163.2.1
REQ-1072,1072,Category SocialHistory must have fixed coding system,"""Observation.category:SocialHistory coding system Fixed Value: http://terminology.hl7.org/CodeSystem/observation-category""",The social history category must use the specified terminology system to ensure consistent categorization.,Test,US Core Smoking Status Observation implementers,SHALL,False,Section 14.163.2
REQ-1073,1073,Category SocialHistory must have fixed code value,"""Observation.category:SocialHistory code Fixed Value: social-history""","The category must use the specific ""social-history"" code to properly classify smoking status observations.",Test,US Core Smoking Status Observation implementers,SHALL,False,Section 14.163.2
REQ-1074,1074,Tobacco smoking status observations must use valueCodeableConcept,"""Observation.code 72166-2 Tobacco smoking status or 11367-0 History of Tobacco use SHALL use valueCodeableConcept""","When using specific LOINC codes for tobacco smoking status, the value must be expressed as a coded concept rather than other data types.",Test,US Core Smoking Status Observation implementers,SHALL,True,Section 14.163.2.4
REQ-1075,1075,Pack-years observations should use valueQuantity,"""For Observation.code 401201003 Cigarette pack-years or 782516008 Number of calculated smoking pack years SHOULD use valueQuantity""","When capturing pack-years data, a quantitative value is the appropriate data type for expressing numerical smoking history calculations.",Test,US Core Smoking Status Observation implementers,SHOULD,True,Section 14.163.2.4
REQ-1076,1076,Servers must support patient and category search parameters,"""SHALL support searching using the combination of the [patient](SearchParameter-us-core-observation-patient.html) and [category](SearchParameter-us-core-observation-category.html) search parameters""",Basic search capability must be available to find smoking status observations for a specific patient within the social history category.,Test,US Core Server implementers,SHALL,False,Section 14.163.3.2
REQ-1077,1077,Servers must support patient and code search parameters,"""SHALL support searching using the combination of the [patient](SearchParameter-us-core-observation-patient.html) and [code](SearchParameter-us-core-observation-code.html) search parameters""",Servers must enable searching for specific smoking status observation types for a patient using observation codes.,Test,US Core Server implementers,SHALL,False,Section 14.163.3.2
REQ-1078,1078,"Servers must support patient, category, and date search parameters","""SHALL support searching using the combination of the [patient](SearchParameter-us-core-observation-patient.html) and [category](SearchParameter-us-core-observation-category.html) and [date](SearchParameter-us-core-observation-date.html) search parameters""",Temporal searching capability is required to find smoking status observations within specific time periods.,Test,US Core Server implementers,SHALL,False,Section 14.163.3.2
REQ-1079,1079,Servers must support date comparators for temporal searches,"""including support for these date comparators: gt,lt,ge,le""","Date-based searches must support greater than, less than, greater than or equal, and less than or equal comparisons for flexible temporal querying.",Test,US Core Server implementers,SHALL,False,Section 14.163.3.2
REQ-1080,1080,Servers providing social history data must support US Core SMART Scopes,"""Servers providing access to social history data SHALL support these [US Core SMART Scopes](scopes.html#smart-scopes)""",Authorization and access control for smoking status data must conform to SMART on FHIR scoping requirements.,Test,US Core Server implementers,SHALL,True,Section 14.163.3.1
REQ-1081,1081,MedicationRequest resource SHALL NOT contain nested contained Resources,"""If the resource is contained in another resource, it SHALL NOT contain nested Resources (contained.contained.empty())""",Constraint on MedicationRequest resource structure to prevent contained resources from having their own contained resources,Test,US Core MedicationRequest Profile implementers,SHALL,False,"Section 14.140, Invariant dom-2"
REQ-1082,1082,Contained MedicationRequest resource SHALL be referenced from elsewhere in the resource or SHALL refer to the containing resource,"""If the resource is contained in another resource, it SHALL be referred to from elsewhere in the resource or SHALL refer to the containing resource (contained.where((('#'+id in (%resource.descendants().reference %resource.descendants().as(canonical) %resource.descendants().as(uri) %resource.descendants().as(url))) or descendants().where(reference = '#').exists() or descendants().where(as(canonical) = '#').exists() or descendants().where(as(canonical) = '#').exists()).not()).trace('unmatched', id).empty())""",Constraint ensuring that contained resources are properly referenced within the containing resource,Test,US Core MedicationRequest Profile implementers,SHALL,False,"Section 14.140, Invariant dom-3"
REQ-1083,1083,Contained MedicationRequest resource SHALL NOT have meta.versionId or meta.lastUpdated,"""If a resource is contained in another resource, it SHALL NOT have a meta.versionId or a meta.lastUpdated (contained.meta.versionId.empty() and contained.meta.lastUpdated.empty())""",Constraint on contained resources to prevent version metadata conflicts,Test,US Core MedicationRequest Profile implementers,SHALL,False,"Section 14.140, Invariant dom-4"
REQ-1084,1084,Contained MedicationRequest resource SHALL NOT have security labels,"""If a resource is contained in another resource, it SHALL NOT have a security label (contained.meta.security.empty())""",Security constraint on contained resources to prevent security label conflicts,Test,US Core MedicationRequest Profile implementers,SHALL,False,"Section 14.140, Invariant dom-5"
REQ-1085,1085,MedicationRequest requester SHALL be present if intent is order,"""requester SHALL be present if intent is 'order' ((intent='order' or intent='original-order' or intent='reflex-order'or intent='filler-order' or intent='instance-order') implies requester.exists())""",US Core specific requirement ensuring that medication orders have an identified requester,Test,US Core MedicationRequest Profile implementers,SHALL,True,"Section 14.140, Invariant us-core-21"
REQ-1086,1086,MedicationRequest status codes SHALL be taken from medicationrequest Status value set,"""The codes SHALL be taken from medicationrequest Status (required to http://hl7.org/fhir/ValueSet/medicationrequest-status)""",Binding requirement for status field to ensure consistent medication request status values,Test,US Core MedicationRequest Profile implementers,SHALL,False,"Section 14.140, MedicationRequest.status binding"
REQ-1087,1087,MedicationRequest intent codes SHALL be taken from medicationRequest Intent value set,"""The codes SHALL be taken from medicationRequest Intent (required to http://hl7.org/fhir/ValueSet/medicationrequest-intent)""",Binding requirement for intent field to ensure consistent medication request intent values,Test,US Core MedicationRequest Profile implementers,SHALL,False,"Section 14.140, MedicationRequest.intent binding"
REQ-1088,1088,MedicationRequest category:us-core codes SHALL be taken from medicationRequest Category Codes value set,"""The codes SHALL be taken from medicationRequest Category Codes (required to http://hl7.org/fhir/ValueSet/medicationrequest-category)""",Binding requirement for US Core category slice to ensure consistent medication request categorization,Test,US Core MedicationRequest Profile implementers,SHALL,True,"Section 14.140, MedicationRequest.category:us-core binding"
REQ-1089,1089,MedicationRequest medication codes SHALL be taken from Medication Clinical Drug value set unless not suitable,"""Unless not suitable, these codes SHALL be taken from Medication Clinical Drug (extensible to http://cts.nlm.nih.gov/fhir/ValueSet/2.16.840.1.113762.1.4.1010.4)""",Binding requirement for medication field to standardize medication identification using clinical drug codes,Test,US Core MedicationRequest Profile implementers,SHALL,True,"Section 14.140, MedicationRequest.medication[x] binding"
REQ-1090,1090,MedicationRequest reasonCode SHALL be taken from US Core Condition Codes unless not suitable,"""Unless not suitable, these codes SHALL be taken from US Core Condition Codes (extensible to http://hl7.org/fhir/us/core/ValueSet/us-core-condition-code)""",Binding requirement for reason codes to use standardized condition codes when available,Test,US Core MedicationRequest Profile implementers,SHALL,True,"Section 14.140, MedicationRequest.reasonCode binding"
REQ-1091,1091,MedicationRequest dosageInstruction.route codes SHALL be taken from Route of Administration value set unless not suitable,"""Unless not suitable, these codes SHALL be taken from Route of Administration of Therapeutic Agents (extensible to http://cts.nlm.nih.gov/fhir/ValueSet/2.16.840.1.113762.1.4.1267.22)""",Binding requirement for route of administration to use standardized route codes,Test,US Core MedicationRequest Profile implementers,SHALL,True,"Section 14.140, MedicationRequest.dosageInstruction.route binding"
REQ-1092,1092,Applications processing MedicationRequest are required to check for modifier extensions,"""Applications processing a resource are required to check for modifier extensions. Modifier extensions SHALL NOT change the meaning of any elements on Resource or DomainResource (including cannot change the meaning of modifierExtension itself).""",Requirement for safe processing of modifier extensions to ensure semantic integrity,Test,Applications processing US Core MedicationRequest,SHALL,False,"Section 14.140, MedicationRequest.modifierExtension"
REQ-1093,1093,Applications processing dosageInstruction are required to check for modifier extensions,"""Applications processing a resource are required to check for modifier extensions. Modifier extensions SHALL NOT change the meaning of any elements on Resource or DomainResource (including cannot change the meaning of modifierExtension itself).""",Requirement for safe processing of modifier extensions within dosage instructions,Test,Applications processing US Core MedicationRequest dosageInstruction,SHALL,False,"Section 14.140, MedicationRequest.dosageInstruction.modifierExtension"
REQ-1094,1094,Applications processing dispenseRequest are required to check for modifier extensions,"""Applications processing a resource are required to check for modifier extensions. Modifier extensions SHALL NOT change the meaning of any elements on Resource or DomainResource (including cannot change the meaning of modifierExtension itself).""",Requirement for safe processing of modifier extensions within dispense request,Test,Applications processing US Core MedicationRequest dispenseRequest,SHALL,False,"Section 14.140, MedicationRequest.dispenseRequest.modifierExtension"
REQ-1095,1095,DocumentReference status SHALL be present and populated,"""Each DocumentReference Must Have: a status""",US Core DocumentReference Profile defines mandatory data elements that must always be present in DocumentReference resources for patient document metadata,Test,Server system,SHALL,False,Section 14.129.1 Mandatory and Must Support Data Elements
REQ-1096,1096,DocumentReference type code SHALL be present describing document type,"""Each DocumentReference Must Have: a code describing the type of document""",US Core DocumentReference Profile defines mandatory data elements that must always be present in DocumentReference resources for patient document metadata,Test,Server system,SHALL,False,Section 14.129.1 Mandatory and Must Support Data Elements
REQ-1097,1097,DocumentReference document category SHALL be present,"""Each DocumentReference Must Have: a document category""",US Core DocumentReference Profile defines mandatory data elements that must always be present in DocumentReference resources for patient document metadata,Test,Server system,SHALL,False,Section 14.129.1 Mandatory and Must Support Data Elements
REQ-1098,1098,DocumentReference patient reference SHALL be present,"""Each DocumentReference Must Have: a patient""",US Core DocumentReference Profile defines mandatory data elements that must always be present in DocumentReference resources for patient document metadata,Test,Server system,SHALL,False,Section 14.129.1 Mandatory and Must Support Data Elements
REQ-1099,1099,DocumentReference content SHALL be present with document referenced,"""Each DocumentReference Must Have: document referenced (content)""",US Core DocumentReference Profile defines mandatory data elements that must always be present in DocumentReference resources for patient document metadata,Test,Server system,SHALL,False,Section 14.129.1 Mandatory and Must Support Data Elements
REQ-1100,1100,DocumentReference MIME type SHALL be present for document content,"""Each DocumentReference Must Have: the MIME type (i.e., contentType) of the document""",US Core DocumentReference Profile defines mandatory data elements that must always be present in DocumentReference resources for patient document metadata,Test,Server system,SHALL,False,Section 14.129.1 Mandatory and Must Support Data Elements
REQ-1101,1101,DocumentReference type binding SHALL support minimum 10 Common Clinical Notes,"""The DocumentReference.type binding Must Support, at a minimum, the [10 Common Clinical Notes](ValueSet-us-core-clinical-note-type.html)""",US Core DocumentReference Profile implementation guidance specifying minimum required value set support for clinical note types,Test,Server system,SHALL,False,Section 14.129.1 Profile Specific Implementation Guidance
REQ-1102,1102,C-CDA Clinical Summary of Care document type SHALL use specific LOINC code,"""For a C-CDA Clinical Summary of Care (CCD): The document type code is the LOINC code [34133-9](http://s.details.loinc.org/LOINC/34133-9.html?sections=Comprehensive) *Summary of episode note*""",US Core DocumentReference Profile implementation guidance for specific document types requiring standardized coding,Test,Server system,SHALL,True,Section 14.129.1 Profile Specific Implementation Guidance
REQ-1103,1103,C-CDA Clinical Documents format code SHALL be specified value,"""For C-CDA Clinical Documents: The format code in DocumentReference.content.format is \""urn:hl7-org:sdwg:ccda-structuredBody:2.1\""""",US Core DocumentReference Profile implementation guidance for C-CDA document format identification,Test,Server system,SHALL,True,Section 14.129.1 Profile Specific Implementation Guidance
REQ-1104,1104,Server SHALL support at least one of URL or inline data for document content,"""Although both are marked as Must Support, the Server system is not required to support an address and inline base64 encoded data, but SHALL support at least one of these elements""",US Core DocumentReference Profile implementation guidance for document content representation flexibility while ensuring at least one method is available,Test,Server system,SHALL,False,Section 14.129.1 Profile Specific Implementation Guidance
REQ-1105,1105,Client application SHALL support both URL and inline data elements,"""The Client application SHALL support both elements""",US Core DocumentReference Profile implementation guidance ensuring client applications can handle both methods of document content representation,Test,Client application,SHALL,False,Section 14.129.1 Profile Specific Implementation Guidance
REQ-1106,1106,Multiple content elements SHALL represent same document in different formats,"""If there are multiple DocumentReference.content element repetitions, these SHALL all represent the same document in different formats or attachment metadata""",US Core DocumentReference Profile implementation guidance ensuring multiple content elements represent variations of the same document rather than different documents,Test,Server system,SHALL,True,Section 14.129.1 Profile Specific Implementation Guidance
REQ-1107,1107,Content element SHALL NOT contain different versions of same content,"""The content element SHALL NOT contain different versions of the same content""",US Core DocumentReference Profile implementation guidance preventing version confusion within a single DocumentReference resource,Test,Server system,SHALL NOT,True,Section 14.129.1 Profile Specific Implementation Guidance
REQ-1108,1108,Responsible Organization SHALL be present in custodian or Provenance,"""The organization responsible for the DocumentReference SHALL be present either in DocumentReference.custodian or accessible in the Provenance resource targeting the DocumentReference using Provenance.agent.who or Provenance.agent.onBehalfOf""",US Core DocumentReference Profile implementation guidance ensuring organizational responsibility and accountability for document references is clearly identified,Test,Server system,SHALL,False,Section 14.129.1 Profile Specific Implementation Guidance
REQ-1109,1109,DocumentReference content attachment url or data SHALL be present,"""DocumentReference.content.attachment.url or DocumentReference.content.attachment.data or both SHALL be present""",Constraint us-core-6 ensuring document content is accessible either through URL reference or inline data,Test,Server system,SHALL,False,Section 14.129.2.10 Constraints
REQ-1110,1110,Server SHALL support DocumentReference read by id,"""SHALL support both read DocumentReference by id AND DocumentReference search using the [_id](SearchParameter-us-core-documentreference-id.html) search parameter""",US Core DocumentReference Profile mandatory search parameters for basic document retrieval functionality,Test,Server system,SHALL,False,Section 14.129.3.2 Mandatory Search Parameters
REQ-1111,1111,Server SHALL support patient search parameter for DocumentReference,"""SHALL support searching for all documentreferences for a patient using the [patient](SearchParameter-us-core-documentreference-patient.html) search parameter""",US Core DocumentReference Profile mandatory search parameters for patient-specific document retrieval,Test,Server system,SHALL,False,Section 14.129.3.2 Mandatory Search Parameters
REQ-1112,1112,Server SHALL support patient and category combination search,"""SHALL support searching using the combination of the [patient](SearchParameter-us-core-documentreference-patient.html) and [category](SearchParameter-us-core-documentreference-category.html) search parameters""",US Core DocumentReference Profile mandatory search parameters for category-filtered document retrieval,Test,Server system,SHALL,False,Section 14.129.3.2 Mandatory Search Parameters
REQ-1113,1113,"Server SHALL support patient, category, and date combination search","""SHALL support searching using the combination of the [patient](SearchParameter-us-core-documentreference-patient.html) and [category](SearchParameter-us-core-documentreference-category.html) and [date](SearchParameter-us-core-documentreference-date.html) search parameters""",US Core DocumentReference Profile mandatory search parameters for date-filtered document retrieval with category,Test,Server system,SHALL,False,Section 14.129.3.2 Mandatory Search Parameters
REQ-1114,1114,Server SHALL support patient and type combination search,"""SHALL support searching using the combination of the [patient](SearchParameter-us-core-documentreference-patient.html) and [type](SearchParameter-us-core-documentreference-type.html) search parameters""",US Core DocumentReference Profile mandatory search parameters for document type-specific retrieval,Test,Server system,SHALL,False,Section 14.129.3.2 Mandatory Search Parameters
REQ-1115,1115,Server SHALL support DocumentReference POST for writing new notes,"""SHALL support writing a new note to a Patient's Chart: POST [base]/DocumentReference""",US Core DocumentReference Profile mandatory write capability for creating new clinical notes,Test,Server system,SHALL,False,Section 14.129.3.4 Mandatory Write Capability
REQ-1116,1116,Server SHALL support $docref operation for fetching documents,"""SHALL support fetching documents using the $docref operation""",US Core DocumentReference Profile mandatory operation for document generation and retrieval,Test,Server system,SHALL,False,Section 14.129.3.5 Mandatory Operation
REQ-1117,1117,Servers providing clinical note data access SHALL support resource level scopes,"""Servers providing access to clniical note data SHALL support these [US Core SMART Scopes](scopes.html#smart-scopes): [resource level scopes](http://hl7.org/fhir/smart-app-launch/STU2.2/scopes-and-launch-context.html#scopes-for-requesting-clinical-data): <patient user system>/DocumentReference.rs""",US Core DocumentReference Profile SMART scopes requirements for clinical note data access authorization,Test,Server system,SHALL,True,Section 14.129.3.1 US Core Scopes
REQ-1118,1118,Member ID or subscriber ID SHALL be present in Coverage resource,"""Member Id in Coverage.identifier or Coverage.subscriberId SHALL be present : identifier.type.coding.where(system='http://terminology.hl7.org/CodeSystem/v2-0203' and code='MB').exists() or subscriberId.exists()""",US Core constraint us-core-15 ensures that either a member identifier with proper coding or a subscriber ID is present in the Coverage resource,Test,Coverage resources,SHALL,False,Section 14.126.2.4 Constraints (us-core-15)
REQ-1119,1119,Servers SHALL support patient search parameter for Coverage resources,"""SHALL support searching for all coverages for a patient using the patient search parameter: GET [base]/Coverage?patient={Type/}[id]""",US Core Server implementations must provide search capability to retrieve all coverage information for a specific patient,Test,US Core Servers,SHALL,False,Section 14.126.3.2 Mandatory Search
REQ-1120,1120,whenHandedOver must be present when status is completed,"""whenHandedOver SHALL be present if the status is \""completed\"": status='completed' implies whenHandedOver.exists()""","US Core MedicationDispense Profile constraint us-core-20 - when a medication dispense has completed status, the whenHandedOver timestamp must be provided",Test,Systems creating/updating MedicationDispense resources,SHALL,True,Section 14.139.2.4 Constraints - us-core-20
REQ-1121,1121,Servers must support US Core MedicationDispense SMART scopes,"""Servers providing access to dispensed medication data SHALL support these [US Core SMART Scopes](scopes.html#smart-scopes): * [resource level scopes](http://hl7.org/fhir/smart-app-launch/STU2.2/scopes-and-launch-context.html#scopes-for-requesting-clinical-data): <patient user system>/MedicationDispense.rs""",US Core Scopes requirements for servers providing dispensed medication data access,Test,Servers providing access to dispensed medication data,SHALL,False,Section 14.139.3.1 US Core Scopes
REQ-1122,1122,Server must support patient search parameter for MedicationDispense,"""SHALL support searching using the [patient](SearchParameter-us-core-medicationdispense-patient.html) search parameter""",Mandatory search parameters for US Core MedicationDispense Profile - servers must support finding medication dispenses by patient,Test,Server,SHALL,False,Section 14.139.3.2 Mandatory Search Parameters
REQ-1123,1123,Server should support patient and status search parameter combination,"""SHOULD support searching using the combination of the [patient](SearchParameter-us-core-medicationdispense-patient.html) and [status](SearchParameter-us-core-medicationdispense-status.html) search parameters""",Optional search parameter combinations for US Core MedicationDispense Profile - servers should support finding medication dispenses by patient and dispense status,Test,Server,SHOULD,False,Section 14.139.3.3 Optional Search Parameters
REQ-1124,1124,"Server should support patient, status, and type search parameter combination","""SHOULD support searching using the combination of the [patient](SearchParameter-us-core-medicationdispense-patient.html) and [status](SearchParameter-us-core-medicationdispense-status.html) and [type](SearchParameter-us-core-medicationdispense-type.html) search parameters""","Optional search parameter combinations for US Core MedicationDispense Profile - servers should support finding medication dispenses by patient, status, and dispense type",Test,Server,SHOULD,False,Section 14.139.3.3 Optional Search Parameters
REQ-1125,1125,Code system value should be supplied for additional codes,"""A code system value SHOULD be supplied for each additional code.""",Profile-specific guidance for observations that may have additional codes that translate or map to the Observation code or category codes,Test,Systems implementing US Core Vital Signs Profile,SHOULD,True,Section 14.166.1 Profile Specific Implementation Guidance
REQ-1126,1126,Observation without value must include data absent reason,"""An Observation without a value, SHALL include a reason why the data is absent *unless* there are 1) component observations, or 2) reporting panel observations using Observation.hasMember.""",Profile-specific guidance for handling missing observation values in vital signs,Test,Systems implementing US Core Vital Signs Profile,SHALL,True,Section 14.166.1 Profile Specific Implementation Guidance
REQ-1127,1127,Component observation without value must include data absent reason,"""An Observation.component without a value, SHALL include a reason why the data is absent.""",Profile-specific guidance for handling missing component observation values in vital signs,Test,Systems implementing US Core Vital Signs Profile,SHALL,True,Section 14.166.1 Profile Specific Implementation Guidance
REQ-1128,1128,Fixed system value for vital signs category coding,"""system Fixed Value: http://terminology.hl7.org/CodeSystem/observation-category""",US Core Vital Signs Profile constrains the category coding system to a fixed value for vital signs observations,Test,Systems implementing US Core Vital Signs Profile,SHALL,False,Section 14.166.2 Formal Views - category:VSCat.coding.system
REQ-1129,1129,Fixed code value for vital signs category coding,"""code Fixed Value: vital-signs""",US Core Vital Signs Profile constrains the category coding code to a fixed value for vital signs observations,Test,Systems implementing US Core Vital Signs Profile,SHALL,False,Section 14.166.2 Formal Views - category:VSCat.coding.code
REQ-1130,1130,Observation data absent reason constraint,"""dataAbsentReason SHALL only be present if Observation.value[x] is not present""",FHIR constraint obs-6 ensuring dataAbsentReason is only used when observation value is missing,Test,Systems implementing US Core Vital Signs Profile,SHALL,True,Section 14.166.2.5 Constraints - obs-6
REQ-1131,1131,Observation code duplication constraint,"""If Observation.code is the same as an Observation.component.code then the value element associated with the code SHALL NOT be present""",FHIR constraint obs-7 preventing duplication of codes between main observation and components,Test,Systems implementing US Core Vital Signs Profile,SHALL NOT,True,Section 14.166.2.5 Constraints - obs-7
REQ-1132,1132,Effective date time precision requirement,"""if Observation.effective[x] is dateTime and has a value then that value shall be precise to the day""",FHIR constraint vs-1 ensuring adequate precision for vital signs timing,Test,Systems implementing US Core Vital Signs Profile,SHALL,True,Section 14.166.2.5 Constraints - vs-1
REQ-1133,1133,Value or data absent reason requirement,"""If there is no component or hasMember element then either a value[x] or a data absent reason must be present.""",FHIR constraint vs-2 ensuring observations have either a value or explanation for missing value,Test,Systems implementing US Core Vital Signs Profile,SHALL,True,Section 14.166.2.5 Constraints - vs-2
REQ-1134,1134,Component value or data absent reason requirement,"""If there is no a value a data absent reason must be present""",FHIR constraint vs-3 ensuring observation components have either a value or explanation for missing value,Test,Systems implementing US Core Vital Signs Profile,SHALL,True,Section 14.166.2.5 Constraints - vs-3
REQ-1135,1135,US Core SMART Scopes support requirement,"""Servers providing access to vital signs data SHALL support these [US Core SMART Scopes](scopes.html#smart-scopes)""",US Core server requirements for SMART on FHIR scope support for vital signs access,Test,Servers providing vital signs data access,SHALL,False,Section 14.166.3.1 US Core Scopes
REQ-1136,1136,Mandatory search by patient and category,"""SHALL support searching using the combination of the [patient](SearchParameter-us-core-observation-patient.html) and [category](SearchParameter-us-core-observation-category.html) search parameters""",US Core server capability requirements for vital signs observation search functionality,Test,US Core servers,SHALL,False,Section 14.166.3.2 Mandatory Search Parameters
REQ-1137,1137,Mandatory search by patient and code,"""SHALL support searching using the combination of the [patient](SearchParameter-us-core-observation-patient.html) and [code](SearchParameter-us-core-observation-code.html) search parameters""",US Core server capability requirements for vital signs observation search functionality,Test,US Core servers,SHALL,False,Section 14.166.3.2 Mandatory Search Parameters
REQ-1138,1138,"Mandatory search by patient, category and date","""SHALL support searching using the combination of the [patient](SearchParameter-us-core-observation-patient.html) and [category](SearchParameter-us-core-observation-category.html) and [date](SearchParameter-us-core-observation-date.html) search parameters""",US Core server capability requirements for vital signs observation search functionality,Test,US Core servers,SHALL,False,Section 14.166.3.2 Mandatory Search Parameters
REQ-1139,1139,Should support search by multiple codes,"""SHOULD support search by multiple codes""",Implementation guidance for patient and code search parameter combination to enhance search capabilities,Test,US Core servers,SHOULD,False,Section 14.166.3.2 Mandatory Search Parameters - Implementation Notes
REQ-1140,1140,Systems must support National Provider Identifier (NPI) for organizations,"""Systems SHALL support National Provider Identifier (NPI) for organizations""",The US Core Organization Profile requires systems to support NPI identifiers for organizations as part of the profile-specific implementation guidance.,Test,Systems implementing US Core Organization Profile,SHALL,False,Section 14.148.1 Profile Specific Implementation Guidance
REQ-1141,1141,Systems should support Clinical Laboratory Improvement Amendments (CLIA) for laboratories,"""SHOULD support Clinical Laboratory Improvement Amendments (CLIA) for laboratories""",The US Core Organization Profile recommends that systems support CLIA identifiers specifically for laboratory organizations.,Test,Systems implementing US Core Organization Profile,SHOULD,True,Section 14.148.1 Profile Specific Implementation Guidance
REQ-1142,1142,Systems should follow Project US@ Technical Specification for organization address formatting,"""Systems SHOULD follow the [Project US@ Technical Specification for Patient Addresses Final Version 1.0](https://asapnet.org/wp-content/uploads/2022/03/Project_US_FINAL_Technical_Specification_Version_1.0.pdf) as the standard style guide for Organization.address.line and Organization.address.city""",The US Core Organization Profile recommends following specific technical specifications for formatting organization address line and city fields.,Test,Systems implementing US Core Organization Profile,SHOULD,False,Section 14.148.1 Profile Specific Implementation Guidance
REQ-1143,1143,Organization must have at least a name or identifier,"""The organization SHALL at least have a name or an identifier, and possibly more than one""",FHIR constraint org-1 requires that organizations have at least one of either a name or an identifier to be valid.,Test,Organization resource instances,SHALL,False,Section 14.148.2.8 Constraints (org-1)
REQ-1144,1144,Organization address cannot use 'home' address type,"""An address of an organization can never be of use 'home'""","FHIR constraint org-2 prevents organizations from having addresses marked with 'home' use type, as this is inappropriate for organizational addresses.",Test,Organization.address elements,SHALL,False,Section 14.148.2.8 Constraints (org-2)
REQ-1145,1145,Organization telecom cannot use 'home' contact type,"""The telecom of an organization can never be of use 'home'""","FHIR constraint org-3 prevents organizations from having telecom contact points marked with 'home' use type, as this is inappropriate for organizational contact information.",Test,Organization.telecom elements,SHALL,False,Section 14.148.2.8 Constraints (org-3)
REQ-1146,1146,NPI must be exactly 10 digits,"""NPI must be 10 digits : value.matches('^[0-9]{10}$')""",US Core constraint us-core-16 enforces that National Provider Identifier values must contain exactly 10 numeric digits.,Test,Organization.identifier:NPI.value elements,SHALL,True,Section 14.148.2.8 Constraints (us-core-16)
REQ-1147,1147,NPI check digit must be valid using Luhn algorithm,"""NPI check digit must be valid (Luhn algorithm check)""",US Core constraint us-core-17 enforces that NPI values must pass Luhn algorithm validation to ensure the check digit is mathematically correct.,Test,Organization.identifier:NPI.value elements,SHALL,True,Section 14.148.2.8 Constraints (us-core-17)
REQ-1148,1148,CLIA number must be 10 digits with letter D in third position,"""CLIA number must be 10 digits with a letter \""D\"" in third position : value.matches('^[0-9]{2}D[0-9]{7}$')""",US Core constraint us-core-18 enforces the specific format for Clinical Laboratory Improvement Amendments identifiers.,Test,Organization.identifier:CLIA.value elements,SHALL,True,Section 14.148.2.8 Constraints (us-core-18)
REQ-1149,1149,NAIC must be exactly 5 digits,"""NAIC must be 5 digits : value.matches('^[0-9]{5}$')""",US Core constraint us-core-19 enforces that National Association of Insurance Commissioners codes must contain exactly 5 numeric digits.,Test,Organization.identifier:NAIC.value elements,SHALL,True,Section 14.148.2.8 Constraints (us-core-19)
REQ-1150,1150,Servers shall support US Core SMART Scopes for organization data,"""Servers providing access to organization data SHALL support these [US Core SMART Scopes](scopes.html#smart-scopes): * [resource level scopes](http://hl7.org/fhir/smart-app-launch/STU2.2/scopes-and-launch-context.html#scopes-for-requesting-clinical-data): <patient user system>/Organization.rs""",US Core servers must support specific SMART on FHIR scopes for accessing organization data.,Test,US Core servers,SHALL,False,Section 14.148.3.1 US Core Scopes
REQ-1151,1151,Server shall support searching by organization name,"""SHALL support searching by organization name using the [name](SearchParameter-us-core-organization-name.html) search parameter: GET [base]/Organization?name=[string]""",US Core servers must support searching for organizations by name using the specified search parameter.,Test,US Core servers,SHALL,False,Section 14.148.3.2 Mandatory Search Parameters
REQ-1152,1152,Server shall support searching by organization address,"""SHALL support searching organization based on text address using the [address](SearchParameter-us-core-organization-address.html) search parameter: GET [base]/Organization?address=[string]""",US Core servers must support searching for organizations by address text using the specified search parameter.,Test,US Core servers,SHALL,False,Section 14.148.3.2 Mandatory Search Parameters
REQ-1153,1153,Servers shall support US Core SMART Scopes for vital signs data,"""Servers providing access to vital signs data SHALL support these [US Core SMART Scopes](scopes.html#smart-scopes)""",Security and authorization requirements for servers implementing US Core BMI Profile.,Test,FHIR Server,SHALL,False,Section 14.117.3.1
REQ-1154,1154,Shall support search by patient and category parameters,"""SHALL support searching using the combination of the [patient](SearchParameter-us-core-observation-patient.html) and [category](SearchParameter-us-core-observation-category.html) search parameters""",Mandatory search parameter combinations that must be supported for BMI observations.,Test,FHIR Server,SHALL,False,Section 14.117.3.2
REQ-1155,1155,Shall support search by patient and code parameters,"""SHALL support searching using the combination of the [patient](SearchParameter-us-core-observation-patient.html) and [code](SearchParameter-us-core-observation-code.html) search parameters""",Mandatory search parameter combinations that must be supported for BMI observations.,Test,FHIR Server,SHALL,False,Section 14.117.3.2
REQ-1156,1156,"Shall support search by patient, category and date parameters","""SHALL support searching using the combination of the [patient](SearchParameter-us-core-observation-patient.html) and [category](SearchParameter-us-core-observation-category.html) and [date](SearchParameter-us-core-observation-date.html) search parameters""",Mandatory search parameter combinations that must be supported for BMI observations with date filtering.,Test,FHIR Server,SHALL,False,Section 14.117.3.2
REQ-1157,1157,Should support search by multiple codes,"""SHOULD support search by multiple codes.""",Optional search functionality for improved interoperability when searching by observation codes.,Test,FHIR Server,SHOULD,False,Section 14.117.3.2
REQ-1158,1158,Should support search parameter combinations for status,"""SHOULD support searching using the combination of the [patient](SearchParameter-us-core-observation-patient.html) and [category](SearchParameter-us-core-observation-category.html) and [status](SearchParameter-us-core-observation-status.html) search parameters""",Optional search parameter combinations for enhanced query capabilities.,Test,FHIR Server,SHOULD,False,Section 14.117.3.3
REQ-1159,1159,Should support search parameter combinations for lastUpdated,"""SHOULD support searching using the combination of the [patient](SearchParameter-us-core-observation-patient.html) and [category](SearchParameter-us-core-observation-category.html) and [_lastUpdated](SearchParameter-us-core-observation-lastupdated.html) search parameters""",Optional search parameter combinations for tracking resource updates.,Test,FHIR Server,SHOULD,False,Section 14.117.3.3
REQ-1160,1160,Should support search parameter combinations for code and date,"""SHOULD support searching using the combination of the [patient](SearchParameter-us-core-observation-patient.html) and [code](SearchParameter-us-core-observation-code.html) and [date](SearchParameter-us-core-observation-date.html) search parameters""",Optional search parameter combinations for enhanced temporal queries by observation code.,Test,FHIR Server,SHOULD,False,Section 14.117.3.3
REQ-1161,1161,Server must support vital signs scopes for heart rate data access,"""Servers providing access to vital signs data SHALL support these US Core SMART Scopes: resource level scopes: <patient user system>/Observation.rs, granular scopes: <patient user system>/Observation.rs?category=http://terminology.hl7.org/CodeSystem/observation-category vital-signs""",SMART on FHIR authorization scopes required for accessing heart rate vital signs data through the API.,Test,FHIR Server,SHALL,False,Section 14.133.3.1 - US Core Scopes
REQ-1162,1162,Server must support search by patient and category parameters,"""SHALL support searching using the combination of the patient and category search parameters: GET [base]/Observation?patient={Type/}[id]&category=http://terminology.hl7.org/CodeSystem/observation-category vital-signs""",Mandatory search capability to retrieve all vital signs observations for a specific patient.,Test,FHIR Server,SHALL,False,Section 14.133.3.2 - Mandatory Search Parameters
REQ-1163,1163,Server must support search by patient and code parameters,"""SHALL support searching using the combination of the patient and code search parameters: including optional support for *OR* search on code (e.g.code={system }[code],{system }[code],.]) GET [base]/Observation?patient={Type/}[id]&code={system }[code]{,{system }[code],.}""","Mandatory search capability to retrieve observations by specific codes for a patient, with optional multiple code search support.",Test,FHIR Server,SHALL,False,Section 14.133.3.2 - Mandatory Search Parameters
REQ-1164,1164,"Server must support search by patient, category, and date parameters","""SHALL support searching using the combination of the patient and category and date search parameters: including support for these date comparators: gt,lt,ge,le, including optional support for *AND* search on date""",Mandatory search capability to retrieve vital signs observations for a patient within specified date ranges.,Test,FHIR Server,SHALL,False,Section 14.133.3.2 - Mandatory Search Parameters
REQ-1165,1165,"Server should support search by patient, category, and status parameters","""SHOULD support searching using the combination of the patient and category and status search parameters: including support for *OR* search on status""","Optional but recommended search capability to filter vital signs observations by their status (e.g., final, preliminary).",Test,FHIR Server,SHOULD,True,Section 14.133.3.3 - Optional Search Parameters
REQ-1166,1166,"Server should support search by patient, category, and lastUpdated parameters","""SHOULD support searching using the combination of the patient and category and _lastUpdated search parameters: including support for these _lastUpdated comparators: gt,lt,ge,le""",Optional but recommended search capability to retrieve vital signs observations based on when they were last modified.,Test,FHIR Server,SHOULD,True,Section 14.133.3.3 - Optional Search Parameters
REQ-1167,1167,"Server should support search by patient, code, and date parameters","""SHOULD support searching using the combination of the patient and code and date search parameters: including optional support for *OR* search on code, including support for these date comparators: gt,lt,ge,le""",Optional but recommended search capability to retrieve observations by specific codes and date ranges for enhanced query flexibility.,Test,FHIR Server,SHOULD,True,Section 14.133.3.3 - Optional Search Parameters
REQ-1168,1168,Profile SHALL be present in resource and constrain element usage,"""This profile specifies which core elements, extensions, vocabularies, and value sets SHALL be present in the resource and constrains how the elements are used.""",Profile specification defining mandatory requirements for conformant implementations,Test,Profile implementers,SHALL,False,Section 14.146
REQ-1169,1169,LOINC code SHALL be present if available,"""a [LOINC](http://loinc.org) code, if available, which tells you the survey question""",Mandatory data element requirement for survey question identification,Test,Data providers,SHALL,True,Section 14.146.1
REQ-1170,1170,UCUM SHALL be required for coded quantity units,"""if the result value is a numeric quantity and coded quantity units are used, [UCUM](http://unitsofmeasure.org) is required.""",Must Support requirement for standardized unit coding,Test,Data providers,SHALL,True,Section 14.146.1
REQ-1171,1171,Multi-question surveys value element SHOULD be empty,"""The multi-question surveys or assessments Observation.code is an overarching assessment or screening code, and the Observation.value element SHOULD be empty.""",Implementation guidance for representing panel observations,Test,Data providers,SHOULD,True,Section 14.146
REQ-1172,1172,Certifying Systems SHALL support US Core Screening Assessment Observation Category codes,"""at a minimum, Certifying Systems SHALL support, the [US Core Screening Assessment Observation Category](ValueSet-us-core-screening-assessment-observation-category.html) codes""",Minimum category code support requirement for certification,Test,Certifying Systems,SHALL,False,Section 14.146
REQ-1173,1173,Systems SHOULD support US Core Screening Assessment Observation Maximum Category codes,"""SHOULD support the other [US Core Screening Assessment Observation Maximum Category](ValueSet-us-core-screening-assessment-observation-maximum-category.html) codes""",Extended category code support recommendation,Test,Systems,SHOULD,False,Section 14.146
REQ-1174,1174,Servers SHALL support at least one performer target profile,"""Servers are not required to support both, but SHALL support at least one""",Server capability requirement for performer reference support,Test,Servers,SHALL,False,Section 14.146
REQ-1175,1175,Clients SHALL support both performer target profiles,"""Clients SHALL support both""",Client capability requirement for performer reference support,Test,Clients,SHALL,False,Section 14.146
REQ-1176,1176,Servers SHALL support at least one derivedFrom target profile,"""Servers are not required to support both, but SHALL support at least one""",Server capability requirement for derivedFrom reference support,Test,Servers,SHALL,False,Section 14.146
REQ-1177,1177,Client applications SHALL support both derivedFrom target profiles,"""The Client application SHALL support both""",Client capability requirement for derivedFrom reference support,Test,Client applications,SHALL,False,Section 14.146
REQ-1178,1178,Servers providing assessment data SHALL support US Core SMART Scopes,"""Servers providing access to assessment data SHALL support these [US Core SMART Scopes](scopes.html#smart-scopes)""",Authorization scope support requirement for assessment data access,Test,Servers providing assessment data,SHALL,False,Section 14.146.3.1
REQ-1179,1179,SHALL support patient and category search parameter combination,"""SHALL support searching using the combination of the [patient](SearchParameter-us-core-observation-patient.html) and [category](SearchParameter-us-core-observation-category.html) search parameters""",Mandatory search capability for patient and category filtering,Test,Servers,SHALL,False,Section 14.146.3.2
REQ-1180,1180,"SHOULD support patient, category and _lastUpdated search parameter combination","""SHOULD support searching using the combination of the [patient](SearchParameter-us-core-observation-patient.html) and [category](SearchParameter-us-core-observation-category.html) and [_lastUpdated](SearchParameter-us-core-observation-lastupdated.html) search parameters""",Recommended search capability for update timestamp filtering,Test,Servers,SHOULD,False,Section 14.146.3.3
REQ-1181,1181,"SHOULD support patient, code and date search parameter combination","""SHOULD support searching using the combination of the [patient](SearchParameter-us-core-observation-patient.html) and [code](SearchParameter-us-core-observation-code.html) and [date](SearchParameter-us-core-observation-date.html) search parameters""",Recommended search capability for code and temporal filtering,Test,Servers,SHOULD,False,Section 14.146.3.3
REQ-1182,1182,Laboratory observation must have category code of 'laboratory',"""Each Observation Must Have: 1. a category code of 'laboratory'""",US Core Laboratory Result Observation Profile requirements for mandatory data elements that must always be present in laboratory observations,Test,Systems implementing US Core Laboratory Result Observation Profile,SHALL,False,Section 14.136.1 Mandatory and Must Support Data Elements
REQ-1183,1183,Laboratory observation must have a LOINC code if available,"""Each Observation Must Have: 2. a laboratory [LOINC](http://loinc.org) code, if available, which tells you what is being measured""",US Core Laboratory Result Observation Profile requirements for mandatory data elements specifying the type of laboratory test being performed,Test,Systems implementing US Core Laboratory Result Observation Profile,SHALL,True,Section 14.136.1 Mandatory and Must Support Data Elements
REQ-1184,1184,Systems shall use UCUM for coded quantity units,"""SHALL use UCUM for coded quantity units. : ofType(Quantity).system.empty() or ofType(Quantity).system = 'http://unitsofmeasure.org'""",US Core constraint us-core-3 for Observation.value[x] to ensure standardized unit representation for numeric laboratory values,Test,Systems implementing US Core Laboratory Result Observation Profile,SHALL,True,Section 14.136.2.4 Constraints
REQ-1185,1185,Systems should use SNOMED CT for coded results,"""SHOULD use Snomed CT for coded Results : ofType(CodeableConcept).coding.system.empty() or (ofType(CodeableConcept).coding.system contains 'http://snomed.info/sct')""",US Core constraint us-core-4 for Observation.value[x] to encourage standardized terminology for coded laboratory results,Test,Systems implementing US Core Laboratory Result Observation Profile,SHOULD,True,Section 14.136.2.4 Constraints
REQ-1186,1186,Reference range shall use UCUM for coded quantity units,"""SHALL use UCUM for coded quantity units. : (low.system.empty() or low.system = 'http://unitsofmeasure.org') and (high.system.empty() or high.system = 'http://unitsofmeasure.org')""",US Core constraint us-core-22 for Observation.referenceRange to ensure standardized units in reference ranges,Test,Systems implementing US Core Laboratory Result Observation Profile,SHALL,True,Section 14.136.2.4 Constraints
REQ-1187,1187,Systems should support Observation.effectivePeriod for measurements over time,"""Systems SHOULD support Observation.effectivePeriod to accurately represent measurements over time (for example, a 24-Hour Urine Collection test)""",US Core implementation guidance for supporting time-based laboratory measurements that occur over a period,Test,Systems implementing US Core Laboratory Result Observation Profile,SHOULD,False,Section 14.136.1 Profile Specific Implementation Guidance
REQ-1188,1188,Specimen element should be populated even when implied by LOINC code,"""Even when the specimen type is already implied by the LOINC code used in Observation.code (e.g., a LOINC code for Blood Glucose), the Observation.specimen element SHOULD also be populated with the referenced Specimen resource to explicitly communicate the collected specimen type""",US Core implementation guidance for explicit specimen documentation to enhance clinical clarity,Test,Systems implementing US Core Laboratory Result Observation Profile,SHOULD,False,Section 14.136.1 Profile Specific Implementation Guidance
REQ-1189,1189,Servers providing laboratory data shall support US Core SMART Scopes,"""Servers providing access to laboratory data SHALL support these [US Core SMART Scopes](scopes.html#smart-scopes)""",US Core security requirement for SMART on FHIR authorization scopes for laboratory data access,Test,Servers providing laboratory data access,SHALL,False,Section 14.136.3.1 US Core Scopes
REQ-1190,1190,Core elements presence requirement for pediatric BMI observations,"""This profile sets minimum expectations for the Observation resource to record, search, and fetch pediatric body mass index (BMI) percentile per age and sex for youth 2-20 observations in FHIR using a standard LOINC code and UCUM units of measure. It specifies which *additional* core elements, extensions, vocabularies, and value sets SHALL be present in the resource and constrains how the elements are used.""",Defines the mandatory elements that must be present in pediatric BMI observation resources for youth aged 2-20,Test,Systems implementing the US Core Pediatric BMI for Age Observation Profile,SHALL,False,Section 14.150 Resource Profile
REQ-1191,1191,Fixed code requirement for pediatric BMI measurement,"""Each Observation Must Have: a fixed code for pediatric BMI per age and sex measurement""",Ensures consistent coding across pediatric BMI observations using LOINC code 59576-9,Test,Systems creating pediatric BMI observations,Must Have,False,Section 14.150.1 Mandatory and Must Support Data Elements
REQ-1192,1192,Code system value provision recommendation,"""A code system value SHOULD be supplied for each additional code.""","When providing additional codes beyond the required LOINC code, implementers should include the code system",Test,Systems providing additional observation codes,SHOULD,True,Section 14.150.1 Profile Specific Implementation Guidance
REQ-1193,1193,Component data absent reason requirement,"""An Observation.component without a value, SHALL include a reason why the data is absent.""",Ensures that component observations without values include proper documentation of why the data is missing,Test,Systems creating component observations without values,SHALL,True,Section 14.150.1 Profile Specific Implementation Guidance
REQ-1194,1194,Growth chart information provision recommendation,"""Information about the growth chart tables used to determine percentiles SHOULD be supplied in Observation.note.text (for example, 'CDC Males, 2-20 years Chart').""",Provides traceability and clinical context for how the BMI percentiles were calculated,Test,Systems providing pediatric BMI percentile observations,SHOULD,False,Section 14.150.1 Profile Specific Implementation Guidance
REQ-1195,1195,Patient and category search parameter support requirement,"""SHALL support searching using the combination of the [patient](SearchParameter-us-core-observation-patient.html) and [category](SearchParameter-us-core-observation-category.html) search parameters""",Mandatory search capability to find vital sign observations for a specific patient,Test,Servers supporting US Core interactions,SHALL,False,Section 14.150.3.2 Mandatory Search Parameters
REQ-1196,1196,Patient and code search parameter support requirement,"""SHALL support searching using the combination of the [patient](SearchParameter-us-core-observation-patient.html) and [code](SearchParameter-us-core-observation-code.html) search parameters""",Mandatory search capability to find observations by patient and specific observation codes,Test,Servers supporting US Core interactions,SHALL,False,Section 14.150.3.2 Mandatory Search Parameters
REQ-1197,1197,"Patient, category, and date search parameter support requirement","""SHALL support searching using the combination of the [patient](SearchParameter-us-core-observation-patient.html) and [category](SearchParameter-us-core-observation-category.html) and [date](SearchParameter-us-core-observation-date.html) search parameters""",Mandatory search capability to find vital sign observations for a patient within specific date ranges,Test,Servers supporting US Core interactions,SHALL,False,Section 14.150.3.2 Mandatory Search Parameters
REQ-1198,1198,Date comparator support requirement,"""including support for these date comparators: gt,lt,ge,le""","Servers must support greater than, less than, greater than or equal, and less than or equal comparators for date searches",Test,Servers supporting date-based searches,SHALL,False,Section 14.150.3.2 Mandatory Search Parameters
REQ-1199,1199,US Core SMART Scopes support requirement,"""Servers providing access to vital signs data SHALL support these [US Core SMART Scopes](scopes.html#smart-scopes)""",Security and access control requirement for servers providing vital signs data access,Test,Servers providing access to vital signs data,SHALL,False,Section 14.150.3.1 US Core Scopes
REQ-1200,1200,Multiple code search support recommendation,"""SHOULD support search by multiple codes.""",Recommended capability to search for observations using multiple code values in a single request,Test,Servers implementing observation search,SHOULD,False,Section 14.150.3.2 Mandatory Search Parameters (Implementation Notes)
REQ-1201,1201,Observation code must use LOINC code 9279-1 for respiratory rate,"""Observation.code: Required Pattern: At least the following - coding with system=http://loinc.org and code=9279-1""",US Core Respiratory Rate Profile requires a specific LOINC code to identify respiratory rate observations for standardized interoperability,Test,FHIR Implementation,SHALL,False,Section 14.160.2 Formal Views - Key Elements Table
REQ-1202,1202,Category must include vital-signs classification,"""category:VSCat with coding.system=http://terminology.hl7.org/CodeSystem/observation-category and coding.code=vital-signs""",US Core Respiratory Rate Profile requires proper categorization as a vital sign for clinical data organization,Test,FHIR Implementation,SHALL,False,Section 14.160.2 Formal Views - Key Elements Table
REQ-1203,1203,Value quantity must use /min UCUM unit code,"""valueQuantity.code: Coded responses from the common UCUM units for vital signs value set. Fixed Value: /min""",US Core Respiratory Rate Profile requires standardized units of measure for respiratory rate values,Test,FHIR Implementation,SHALL,False,Section 14.160.2 Formal Views - Key Elements Table
REQ-1204,1204,Value quantity system must use UCUM,"""valueQuantity.system: System that defines coded unit form Fixed Value: http://unitsofmeasure.org""",US Core Respiratory Rate Profile requires UCUM system for standardized unit definitions,Test,FHIR Implementation,SHALL,False,Section 14.160.2 Formal Views - Key Elements Table
REQ-1205,1205,Observation without value must include data absent reason,"""An Observation without a value, SHALL include a reason why the data is absent *unless* there are 1) component observations, or 2) reporting panel observations using Observation.hasMember""",Profile-specific implementation guidance for handling missing observation values,Test,FHIR Implementation,SHALL,True,Section 14.160.1 Profile Specific Implementation Guidance
REQ-1206,1206,Observation code must use LOINC system with fixed value 77606-2,"""The observations must have a fixed code for pediatric weight for height and age measurement [using LOINC system http://loinc.org with code 77606-2]""",US Core Pediatric Weight for Height Observation Profile requires specific LOINC coding to ensure standardized identification of pediatric weight-for-height measurements,Test,System implementing US Core Pediatric Weight for Height Observation Profile,SHALL,False,Section 14.152.1 Mandatory and Must Support Data Elements
REQ-1207,1207,Observation must reference a patient,"""Each Observation Must Have: a patient""",US Core Pediatric Weight for Height Observation Profile mandatory data elements requiring patient association,Test,System implementing US Core Pediatric Weight for Height Observation Profile,SHALL,False,Section 14.152.1 Mandatory and Must Support Data Elements
REQ-1208,1208,Observation must support result value when present,"""Each Observation Must Support: a result value""",US Core Pediatric Weight for Height Observation Profile must support requirements for vital signs values,Test,System implementing US Core Pediatric Weight for Height Observation Profile,SHALL,True,Section 14.152.1 Mandatory and Must Support Data Elements
REQ-1209,1209,Code system value should be supplied for additional codes,"""A code system value SHOULD be supplied for each additional code.""",Profile specific implementation guidance for observations that may have additional codes beyond the required LOINC code,Test,System implementing US Core Pediatric Weight for Height Observation Profile,SHOULD,True,Section 14.152.1 Profile Specific Implementation Guidance
REQ-1210,1210,Growth chart information should be supplied in observation notes,"""Information about the growth chart tables used to determine percentiles SHOULD be supplied in Observation.note.text (for example, 'WHO Males, 0-2 years Chart').""",Implementation guidance to provide context about which growth charts were used for pediatric weight-for-height percentile calculations,Test,System implementing US Core Pediatric Weight for Height Observation Profile,SHOULD,False,Section 14.152.1 Profile Specific Implementation Guidance
REQ-1211,1211,Additional codes MAY be included in observations,"""The observations MAY have additional codes that translate or map to the Observation code or category codes.""",Profile allows for additional local or more specific codes beyond the required LOINC code for body weight,Test,System implementing US Core Body Weight Profile,MAY,False,Section 14.120.1
REQ-1212,1212,Observations MAY have component observations,"""The observations MAY have component observations.""",Body weight observations can include component observations for additional qualifying information,Test,System implementing US Core Body Weight Profile,MAY,False,Section 14.120.1
REQ-1213,1213,dataAbsentReason SHALL only be present if value is not present,"""dataAbsentReason SHALL only be present if Observation.value[x] is not present : dataAbsentReason.empty() or value.empty()""",Constraint ensuring data absent reason is only used when observation value is actually missing,Test,System implementing US Core Body Weight Profile,SHALL,False,Section 14.120.2.5
REQ-1214,1214,Component value and data absent reason constraint,"""If there is no a value a data absent reason must be present : value.exists() or dataAbsentReason.exists()""",Constraint ensuring component observations have either a value or reason for missing data,Test,System implementing US Core Body Weight Profile,SHALL,False,Section 14.120.2.5
REQ-1215,1215,Fixed LOINC code requirement,"""Fixed Value: 29463-7"" for the code element with system ""Fixed Value: http://loinc.org""",Body weight observations must use the specific LOINC code 29463-7 from the LOINC system,Test,System implementing US Core Body Weight Profile,SHALL,False,Section 14.120.2
REQ-1216,1216,Fixed category system requirement,"""Fixed Value: http://terminology.hl7.org/CodeSystem/observation-category"" for category system and ""Fixed Value: vital-signs"" for category code",Body weight observations must be categorized as vital signs using the specified system and code,Test,System implementing US Core Body Weight Profile,SHALL,False,Section 14.120.2
REQ-1217,1217,Fixed units system requirement,"""Fixed Value: http://unitsofmeasure.org"" for the valueQuantity system",Body weight measurements must use UCUM units of measure system,Test,System implementing US Core Body Weight Profile,SHALL,False,Section 14.120.2
REQ-1218,1218,Body height observations must have a patient reference,"""Each Observation Must Have: 1. a patient""",US Core Body Height Profile mandatory data elements that must always be present in body height observations,Test,System implementing US Core Body Height Profile,SHALL,False,Section 14.118.1 Mandatory and Must Support Data Elements
REQ-1219,1219,Body height observations must have a fixed code for body height,"""Each Observation Must Have: 2. a fixed code for body height""",US Core Body Height Profile mandatory data elements that must always be present in body height observations,Test,System implementing US Core Body Height Profile,SHALL,False,Section 14.118.1 Mandatory and Must Support Data Elements
REQ-1220,1220,Body height observations must support a result value,"""Each Observation Must Support: 1. a result value""",US Core Body Height Profile data elements that must be supported if the data is present in the sending system,Test,System implementing US Core Body Height Profile,SHALL,True,Section 14.118.1 Mandatory and Must Support Data Elements
REQ-1221,1221,Observations may have additional codes that translate or map to the observation code or category codes,"""The observations MAY have additional codes that translate or map to the Observation code or category codes.""",Profile specific implementation guidance allowing for additional local or more specific codes beyond the required body height code,Test,System implementing US Core Body Height Profile,MAY,False,Section 14.118.1 Profile Specific Implementation Guidance
REQ-1222,1222,Code system value should be supplied for each additional code,"""A code system value SHOULD be supplied for each additional code.""",When providing additional codes that translate or map to the observation code or category codes,Test,System implementing US Core Body Height Profile,SHOULD,True,Section 14.118.1 Profile Specific Implementation Guidance
REQ-1223,1223,Observations may have component observations,"""The observations MAY have [component](http://hl7.org/fhir/R4/observation.html#gr-comp) observations.""",Profile specific implementation guidance allowing for component observations to qualify the vital sign observation,Test,System implementing US Core Body Height Profile,MAY,False,Section 14.118.1 Profile Specific Implementation Guidance
REQ-1224,1224,Observation without a value shall include a reason why the data is absent unless there are component observations or reporting panel observations,"""An Observation without a value, SHALL include a reason why the data is absent *unless* there are 1) component observations, or 2) reporting panel observations using Observation.hasMember.""","Requirements for handling missing observation values, with exceptions for specific observation structures",Test,System implementing US Core Body Height Profile,SHALL,True,Section 14.118.1 Profile Specific Implementation Guidance
REQ-1225,1225,Observation component without a value shall include a reason why the data is absent,"""An Observation.component without a value, SHALL include a reason why the data is absent.""",Requirements for handling missing component observation values,Test,System implementing US Core Body Height Profile,SHALL,True,Section 14.118.1 Profile Specific Implementation Guidance
REQ-1226,1226,Servers providing access to vital signs data shall support US Core SMART Scopes,"""Servers providing access to vital signs data SHALL support these [US Core SMART Scopes](scopes.html#smart-scopes)""",Security and authorization requirements for servers implementing the US Core Body Height Profile,Test,Server implementing US Core Body Height Profile,SHALL,False,Section 14.118.3.1 US Core Scopes
REQ-1227,1227,Servers shall support searching using patient and category search parameters,"""SHALL support searching using the combination of the [patient](SearchParameter-us-core-observation-patient.html) and [category](SearchParameter-us-core-observation-category.html) search parameters""",Mandatory search capability requirements for body height observations,Test,Server implementing US Core Body Height Profile,SHALL,False,Section 14.118.3.2 Mandatory Search Parameters
REQ-1228,1228,Servers shall support searching using patient and code search parameters,"""SHALL support searching using the combination of the [patient](SearchParameter-us-core-observation-patient.html) and [code](SearchParameter-us-core-observation-code.html) search parameters""",Mandatory search capability requirements for body height observations by observation code,Test,Server implementing US Core Body Height Profile,SHALL,False,Section 14.118.3.2 Mandatory Search Parameters
REQ-1229,1229,Servers should support search by multiple codes,"""SHOULD support search by multiple codes.""",Enhanced search capability for searching observations by multiple observation codes simultaneously,Test,Server implementing US Core Body Height Profile,SHOULD,False,Section 14.118.3.2 Mandatory Search Parameters
REQ-1230,1230,"Servers shall support searching using patient, category, and date search parameters","""SHALL support searching using the combination of the [patient](SearchParameter-us-core-observation-patient.html) and [category](SearchParameter-us-core-observation-category.html) and [date](SearchParameter-us-core-observation-date.html) search parameters""",Mandatory search capability requirements for body height observations with date filtering,Test,Server implementing US Core Body Height Profile,SHALL,False,Section 14.118.3.2 Mandatory Search Parameters
REQ-1231,1231,"Servers should support searching using patient, category, and status search parameters","""SHOULD support searching using the combination of the [patient](SearchParameter-us-core-observation-patient.html) and [category](SearchParameter-us-core-observation-category.html) and [status](SearchParameter-us-core-observation-status.html) search parameters""",Optional but recommended search capability for filtering body height observations by status,Test,Server implementing US Core Body Height Profile,SHOULD,False,Section 14.118.3.3 Optional Search Parameters
REQ-1232,1232,"Servers should support searching using patient, category, and lastUpdated search parameters","""SHOULD support searching using the combination of the [patient](SearchParameter-us-core-observation-patient.html) and [category](SearchParameter-us-core-observation-category.html) and [_lastUpdated](SearchParameter-us-core-observation-lastupdated.html) search parameters""",Optional but recommended search capability for filtering body height observations by last updated timestamp,Test,Server implementing US Core Body Height Profile,SHOULD,False,Section 14.118.3.3 Optional Search Parameters
REQ-1233,1233,"Servers should support searching using patient, code, and date search parameters","""SHOULD support searching using the combination of the [patient](SearchParameter-us-core-observation-patient.html) and [code](SearchParameter-us-core-observation-code.html) and [date](SearchParameter-us-core-observation-date.html) search parameters""",Optional but recommended search capability for filtering body height observations by code and date,Test,Server implementing US Core Body Height Profile,SHOULD,False,Section 14.118.3.3 Optional Search Parameters
REQ-1234,1234,Observation without value SHALL include reason for data absence,"""An Observation without a value, SHALL include a reason why the data is absent *unless* there are 1) component observations, or 2) reporting panel observations using Observation.hasMember""",Profile-specific implementation guidance specifying when dataAbsentReason is required for observations that do not contain a measured value,Test,System implementing US Core Body Temperature Profile,SHALL,True,Section 14.119.1 Profile Specific Implementation Guidance
REQ-1235,1235,Component observation without value SHALL include reason for data absence,"""An Observation.component without a value, SHALL include a reason why the data is absent""",Profile-specific implementation guidance specifying when dataAbsentReason is required for component observations that do not contain a measured value,Test,System implementing US Core Body Temperature Profile,SHALL,True,Section 14.119.1 Profile Specific Implementation Guidance
REQ-1236,1236,System SHALL use fixed LOINC code 8310-5 for body temperature observations,"""Fixed Value: 8310-5""",Formal profile definition specifying the exact LOINC code that must be used to identify body temperature observations,Test,System implementing US Core Body Temperature Profile,SHALL,False,Section 14.119.2 Key Elements Table - Observation.code
REQ-1237,1237,System SHALL use LOINC code system for body temperature observations,"""Fixed Value: http://loinc.org""",Formal profile definition specifying that the LOINC terminology system must be used for the body temperature code,Test,System implementing US Core Body Temperature Profile,SHALL,False,Section 14.119.2 Key Elements Table - Observation.code.coding.system
REQ-1238,1238,Servers providing vital signs data SHALL support US Core SMART Scopes,"""Servers providing access to vital signs data SHALL support these [US Core SMART Scopes]""",Security and authorization requirements for servers implementing the US Core Body Temperature Profile,Test,Server implementing US Core Body Temperature Profile,SHALL,False,Section 14.119.3.1 US Core Scopes
REQ-1239,1239,Server SHALL support patient and category search parameters,"""SHALL support searching using the combination of the [patient] and [category] search parameters""",Mandatory search capabilities that servers must implement to support querying body temperature observations by patient and vital signs category,Test,Server implementing US Core Body Temperature Profile,SHALL,False,Section 14.119.3.2 Mandatory Search Parameters
REQ-1240,1240,Server SHALL support patient and code search parameters,"""SHALL support searching using the combination of the [patient] and [code] search parameters""",Mandatory search capabilities that servers must implement to support querying body temperature observations by patient and specific observation,,,,,
REQ-1241,1241,Industry component code shall be LOINC 86188-0,"""Symbol in syntax defined by the system Fixed Value: 86188-0""",Fixed LOINC code requirement for industry component,Test,Implementer,SHALL,True,Section 14.143.2 - Formal Views of Profile Content
REQ-1242,1242,DataAbsentReason shall only be present if value is not present,"""dataAbsentReason SHALL only be present if Observation.value[x] is not present : dataAbsentReason.empty() or value.empty()""",Constraint obs-6 ensuring dataAbsentReason and value are mutually exclusive,Test,Implementer,SHALL,False,Section 14.143.2.2 - Constraints
REQ-1243,1243,Observation code and component code value element exclusion,"""If Observation.code is the same as an Observation.component.code then the value element associated with the code SHALL NOT be present : value.empty() or component.code.where(coding.intersect(%resource.code.coding).exists()).empty()""",Constraint obs-7 preventing duplicate coding between main observation and component,Test,Implementer,SHALL,False,Section 14.143.2.2 - Constraints
REQ-1244,1244,Contained resources shall not contain nested resources,"""If the resource is contained in another resource, it SHALL NOT contain nested Resources : contained.contained.empty()""",Domain constraint dom-2 preventing nested contained resources,Test,Implementer,SHALL,True,Section 14.143.2.2 - Constraints
REQ-1245,1245,Contained resources shall be referenced or refer to container,"""If the resource is contained in another resource, it SHALL be referred to from elsewhere in the resource or SHALL refer to the containing resource""",Domain constraint dom-3 ensuring contained resource references are valid,Test,Implementer,SHALL,True,Section 14.143.2.2 - Constraints
REQ-1246,1246,Contained resources shall not have meta versionId or lastUpdated,"""If a resource is contained in another resource, it SHALL NOT have a meta.versionId or a meta.lastUpdated : contained.meta.versionId.empty() and contained.meta.lastUpdated.empty()""",Domain constraint dom-4 restricting meta elements in contained resources,Test,Implementer,SHALL,True,Section 14.143.2.2 - Constraints
REQ-1247,1247,Contained resources shall not have security labels,"""If a resource is contained in another resource, it SHALL NOT have a security label : contained.meta.security.empty()""",Domain constraint dom-5 restricting security labels in contained resources,Test,Implementer,SHALL,True,Section 14.143.2.2 - Constraints
REQ-1248,1248,Server shall support US Core SMART Scopes for social history data access,"""Servers providing access to social history data SHALL support these [US Core SMART Scopes]: resource level scopes: <patient user system>/Observation.rs""",SMART scope support requirement for servers providing social history observation access,Test,Server,SHALL,False,Section 14.143.3.1 - US Core Scopes
REQ-1249,1249,Server shall support granular SMART scopes for social history,"""Servers providing access to social history data SHALL support these [US Core SMART Scopes]: granular scopes: <patient user system>/Observation.rs?category=http://terminology.hl7.org//CodeSystem-observation-category social-history""",Granular SMART scope support requirement for social history category filtering,Test,Server,SHALL,False,Section 14.143.3.1 - US Core Scopes
REQ-1250,1250,Server shall support patient and category search parameter combination,"""SHALL support searching using the combination of the patient and category search parameters""",Mandatory search parameter combination for patient and category,Test,Server,SHALL,False,Section 14.143.3.2 - Mandatory Search Parameters
REQ-1251,1251,Server shall support patient and code search parameter combination,"""SHALL support searching using the combination of the patient and code search parameters""",Mandatory search parameter combination for patient and code,Test,Server,SHALL,False,Section 14.143.3.2 - Mandatory Search Parameters
REQ-1252,1252,"Server shall support patient, category and date search parameter combination","""SHALL support searching using the combination of the patient and category and date search parameters""","Mandatory search parameter combination for patient, category and date",Test,Server,SHALL,False,Section 14.143.3.2 - Mandatory Search Parameters
REQ-1253,1253,Race extension must include text Text,"""Race and Ethnicity allow for one or more codes of which: [Must Support] at least one category code from the OMB Race and Ethnicity Category Value Sets... SHALL include a text Text""",Complex Extensions for Race and Ethnicity implementation guidance for USCDI Data Elements,Test,Systems implementing US Core Race Extension,SHALL,True,Section 14.149.1 Profile Specific Implementation Guidance
REQ-1254,1254,Certifying Systems must support at least Patient.deceasedDateTime for date of death,"""Although Patient.deceased[x] is marked as ADDITIONAL USCDI, Certifying Systems are not required to support both, but SHALL support at least Patient.deceasedDateTime""",Date of Death USCDI Data Element implementation requirements for health IT certification,Test,Certifying Systems,SHALL,True,Section 14.149.1 Profile Specific Implementation Guidance
REQ-1255,1255,Certifying Server system must support interpreter needed extension on at least one profile,"""Although the extension is marked as an *Additional USCDI Requirement* on both US Core Patient and US Core Encounter Profiles, the certifying Server system is not required to support the extension on both profiles but SHALL support the extension on at least one.""",US Core Interpreter Needed Extension implementation for USCDI requirements,Test,Certifying Server systems,SHALL,True,Section 14.149.1 Profile Specific Implementation Guidance
REQ-1256,1256,Certifying Client application must support interpreter needed extension on both profiles,"""The certifying Client application SHALL support the extension on both profiles.""",US Core Interpreter Needed Extension implementation for USCDI requirements,Test,Certifying Client applications,SHALL,True,Section 14.149.1 Profile Specific Implementation Guidance
REQ-1257,1257,Certifying Systems must follow Project US@ Technical Specification for patient addresses,"""For new and updated records, [Certifying Systems] SHALL and non-Certifying Systems SHOULD follow it as the standard style guide for Patient addresses.""",USCDI Patient Demographics Data Class requires following Project US@ Technical Specification for Patient Addresses Final Version 1.0,Test,Certifying Systems,SHALL,True,Section 14.149.1 Profile Specific Implementation Guidance
REQ-1258,1258,Patient Social Security Numbers should not be used as patient identifier,"""The Patient's Social Security Numbers SHOULD NOT be used as a patient identifier in Patient.identifier.value.""",Security and privacy guidance for patient identifiers due to identity theft risks,Test,Systems implementing US Core Patient Profile,SHOULD NOT,False,Section 14.149.1 Profile Specific Implementation Guidance
REQ-1259,1259,Servers providing patient data must support US Core SMART Scopes,"""Servers providing access to patient data SHALL support these [US Core SMART Scopes]: [resource level scopes]: <patient user system>/Patient.rs""",US Core Scopes requirements for server implementations accessing patient data,Test,Servers providing access to patient data,SHALL,False,Section 14.149.3.1 US Core Scopes
REQ-1260,1260,Must support Patient read by id and Patient search using _id parameter,"""SHALL support both read Patient by id AND Patient search using the [_id] search parameter""",Mandatory Search Parameters for Patient resource access,Test,Systems implementing US Core Patient Profile,SHALL,False,Section 14.149.3.2 Mandatory Search Parameters
REQ-1261,1261,Must support searching patient by identifier,"""SHALL support searching a patient by an identifier such as a MPI using the [identifier] search parameter""",Mandatory Search Parameters for Patient resource access,Test,Systems implementing US Core Patient Profile,SHALL,False,Section 14.149.3.2 Mandatory Search Parameters
REQ-1262,1262,Must support searching patient by name,"""SHALL support searching for a patient by a Server defined search that matches any of the string fields in the HumanName, including family, given, prefix, suffix, and/or text using the [name] search parameter""",Mandatory Search Parameters for Patient resource access,Test,Systems implementing US Core Patient Profile,SHALL,False,Section 14.149.3.2 Mandatory Search Parameters
REQ-1263,1263,Must support searching using combination of birthdate and name parameters,"""SHALL support searching using the combination of the [birthdate] and [name] search parameters""",Mandatory Search Parameters for Patient resource access,Test,Systems implementing US Core Patient Profile,SHALL,False,Section 14.149.3.2 Mandatory Search Parameters
REQ-1264,1264,Servers shall return DocumentReference to patient's current C-CDA CCD when no parameters specified,"""If no parameters are specified, the server SHALL return a DocumentReference to the patient's current C-CDA CCD.""",US Core Fetch DocumentReference operation behavior when invoked without parameters,Test,Server,SHALL,False,Section 14.1.2 Behavior: Operation Definitions
REQ-1265,1265,Servers should return DocumentReference instances for existing documents meeting request parameters,"""Unless the client indicates they are only interested in 'on-demand' documents using the *on-demand* parameter, the server SHOULD return DocumentReference instances for *existing* documents that meet the request parameters""",US Core Fetch DocumentReference operation behavior for existing documents,Test,Server,SHOULD,True,Section 14.1.2 Behavior: Operation Definitions
REQ-1266,1266,Search parameters shall not be used for search operations,"""It SHALL NOT be used as a search parameter for search. Servers and Clients SHOULD use the standard FHIR SearchParameter.""",US Core SearchParameters are defined only to document expectations and use conformance expectation extensions,Test,Servers and Clients,SHALL NOT,False,Section 14.1.3 Behavior: Search Parameters
REQ-1267,1267,Profile elements marked SHALL be present in resources,"""It specifies which core elements, extensions, vocabularies, and value sets SHALL be present and constrains how the elements are used.""",General requirement for US Core profiles constraining FHIR resources,Test,Systems conforming to profiles,SHALL,False,Section 14.1.4 Structures: Resource Profiles
REQ-1268,1268,Server must support at least one of reasonCode or reasonReference,"""Although both are marked as Must Support, Servers are not required to support both a code and a reference, but they SHALL support *at least one* of these elements.""",Profile specific guidance for reason using code with Encounter.reasonCode or reference with Encounter.reasonReference,Test,Server system implementing US Core Encounter Profile,SHALL,True,Section 14.130.1 Profile Specific Implementation Guidance
REQ-1269,1269,Client application must support both reasonCode and reasonReference,"""The Client application SHALL support both elements.""",Profile specific guidance for reason elements in encounter resources,Test,Client application implementing US Core Encounter Profile,SHALL,False,Section 14.130.1 Profile Specific Implementation Guidance
REQ-1270,1270,Encounter.reasonReference to Observation should conform to US Core Observation if applicable,"""If Encounter.reasonReference references an Observation, it SHOULD conform to a US Core Observation if applicable. For example, a laboratory result SHOULD conform to the [US Core Laboratory Result Observation Profile]""",Profile specific guidance for encounter reason references,Test,Server system implementing US Core Encounter Profile,SHOULD,True,Section 14.130.1 Profile Specific Implementation Guidance
REQ-1271,1271,Server must support at least one of location.location or serviceProvider,"""Although both are marked as Must Support, Servers are not required to support both Encounter.location.location and Encounter.serviceProvider, but they SHALL support *at least one* of these elements.""",Profile specific guidance for representing where the encounter occurred,Test,Server system implementing US Core Encounter Profile,SHALL,True,Section 14.130.1 Profile Specific Implementation Guidance
REQ-1272,1272,Client application must support both location.location and serviceProvider,"""The Client application SHALL support both elements.""",Profile specific guidance for location elements in encounter resources,Test,Client application implementing US Core Encounter Profile,SHALL,False,Section 14.130.1 Profile Specific Implementation Guidance
REQ-1273,1273,Systems should reference location directly when event facility differs from encounter location,"""If the event facility/location differs from the Encounter.location, systems SHOULD reference it directly""",Profile specific guidance for resources that indirectly reference location through US Core Encounter,Test,Server system implementing US Core profiles that reference US Core Encounter,SHOULD,True,Section 14.130.1 Profile Specific Implementation Guidance
REQ-1274,1274,Systems shall use location element where available,"""Systems SHALL use the location element for all resources where the element is available.""",Profile specific guidance for resources with location elements,Test,Server system implementing US Core profiles,SHALL,True,Section 14.130.1 Profile Specific Implementation Guidance
REQ-1275,1275,Systems may use Event Location Extension for specific profiles,"""Systems MAY use the standard [Event Location Extension] for US Core DiagnosticReport Profile for Laboratory Results Reporting and US Core Observation Clinical Result Profile.""",Profile specific guidance for location references in specific US Core profiles,Test,Server system implementing US Core DiagnosticReport Profile for Laboratory Results Reporting and US Core Observation Clinical Result Profile,MAY,False,Section 14.130.1 Profile Specific Implementation Guidance
REQ-1276,1276,Systems should designate patient's preferred language,"""Systems SHOULD designate the patient's preferred language in the Patient.communication.preferred element.""",Profile specific guidance for interpreter requirements,Test,Server system implementing US Core profiles,SHOULD,False,Section 14.130.1 Profile Specific Implementation Guidance
REQ-1277,1277,Updates to meta.lastUpdated should reflect new encounters and status changes,"""Updates to .meta.lastUpdated SHOULD reflect: + New encounters/visits + Changes in the status of encounters, including events that trigger the same status (e.g., in-progress → in-progress). These status changes correspond to events that can initiate [HL7 V2] ADT messages.""",Profile specific guidance for using lastUpdated in encounter resources,Test,Server system implementing US Core Encounter Profile,SHOULD,True,Section 14.130.1 Profile Specific Implementation Guidance
REQ-1278,1278,Servers providing encounter data shall support US Core SMART Scopes,"""Servers providing access to encounter data SHALL support these [US Core SMART Scopes]: * [resource level scopes]: <patient user system>/Encounter.rs""",US Core Scopes requirement for servers providing encounter data access,Test,Servers providing access to encounter data,SHALL,False,Section 14.130.3.1 US Core Scopes
REQ-1279,1279,SHALL support read Encounter by id AND Encounter search using _id parameter,"""SHALL support both read Encounter by id AND Encounter search using the [_id] search parameter: GET [base]/Encounter/[id] or GET [base]/Encounter?_id=[id]""",Mandatory search parameters for US Core Encounter Profile,Test,Server system supporting US Core interactions,SHALL,False,Section 14.130.3.2 Mandatory Search Parameters
REQ-1280,1280,SHALL support searching for all encounters for a patient using patient parameter,"""SHALL support searching for all encounters for a patient using the [patient] search parameter: GET [base]/Encounter?patient={Type/}[id]""",Mandatory search parameters for US Core Encounter Profile,Test,Server system supporting US Core interactions,SHALL,False,Section 14.130.3.2 Mandatory Search Parameters
REQ-1281,1281,SHALL support searching using combination of date and patient parameters,"""SHALL support searching using the combination of the [date] and [patient] search parameters: * including support for these date comparators: gt,lt,ge,le * including optional support for *AND* search on date GET [base]/Encounter?date={gt lt ge le}[date]{&date={gt lt ge le}[date]&.}&patient={Type/}[id]""",Mandatory search parameters for US Core Encounter Profile,Test,Server system supporting US Core interactions,SHALL,False,Section 14.130.3.2 Mandatory Search Parameters
REQ-1282,1282,SHOULD support searching for encounter by identifier,"""SHOULD support searching for an encounter by an identifier using the [identifier] search parameter: GET [base]/Encounter?identifier={system }[code]""",Optional search parameters for US Core Encounter Profile,Test,Server system supporting US Core interactions,SHOULD,False,Section 14.130.3.3 Optional Search Parameters
REQ-1283,1283,SHOULD support searching using combination of class and patient parameters,"""SHOULD support searching using the combination of the [class] and [patient] search parameters: GET [base]/Encounter?class={system }[code]&patient={Type/}[id]""",Optional search parameters for US Core Encounter Profile,Test,Server system supporting US Core interactions,SHOULD,False,Section 14.130.3.3 Optional Search Parameters
REQ-1284,1284,SHOULD support searching using combination of patient and type parameters,"""SHOULD support searching using the combination of the [patient] and [type] search parameters: GET [base]/Encounter?patient={Type/}[id]&type={system }[code]""",Optional search parameters for US Core Encounter Profile,Test,Server system supporting US Core interactions,SHOULD,False,Section 14.130.3.3 Optional Search Parameters
REQ-1285,1285,SHOULD support searching using combination of patient and location parameters,"""SHOULD support searching using the combination of the [patient] and [location] search parameters: GET [base]/Encounter?patient={Type/}[id]&location={Type/}[id]""",Optional search parameters for US Core Encounter Profile,Test,Server system supporting US Core interactions,SHOULD,False,Section 14.130.3.3 Optional Search Parameters
REQ-1286,1286,SHOULD support searching using combination of patient and status parameters,"""SHOULD support searching using the combination of the [patient] and [status] search parameters: GET [base]/Encounter?patient={Type/}[id]&status={system }[code]""",Optional search parameters for US Core Encounter Profile,Test,Server system supporting US Core interactions,SHOULD,False,Section 14.130.3.3 Optional Search Parameters
REQ-1287,1287,SHOULD support searching using combination of patient and discharge-disposition parameters,"""SHOULD support searching using the combination of the [patient] and [discharge-disposition] search parameters: GET [base]/Encounter?patient={Type/}[id]&discharge-disposition={system }[code]""",Optional search parameters for US Core Encounter Profile,Test,Server system supporting US Core interactions,SHOULD,False,Section 14.130.3.3 Optional Search Parameters
REQ-1288,1288,SHOULD support searching using combination of patient and _lastUpdated parameters,"""SHOULD support searching using the combination of the [patient] and [_lastUpdated] search parameters: * including support for these _lastUpdated comparators: gt,lt,ge,le * including optional support for *AND* search on _lastUpdated GET [base]/Encounter?patient={Type/}[id]&_lastUpdated={gt lt ge le}[date]{&_lastUpdated={gt lt ge le}[date]&.}""",Optional search parameters for US Core Encounter Profile,Test,Server system supporting US Core interactions,SHOULD,False,Section 14.130.3.3 Optional Search Parameters
REQ-1289,1289,Observation dataAbsentReason SHALL only be present if value is not present,"""dataAbsentReason SHALL only be present if Observation.value[x] is not present (dataAbsentReason.empty() or value.empty())""",Invariant constraint for the US Core Average Blood Pressure Profile Observation resource to ensure proper use of data absent reason,Test,FHIR Implementation,SHALL,False,Section 14.115 - Invariant obs-6
REQ-1290,1290,Value element SHALL NOT be present if code matches component code,"""If Observation.code is the same as an Observation.component.code then the value element associated with the code SHALL NOT be present (value.empty() or component.code.where(coding.intersect(%resource.code.coding).exists()).empty())""",Invariant constraint for the US Core Average Blood Pressure Profile Observation resource to prevent duplication of values,Test,FHIR Implementation,SHALL,False,Section 14.115 - Invariant obs-7
REQ-1291,1291,Observation status codes SHALL be taken from ObservationStatus value set,"""The codes SHALL be taken from ObservationStatus http://hl7.org/fhir/ValueSet/observation-status 4.0.1 (required to http://hl7.org/fhir/ValueSet/observation-status 4.0.1)""",Binding requirement for the status element of US Core Average Blood Pressure Profile Observation,Test,FHIR Implementation,SHALL,False,Section 14.115 - Observation.status binding
REQ-1292,1292,Category system SHALL be http://terminology.hl7.org/CodeSystem/observation-category,"""Fixed Value: http://terminology.hl7.org/CodeSystem/observation-category""",Fixed value requirement for the category coding system in US Core Average Blood Pressure Profile VSCat slice,Test,FHIR Implementation,SHALL,False,Section 14.115 - Observation.category:VSCat.coding.system
REQ-1293,1293,Category code SHALL be vital-signs,"""Fixed Value: vital-signs""",Fixed value requirement for the category coding code in US Core Average Blood Pressure Profile VSCat slice,Test,FHIR Implementation,SHALL,False,Section 14.115 - Observation.category:VSCat.coding.code
REQ-1294,1294,Systolic component code SHALL follow specific LOINC pattern,"""Pattern Value: { \""coding\"" : [{ \""system\"" : \""http://loinc.org\"", \""code\"" : \""96608-5\"" }] }""",Pattern value requirement for systolic component code in US Core Average Blood Pressure Profile,Test,FHIR Implementation,SHALL,False,Section 14.115 - Observation.component:systolic.code
REQ-1295,1295,Systolic component unit system SHALL be http://unitsofmeasure.org,"""Fixed Value: http://unitsofmeasure.org""",Fixed value requirement for systolic component quantity unit system in US Core Average Blood Pressure Profile,Test,FHIR Implementation,SHALL,False,Section 14.115 - Observation.component:systolic.valueQuantity.system
REQ-1296,1296,Systolic component unit code SHALL be mm[Hg],"""Fixed Value: mm[Hg]""",Fixed value requirement for systolic component quantity unit code in US Core Average Blood Pressure Profile,Test,FHIR Implementation,SHALL,False,Section 14.115 - Observation.component:systolic.valueQuantity.code
REQ-1297,1297,Diastolic component code SHALL follow specific LOINC pattern,"""Pattern Value: { \""coding\"" : [{ \""system\"" : \""http://loinc.org\"", \""code\"" : \""96609-3\"" }] }""",Pattern value requirement for diastolic component code in US Core Average Blood Pressure Profile,Test,FHIR Implementation,SHALL,False,Section 14.115 - Observation.component:diastolic.code
REQ-1298,1298,Diastolic component unit system SHALL be http://unitsofmeasure.org,"""Fixed Value: http://unitsofmeasure.org""",Fixed value requirement for diastolic component quantity unit system in US Core Average Blood Pressure Profile,Test,FHIR Implementation,SHALL,False,Section 14.115 - Observation.component:diastolic.valueQuantity.system
REQ-1299,1299,Diastolic component unit code SHALL be mm[Hg],"""Fixed Value: mm[Hg]""",Fixed value requirement for diastolic component quantity unit code in US Core Average Blood Pressure Profile,Test,FHIR Implementation,SHALL,False,Section 14.115 - Observation.component:diastolic.valueQuantity.code
REQ-1300,1300,Component dataAbsentReason codes SHALL be taken from DataAbsentReason value set,"""Unless not suitable, these codes SHALL be taken from DataAbsentReason http://hl7.org/fhir/ValueSet/data-absent-reason (extensible to http://hl7.org/fhir/ValueSet/data-absent-reason)""",Binding requirement for component dataAbsentReason elements in US Core Average Blood Pressure Profile,Test,FHIR Implementation,SHALL,True,Section 14.115 - Observation.component dataAbsentReason binding
REQ-1301,1301,Component value or dataAbsentReason must be present,"""If there is no value a data absent reason must be present (value.exists() or dataAbsentReason.exists())""",Invariant constraint for components in US Core Average Blood Pressure Profile to ensure either value or reason for absence is provided,Test,FHIR Implementation,SHALL,False,Section 14.115 - Invariant us-core-26
REQ-1302,1302,Quantity comparator codes SHALL be taken from QuantityComparator value set,"""The codes SHALL be taken from QuantityComparator http://hl7.org/fhir/ValueSet/quantity-comparator 4.0.1 (required to http://hl7.org/fhir/ValueSet/quantity-comparator 4.0.1)""",Binding requirement for quantity comparator elements in component values,Test,FHIR Implementation,SHALL,True,Section 14.115 - Quantity comparator binding
REQ-1303,1303,MedicationRequest Profile SHALL specify mandatory elements for US Core Data for Interoperability,"""This profile sets minimum expectations for the MedicationRequest resource to record, search, and fetch a patient's medication prescriptions or orders. It specifies which core elements, extensions, vocabularies, and value sets SHALL be present in the resource and constrains how the elements are used.""",US Core MedicationRequest Profile definition establishing baseline requirements for medication prescription/order data exchange in US healthcare systems,Test,Systems implementing US Core MedicationRequest Profile,SHALL,False,Section 14.140 Resource Profile
REQ-1304,1304,Servers SHALL return all active medications following Get All Active Medications guidance,"""Servers SHALL return all active medications following the [Get All Active Medications](medication-list.html#get-all-active-medications) guidance.""",Server system requirements for returning active medication data to support comprehensive medication lists,Test,Server systems,SHALL,False,Section 14.140.1 Profile Specific Implementation Guidance
REQ-1305,1305,"When recording self-prescribed medication, requester SHOULD indicate Patient or RelatedPerson as prescriber","""When recording ""self-prescribed"" medication, requester SHOULD be used to indicate the Patient or RelatedPerson as the prescriber.""",Implementation guidance for representing self-prescribed medications where patient is the prescriber,Test,Systems recording self-prescribed medications,SHOULD,True,Section 14.140.1 Profile Specific Implementation Guidance
REQ-1306,1306,Server systems SHALL support at least one method for representing medication (code or reference),"""The Server systems are not required to support both a code and a reference, but SHALL support *at least one* of these methods.""",Medication representation requirements allowing flexibility between coded medications and Medication resource references,Test,Server systems,SHALL,False,Section 14.140.1 Profile Specific Implementation Guidance
REQ-1307,1307,Client applications SHALL support all methods for medication representation,"""The Client application SHALL support all methods.""",Client system requirements for handling both coded medications and Medication resource references,Test,Client applications,SHALL,False,Section 14.140.1 Profile Specific Implementation Guidance
REQ-1308,1308,Server SHALL support _include parameter when using external Medication resource reference,"""If an external reference to a Medication resource is used, the Server SHALL support the [_include](http://hl7.org/fhir/R4/search.html#include) parameter for searching this element.""",Search capability requirements for external Medication resource references to enable comprehensive data retrieval,Test,Server systems,SHALL,True,Section 14.140.1 Profile Specific Implementation Guidance
REQ-1309,1309,Server system SHALL support at least one of reportedBoolean or reportedReference elements,"""Although both are marked as Must Support, the Server system is not required to support both, but SHALL support at least one of these elements.""",Requirements for representing secondary source information using either boolean flag or reference approach,Test,Server systems,SHALL,False,Section 14.140.1 Profile Specific Implementation Guidance
REQ-1310,1310,Client application SHALL support both reportedBoolean and reportedReference elements,"""The Client application SHALL support both elements.""",Client system requirements for handling both approaches to representing secondary source information,Test,Client applications,SHALL,False,Section 14.140.1 Profile Specific Implementation Guidance
REQ-1311,1311,Certifying server system SHALL support at least one of reasonCode or reasonReference for USCDI requirements,"""Although both MedicationRequest.reasonCode and MedicationRequest.reasonReference are marked as Additional USCDI Requirements. The certifying Server system is not required to support both, but SHALL support at least one of these elements.""",USCDI certification requirements for representing medication prescription reasons using either coded values or references,Test,Certifying server systems,SHALL,False,Section 14.140.1 Profile Specific Implementation Guidance
REQ-1312,1312,Certifying client application SHALL support both reasonCode and reasonReference elements,"""The certifying Client application SHALL support both elements.""",Client system certification requirements for handling both approaches to representing medication reasons,Test,Certifying client applications,SHALL,False,Section 14.140.1 Profile Specific Implementation Guidance
REQ-1313,1313,Servers SHALL support at least one target resource in reasonReference,"""Servers SHALL support *at least one* target resource in MedicationRequest.reasonReference.""",Server requirements for supporting referenced resources when using reasonReference element,Test,Server systems,SHALL,True,Section 14.140.1 Profile Specific Implementation Guidance
REQ-1314,1314,Clients SHALL support all target resources in reasonReference,"""Clients SHALL support all target resources in MedicationRequest.reasonReference.""",Client system requirements for handling all possible target resource types in reasonReference,Test,Client systems,SHALL,True,Section 14.140.1 Profile Specific Implementation Guidance
REQ-1315,1315,Referenced resources SHOULD be US Core Profiles,"""The referenced resources SHOULD be a US Core Profile as documented in [Referencing US Core Profiles](general-guidance.html#referencing-us-core-profiles).""",Interoperability recommendation for using consistent US Core profiles when referencing other resources,Test,Systems creating references,SHOULD,True,Section 14.140.1 Profile Specific Implementation Guidance
REQ-1316,1316,Source EHR identifiers SHOULD be included for deduplication support,"""Source EHR identifiers SHOULD be included to support deduplication across MedicationRequest resources.""",Data quality recommendation for including source system identifiers to help client applications identify duplicate records,Test,Source systems,SHOULD,False,Section 14.140.1 Profile Specific Implementation Guidance
REQ-1317,1317,Value SHALL contain exactly one Physical Quantity value,"""SHALL contain exactly one [1.1] value with @xsi:type=\""PQ\"" (CONF:7305)""",Requirement for observation value to be expressed as exactly one physical quantity measurement,Test,Implementation systems,SHALL,False,Section 14.157 - Observation.value[x]:valueQuantity requirements
REQ-1318,1318,Quantity system SHALL be UCUM,"""The identification of the system that provides the coded form of the unit. Fixed Value http://unitsofmeasure.org""",Fixed value requirement for unit system to ensure standardized UCUM units for measurements,Test,Implementation systems,SHALL,False,Section 14.157 - Observation.value[x]:valueQuantity.system
REQ-1319,1319,Quantity code SHALL be percentage,"""A computer processable form of the unit in some unit representation system. Fixed Value %""",Fixed value requirement for pulse oximetry measurement unit as percentage,Test,Implementation systems,SHALL,False,Section 14.157 - Observation.value[x]:valueQuantity.code
REQ-1320,1320,Component value or dataAbsentReason must be present,"""If there is no a value a data absent reason must be present (value.exists() or dataAbsentReason.exists())""",Constraint ensuring each component observation has either a measured value or documented reason for absence,Test,Implementation systems,SHALL,False,Section 14.157 - Invariant vs-3
REQ-1321,1321,FlowRate component system SHALL be UCUM,"""The identification of the system that provides the coded form of the unit. Fixed Value http://unitsofmeasure.org""",Fixed value requirement for flow rate component unit system to ensure standardized UCUM units,Test,Implementation systems,SHALL,True,Section 14.157 - Observation.component:FlowRate.value[x].system
REQ-1322,1322,FlowRate component code SHALL be L/min,"""A computer processable form of the unit in some unit representation system. Fixed Value L/min""",Fixed value requirement for flow rate component unit as liters per minute,Test,Implementation systems,SHALL,True,Section 14.157 - Observation.component:FlowRate.value[x].code
REQ-1323,1323,Concentration component system SHALL be UCUM,"""The identification of the system that provides the coded form of the unit. Fixed Value http://unitsofmeasure.org""",Fixed value requirement for concentration component unit system to ensure standardized UCUM units,Test,Implementation systems,SHALL,True,Section 14.157 - Observation.component:Concentration.value[x].system
REQ-1324,1324,Concentration component code SHALL be percentage,"""A computer processable form of the unit in some unit representation system. Fixed Value %""",Fixed value requirement for concentration component unit as percentage,Test,Implementation systems,SHALL,True,Section 14.157 - Observation.component:Concentration.value[x].code
REQ-1325,1325,Effective datetime SHALL be precise to the day when present,"""if Observation.effective[x] is dateTime and has a value then that value shall be precise to the day ($this is dateTime implies $this.toString().length() >= 10)""",Constraint ensuring datetime precision for vital signs observations to support proper temporal tracking,Test,Implementation systems,SHALL,True,Section 14.157 - Invariant vs-1
REQ-1326,1326,Blood pressure observations SHALL use LOINC code 85354-9 for the main observation,"""a fixed code for systolic and diastolic blood pressure panel"" where ""code"" element SHALL have coding with system ""http://loinc.org"" and code ""85354-9""",US Core Blood Pressure Profile requires specific LOINC codes to ensure standardized representation of blood pressure measurements across healthcare systems,Test,Systems implementing US Core Blood Pressure Profile,SHALL,False,Section 14.116.1 Mandatory and Must Support Data Elements
REQ-1327,1327,Systolic blood pressure component SHALL use LOINC code 8480-6,"""a fixed component code for systolic blood pressure"" where systolic component code SHALL have coding with system ""http://loinc.org"" and code ""8480-6""",US Core Blood Pressure Profile requires specific LOINC codes for blood pressure components to ensure interoperability,Test,Systems implementing US Core Blood Pressure Profile,SHALL,False,Section 14.116.1 Mandatory and Must Support Data Elements
REQ-1328,1328,Diastolic blood pressure component SHALL use LOINC code 8462-4,"""a fixed component code for diastolic blood pressure"" where diastolic component code SHALL have coding with system ""http://loinc.org"" and code ""8462-4""",US Core Blood Pressure Profile requires specific LOINC codes for blood pressure components to ensure interoperability,Test,Systems implementing US Core Blood Pressure Profile,SHALL,False,Section 14.116.1 Mandatory and Must Support Data Elements
REQ-1329,1329,Blood pressure observations SHALL include observation without systolic or diastolic result value with data absent reason,"""an Observation without a systolic or diastolic result value, SHALL include a reason why the data is absent in Observation.component.dataAbsentReason""","When blood pressure values cannot be obtained, systems must indicate why the data is missing to maintain data integrity",Test,Systems implementing US Core Blood Pressure Profile,SHALL,True,Section 14.116.1 Profile Specific Implementation Guidance
REQ-1330,1330,All Server systems SHALL support component dataAbsentReason,"""*All Server systems* - including those that never provide a component observation without a value - SHALL support Observation.component.dataAbsentReason for the components""",Server systems must be capable of handling data absent reasons for blood pressure components regardless of their typical implementation patterns,Test,All Server systems implementing US Core Blood Pressure Profile,SHALL,False,Section 14.116.1 Profile Specific Implementation Guidance
REQ-1331,1331,Blood pressure observation value element SHOULD be omitted when using components,"""the Observation.value[x] element SHOULD be omitted"" when ""blood pressure values are communicated in the *mandatory* systolic and diastolic components""",To avoid redundancy and ensure proper data structure when blood pressure is represented through systolic and diastolic components,Test,Systems implementing US Core Blood Pressure Profile,SHOULD,True,Section 14.116.1 Profile Specific Implementation Guidance
REQ-1332,1332,Servers providing vital signs data SHALL support US Core SMART Scopes,"""Servers providing access to vital signs data SHALL support these [US Core SMART Scopes]"" including resource level scopes and granular scopes",SMART on FHIR authorization framework requires specific scope support for accessing vital signs data including blood pressure,Test,Servers providing vital signs data access,SHALL,False,Section 14.116.3.1 US Core Scopes
REQ-1333,1333,Servers SHALL support patient and category search parameter combination,"""SHALL support searching using the combination of the [patient] and [category] search parameters""",Mandatory search capability to retrieve vital signs observations by patient and category for clinical workflows,Test,Servers implementing US Core Blood Pressure Profile,SHALL,False,Section 14.116.3.2 Mandatory Search Parameters
REQ-1334,1334,Servers SHALL support patient and code search parameter combination,"""SHALL support searching using the combination of the [patient] and [code] search parameters""",Mandatory search capability to retrieve specific observations by patient and observation code,Test,Servers implementing US Core Blood Pressure Profile,SHALL,False,Section 14.116.3.2 Mandatory Search Parameters
REQ-1335,1335,"Servers SHALL support patient, category and date search parameter combination","""SHALL support searching using the combination of the [patient] and [category] and [date] search parameters"" including support for date comparators",Mandatory search capability to retrieve vital signs observations within specific time periods for clinical analysis,Test,Servers implementing US Core Blood Pressure Profile,SHALL,False,Section 14.116.3.2 Mandatory Search Parameters
REQ-1336,1336,CareTeam status search parameter must have SHOULD conformance expectation for compositeOR,"""Change CareTeam status search parameter compositeOR expectation to SHOULD""",Search parameter requirements for US Core CareTeam Profile to specify proper conformance levels for composite search operations,Test,Server systems implementing US Core CareTeam Profile,SHOULD,False,FHIR-29768
REQ-1337,1337,Procedure and Condition code bindings must be extensible rather than required,"""Remove required binding on procedure and condition""",Value set binding requirements for US Core Procedure and Condition profiles to allow for additional codes beyond the specified value sets,Test,Server systems implementing US Core Procedure Profile and US Core Condition Profile,SHALL,False,FHIR-30109
REQ-1338,1338,DocumentReference content must support choice of data or url,"""Update DocumentReference MustSupport to choice of data or url""","US Core DocumentReference Profile must support requirements for content attachment, allowing either embedded data or URL reference",Test,Server systems implementing US Core DocumentReference Profile,SHALL,False,FHIR-30111
REQ-1339,1339,Servers must support HTTP POST-based searches,"""Add guidance on 'POST based search'""",RESTful search capabilities for US Core implementations to support alternative search methods beyond GET requests,Test,Server systems implementing US Core,SHALL,False,FHIR-31585
REQ-1340,1340,CapabilityStatement must reference US Core implementation guide,"""Mandate that CapabilityStatement.instantiates refer to US Core""",Server capability statements must explicitly declare conformance to US Core implementation guide,Test,Server systems implementing US Core,SHALL,False,FHIR-30889
REQ-1341,1341,Multiple codings must be supported for vital signs observations,"""clarify use of additional codings""",US Core Vital Signs Profile requirements to support multiple coding systems for vital sign measurements,Test,Server systems implementing US Core Vital Signs Profile,SHALL,False,FHIR-30354
REQ-1342,1342,Servers must support searching for multiple patients using bulk data operations,"""Clarify resource search requirements CapabilityStatements and provide guidance on search for multiple patients using Bulk data""",Search capabilities for US Core implementations to handle multi-patient queries through bulk data access patterns,Test,Server systems implementing US Core,SHALL,True,FHIR-30787
REQ-1343,1343,US Core Pulse Oximetry Profile SHALL define mandatory data elements,"""which additional core elements, extensions, vocabularies, and value sets SHALL be present in the resource and constrains how the elements are used""",The US Core Pulse Oximetry Profile inherits from the US Core Vital Signs Profile and sets minimum expectations for pulse oximetry observations,Test,Implementation systems,SHALL,False,Section 14.157 Resource Profile
REQ-1344,1344,Observation without value SHALL include data absent reason,"""An Observation without a value, SHALL include a reason why the data is absent unless there are 1) component observations, or 2) reporting panel observations using Observation.hasMember""",Required behavior when observation value is missing but observation exists,Test,Implementation systems,SHALL,True,Section 14.157 Profile Specific Implementation Guidance
REQ-1345,1345,Component observation without value SHALL include data absent reason,"""An Observation.component without a value, SHALL include a reason why the data is absent""",Required behavior when component observation value is missing,Test,Implementation systems,SHALL,True,Section 14.157 Profile Specific Implementation Guidance
REQ-1346,1346,Room air SHOULD be represented as zero flow rate,"""The concept of 'room air' (unmodified, ambient air) SHOULD be represented as an inhaled oxygen flow rate of 0 liters/min""",Standard representation for pulse oximetry readings taken while patient is breathing room air,Test,Implementation systems,SHOULD,False,Section 14.157 Profile Specific Implementation Guidance
REQ-1347,1347,Inspired oxygen component observations SHOULD be used,"""To remove this uncertainty, the inspired oxygen component observations SHOULD be used""","When pulse oximetry reading does not include inspired oxygen component observations, it may imply room air or omitted reading",Test,Implementation systems,SHOULD,False,Section 14.157 Profile Specific Implementation Guidance
REQ-1348,1348,"SHOULD support patient, category and status search combination","""SHOULD support searching using the combination of the patient and category and status search parameters""",Optional search parameter support for finding vital signs observations by status,Test,FHIR servers,SHOULD,False,Section 14.157.3.3 Optional Search Parameters
REQ-1349,1349,"SHOULD support patient, category and _lastUpdated search combination","""SHOULD support searching using the combination of the patient and category and _lastUpdated search parameters""",Optional search parameter support for finding recently updated vital signs observations,Test,FHIR servers,SHOULD,False,Section 14.157.3.3 Optional Search Parameters
REQ-1350,1350,"SHOULD support patient, code and date search combination","""SHOULD support searching using the combination of the patient and code and date search parameters""",Optional search parameter support for finding observations by code within date ranges,Test,FHIR servers,SHOULD,False,Section 14.157.3.3 Optional Search Parameters
